date_reviewed,reviewer,study_id,study_metadata,country_origin,organ_focus,dataset_source,study_start_year,study_end_year,target_population,total_sample_size,mean_age,female_sex_pct,primary_ml_component,study_design,ai_architecture,algorithm_name,input_modalities,comparator,validation_method,missing_data_handling,code_availability,training_size,test_size,target_outcome,model_auc,model_accuracy,model_sensitivity,model_specificity,calibration_reported,DatasetName,DatasetOther,section1_comments,section2_comments,section3_comments,section4_comments,section5_comments,qa_participants_bias,qa_participants_quotes,qa_participants_comments,qa_predictors_bias,qa_predictors_quotes,qa_predictors_comments,qa_outcome_bias,qa_outcome_quotes,qa_outcome_comments,qa_analysis_bias,qa_analysis_quotes,qa_analysis_comments,qa_applicability,qa_applicability_quotes,qa_applicability_comments,funding_source,coi_declared,race_ethnicity_reported,comorbidities_included,explainability_used,feature_selection,hyperparameter_tuning,class_imbalance,preprocessing_described,model_ppv,model_npv,model_f1,dca_reported,review_duration_seconds,model_auc_lower_ci,model_auc_upper_ci,model_auc_se,linear_model_auc,linear_model_auc_lower_ci,linear_model_auc_upper_ci,linear_model_auc_se
3/6/26 16:04,Johan,Adedinsewo et al. - 2023 - Non-invasive detection of cardiac allograft rejection among heart transplant recipients using an ele,"Non-invasive detection of cardiac allograft rejection among heart transplant recipients using an electrocardiogram based deep learning model
Adedinsewo, D. et al.
EUROPEAN HEART JOURNAL - DIGITAL HEALTH / 2023",USA,Heart,Single Center,2010,2024,Transplant Candidates (Waitlist),NR,NR,NR,Yes,Retrospective Cohort,Convolutional Neural Network (CNN),NR,NR,Human expert/Clinician,Internal Split (Train/Test),Complete Case Analysis (Excluded),Yes,NR,NR,5-year survival,NR,NR,NR,NR,Yes,,,,,,,,,,,,,,,,,,,,,,,,,,,,,,,,,,,,NR,NR,NR,NR,NR,NR,NR,NR
3/6/26 18:48,Johan,Zhou-2021-Prediction of 1-year mortality after,"Prediction of 1-year mortality after heart transplantation using machine learning approaches: A single-center study from China
Zhou, Y. et al.
Int J Cardiol / 2021",USA,Heart,Single Center,2010,2024,Transplant Candidates (Waitlist),NR,NR,NR,Yes,Retrospective Cohort,Convolutional Neural Network (CNN),NR,NR,Human expert/Clinician,Internal Split (Train/Test),Complete Case Analysis (Excluded),Yes,NR,NR,NR,NR,NR,NR,NR,Yes,,,,,,,,,,,,,,,,,,,,,,,,,,,,,,,,,,,,NR,NR,NR,NR,NR,NR,NR,NR
3/7/26 7:13,Johan,Ding-2025-Discover important donor-recipient r,"Discover important donor-recipient risk factors and interactions in heart transplant primary graft dysfunction with machine learning
Ding, S. et al.
J Am Med Inform Assoc / 2025",USA,Heart,Single Center,2010,2024,Transplant Candidates (Waitlist),NR,NR,NR,Yes,Retrospective Cohort,Convolutional Neural Network (CNN),NR,NR,Human expert/Clinician,Internal Split (Train/Test),Simple Imputation (Mean/Median),Yes,NR,NR,NR,NR,NR,NR,NR,Yes,,,,,,,,,,,,,,,,,,,,,,,,,,,,,,,,,,,,NR,NR,NR,NR,NR,NR,NR,NR
3/13/26 15:47,Johan2,Hickey et al. - 2023 - Long-Term outcomes in adult patients with congenital heart disease considered for transplantation A,"Long-Term outcomes in adult patients with congenital heart disease considered for transplantation: A single center study
Hickey, G. et al.
Clin Transplant / 2023",USA,Heart,Single Center,2010,2024,Transplant Candidates (Waitlist),NR,NR,NR,Yes,Retrospective Cohort,Convolutional Neural Network (CNN),NR,NR,Human expert/Clinician,Internal Split (Train/Test),Complete Case Analysis (Excluded),Yes,NR,NR,NR,NR,NR,NR,NR,Yes,,,,,,,,,,,,,,,,,,,,,,,,,,,,,,,,,,,,NR,NR,NR,NR,NR,NR,NR,NR
4/8/26 15:05,Johan Nilsson,01_Adedinsewo et al. - 2023 - Non-invasive detection of cardiac allograft rejection among heart transplant recipients using an ele,"Non-invasive detection of cardiac allograft rejection among heart transplant recipients using an electrocardiogram based deep learning model
Adedinsewo, D. et al.
EUROPEAN HEART JOURNAL - DIGITAL HEALTH / 2023",USA,Heart,Multi-center,1998,2021,Transplant Recipients (Post-op),1427,58.3,28.9,Yes,Other,Convolutional Neural Network (CNN),AI-ECG,Waveforms/Signals (ECG),Standard Clinical Guidelines,Internal Split (Train/Test),Complete Case Analysis (Excluded),No,1146,140,Acute Rejection,0.84,0.53,95,52.6,No,Not Applicable / Not Reported,,"The study included heart transplant recipients “at three Mayo Clinic US sites” and retrospectively identified patients “between January 1988 and April 2021.” The paper states support from NIH in the article end matter and includes an explicit disclosures/conflict statement section, so COI declaration was present. The data source was three Mayo Clinic sites rather than a registry.  ","The final retrospective study sample was “1427 unique heart transplant recipients and 7590 unique ECG-biopsy pairs.” Table 1 reports median age at last biopsy 58.3 years and female sex 28.9%, so mean age was not reported. Race/ethnicity and post-transplant comorbid conditions such as hypertension, diabetes, peripheral vascular disease, cerebrovascular disease, cancer, and connective tissue disease were reported in Table 1.  ","The paper says it “initially conducted a retrospective cohort study,” then a prospective proof-of-concept study after model development. The model was “a convolutional neural-network model” using the “12-lead ECG signal as input.” The retrospective data were split into training/validation/test sets. Figure 2 describes the architecture, and the paper states the best model was chosen after “a randomized hyperparameter search over optimizer, learning rates, class weights, batch size, and regularization.” The comparator was not a single clinical rule or human reader; the paper compares against standard ECG variables alone, which had inferior AUC 0.579.  ","Missing-data handling was not described for model inputs. Class imbalance was addressed at least in part because the hyperparameter search included “class weights.” Preprocessing was described: ECGs were digital 12-lead recordings at 500 Hz, and the model input was a “12 by 5000 array,” with random noise and translation layers. The paper does not report code release. The training and test sets contained “6074/758 unique ECG-biopsy pairs,” respectively.","Allograft rejection was defined as “moderate or severe acute cellular rejection (ACR).” On the held-out test set, the AI-ECG achieved “AUC of 0.84 (95% CI: 0.78–0.90),” sensitivity 95%, specificity 52.6%, PPV 5.1%, and NPV 99.7% using threshold 0.4. The prospective proof-of-concept study showed AUC 0.78 and sensitivity 100%, but the prompt asks for held-out test/validation-set metrics, so the primary extracted model performance is from the retrospective test set. Figure 3 shows the ROC curve, and Figure 4 shows subgroup AUC performance; performance was better within 7 days of biopsy (0.87) than >7 days (0.77). Calibration and DCA were not reported.  ",High Risk,,"This was a retrospective study from “three Mayo Clinic US sites,” and patients were restricted to those with digital ECGs and EMBs within 30 days, which may limit representativeness and introduce selection bias.  ",Low Risk,,"Predictors were standardized 12-lead ECG waveforms acquired at 500 Hz and recorded before EMB, so the predictor measurement process was objective and clinically plausible. ",Low Risk,,"ACR was defined using ISHLT criteria, and the final classification groups were “reviewed and approved by a cardiovascular pathologist and transplant cardiologist.” ",Unclear,,"Strengths include patient-level partitioning, held-out testing, and hyperparameter search, but uncertainty remains because missing-data handling for clinical variables was not described, clustering was simplified by assuming repeated EMB independence, and no calibration analysis was reported.",Low Concern,,Table 1 for demographics/comorbidities; Table 2 for ECG characteristics; Figure 1 for study flow; Figure 2 for CNN model architecture; Figure 3 for ROC performance; and Figure 4 for subgroup performance.  ,Government/Public,No (Declared no COI),Yes,Yes,No,Manual/Clinical expertise,Yes,"Yes (e.g., SMOTE, weighted loss)",Yes,5.1,99.7,NR,No,NR,NR,NR,NR,NR,NR,NR,NR
4/8/26 15:05,Johan Nilsson,02_Agasthi et al. - 2020 - Machine learning helps predict long-term mortality and graft failure in patients undergoing heart tr,"Machine learning helps predict long-term mortality and graft failure in patients undergoing heart transplant
Agasthi, P. et al.
Gen Thorac Cardiovasc Surg / 2020",Multi-national,Heart,International Registry,2005,2009,Transplant Recipients (Post-op),15236,NR,NR,Yes,Retrospective Cohort,Gradient Boosting (XGBoost/LightGBM),Gradient-boosted machine (GBM),Tabular (EMR/Clinical data),"Linear Risk Score (e.g., LAS, EuroSCORE)",Internal Split (Train/Test),Other,No,12189,3047,5-year survival,0.717,NR,NR,NR,No,ISHLT Registry,,"The data source was the “ISHLT Registry,” described as including “223 centers in 18 countries,” making this an international registry study. The modeling cohort was restricted to OHTs “outside the window 2005–2009” being excluded, and the paper states, “Funding No funding was available” and “The authors have no conflict of interest to declare.”","The final study population included “15,236 OHT patients.” The article states continuous variables were summarized by mean/SD and categorical variables by count/percent, but the retrieved article text does not report an overall cohort table with mean age or female percentage in the main paper. Clinical history and transplant variables were included among the 342 initial variables and 87 modeled variables, including functional status, inotrope use, creatinine, bilirubin, graft function at discharge, and immunosuppressive therapy. ","The paper describes a retrospective registry cohort and states that endpoints were evaluated “using the gradient-boosted machine (GBM) algorithm.” The dataset was split into “training cohort” 80% and “validation cohort” 20%, with “tenfold cross-validation repeated 5 times” used within training to tune hyperparameters. Feature selection was automated by removing variables with >50% missingness and near-zero variance, with recoding of sparse categories, resulting in 87 variables for modeling. No explicit clinical-rule comparator was tested in the main analysis.","Missingness was handled primarily by excluding variables with more than 50% missingness and filtering out patients missing survival/graft-failure time; blank categorical categories were recoded to “No” or equivalent, but no imputation was reported. Preprocessing steps were described, including exclusion filters, recoding, and near-zero-variance removal. The 80/20 split implies approximately 12,189 training and 3,047 validation/holdout patients from 15,236 total. The paper does not report code availability, and no class imbalance method was described.","The two primary endpoints were “all cause mortality and graft failure at 5 years after OHT.” Figure 1 and the Results report AUC 0.717 (95% CI 0.696–0.737) for 5-year mortality and 0.716 (95% CI 0.696–0.736) for graft failure. The user asked for tables and figures, and Figure 2 shows subgroup ROC analyses: graft-failure prediction was significantly better when recipient age was >60 years, and mortality prediction trended better when ischemic time was >4 hours. Although the methods say sensitivity, specificity, PPV, and NPV were provided, these numerical values were not present in the retrieved main-article text, so they are NR. Calibration and DCA were not reported. ",Low Risk,,"The cohort came from the ISHLT international registry with “223 centers in 18 countries,” which reduces single-center selection bias, although eligibility restrictions were applied.",High Risk,,"The model included both pre- and post-transplant variables, including “hospital length of stay,” “graft function at discharge,” and discharge immunosuppression, which limits interpretability for purely pre-transplant risk prediction and creates predictor-timing concerns.  ",Low Risk,,"The primary outcomes were explicitly defined as “all cause mortality and graft failure at 5 years after OHT,” and graft failure was further defined using the ISHLT reporting definition. ",High Risk,,"The analysis treated each endpoint as a binary outcome and “time-to-event was not taken into account,” and patients lost to follow-up before year 5 were treated as not having had the event, which is a substantial risk of bias.",Low Concern,,"This article directly studies machine learning for heart transplant outcomes using donor-recipient and transplant variables, which is closely aligned with the review question.  ",,No (Declared no COI),No,Yes,No,"Automated (e.g., LASSO, Stepwise)",Yes,No,Yes,NR,NR,NR,No,NR,NR,NR,NR,NR,NR,NR,NR
4/8/26 15:07,Johan Nilsson,03_Ahady Dolatsara-2020-A two-stage machine learn,"A two-stage machine learning framework to predict heart transplantation survival probabilities over time with a monotonic probability constraint
Ahady Dolatsara, H. et al.
Decision Support Systems / 2020",USA,Heart,National Registry,1987,2016,Transplant Candidates (Waitlist),103570,NR,NR,Yes,Retrospective Cohort,Ensemble,Two-stage framework with Stage I ML models and Stage II isotonic regression; selected implementation reported in main results: UP-LASSO-logistic regression,Tabular (EMR/Clinical data),Other,Internal Split (Train/Test),Simple Imputation (Mean/Median),Yes,0,0,1-year survival,0.702,62.7,75.2,53.3,Yes,SRTR (Scientific Registry of Transplant Recipients),,"The paper states, “Our UNOS dataset covered 103,570 heart transplant events up to and including September 30, 2016,” and the registry/process described are explicitly U.S.-based through UNOS. Funding was supported “in part by the Ohio Supercomputer Center” and the “National Science Foundation,” and the paper declares “Declaration of Competing Interest None.”"," The main article reports a UNOS dataset of “103,570 heart transplant events,” but because censoring was applied separately at each time point, the effective sample size varies by prediction horizon. The paper does not report an overall mean age, female proportion, or race/ethnicity summary in the retrieved main-text tables/figures. Clinical history and transplant factors were included among the 494 variables and engineered features used for modeling. ","Stage I examined seven algorithms: “LR, LDA, ANN, CART, SVM, RF and XGB,” along with variable selection methods including “fast feature selection, LASSO, and random forests,” and the paper reports holdout performance for the “UP-LASSO-logistic regression implementation.” Stage II applied isotonic regression to calibrate survival probabilities over month 1 and years 1–10 so they are monotonically decreasing. Figure 3 summarizes this workflow. The framework used internal training/holdout evaluation plus 5-fold cross-validation for model selection. ","Missing data were handled through a structured cleaning strategy rather than a single standard method: variables with high missingness were removed, and the authors compared models with no imputation versus median/mode imputation; categorical missingness could also be imputed as “unknown.” Class imbalance was explicitly addressed with several subsampling methods: “none, DOWN, UP, SMOTE and ROSE.” Data preprocessing was described in detail, including removal of intra/post-transplant variables, censoring rules, engineered features, regrouping categorical levels, and encoding choices. Code availability was stronger than a simple yes/no because the paper states that “our code, analysis and results are detailed in an R Markdown document” and also provides a public web app; however, algorithm weights were not reported. Exact training/test N for the selected final model at each time point were not provided in the retrieved text.","The target outcome was multi-period post-transplant survival probability at month 1 and years 1–10 rather than a single fixed endpoint. Table 4 reports holdout performance for the selected UP-LASSO-logistic regression model: AUC rose from 0.608 at month 1 to 0.702 at year 10; year-10 accuracy was 0.627, sensitivity 0.752, and specificity 0.533. Figure 7 presents observed-versus-forecast survival probabilities after isotonic regression, so calibration was reported graphically. Table 5 shows isotonic regression slightly improved AUC at all time points. No PPV, NPV, F1-score, or DCA were reported. Since the prompt asks for the test/validation set, I used the holdout results from Table 4; the single numeric AUC field here is the year-10 holdout AUC of 0.702, while the article reports a range across time points. ",Low Risk,,"The study used a large national UNOS registry with 103,570 heart transplant events, which lowers single-center selection bias, although censoring varied by time point. ",Low Risk,,"The authors intentionally removed intra- and post-transplant variables in the main prediction framework, keeping a pre-operative decision-support orientation, and also engineered clinically motivated donor-recipient features",Low Risk,,"The survival outcome at each time point was explicitly coded using G-TIME and G-STATUS, with censoring rules clearly described for whether the recipient was alive or dead at the time point of interest.  ",Unclear,,"trengths include extensive preprocessing, class-imbalance handling, multiple algorithms, cross-validation, holdout testing, and post hoc monotonic calibration; however, the very large analytic design space and time-point-specific censoring introduce complexity and possible instability, and exact final training/test sample sizes per horizon were not clearly reported in the retrieved text.  ",Low Concern,,This article directly concerns AI/ML for heart transplant outcome prediction using donor-recipient pre-operative variables and is highly aligned with the review question. ,Government/Public,No (Declared no COI),Yes,Yes,No,"Automated (e.g., LASSO, Stepwise)",Yes,"Yes (e.g., SMOTE, weighted loss)",Yes,NR,NR,NR,No,NR,NR,NR,NR,NR,NR,NR,NR
4/8/26 15:07,Johan Nilsson,04_Ayers et al. - 2021 - Using machine learning to improve survival prediction after heart transplantation,"Using machine learning to improve survival prediction after
heart transplantation. Brian Ayers. et al. Journal of Cardiac Surgery / 2021",USA,Heart,National Registry,2000,2019,Transplant Candidates (Waitlist),33657,52.8,25,Yes,Retrospective Cohort,Ensemble,"Final ensemble ML model combining deep neural network, logistic regression, AdaBoost, and random forest",Tabular (EMR/Clinical data),"Linear Risk Score (e.g., LAS, EuroSCORE)",Internal Split (Train/Test),Simple Imputation (Mean/Median),No,26926,6731,1-year survival,0.764,NR,NR,NR,No,SRTR (Scientific Registry of Transplant Recipients),,"The study used the “United Network for Organ Sharing (UNOS) registry” and included adult patients undergoing OHT “between 2000 and 2019.” A disclosures section was present, listing industry relationships for several authors, so COI was declared. I did not identify a funding statement in the retrieved article text, so funding is marked Not Reported.","The study included “33,657 OHT patients,” and “the majority of study participants were male (75%) with an average age of 52.8 ± 12.4 years,” implying female sex 25%. Table 1 reports race as White 70% and includes multiple clinical-history/support variables such as prior cardiac surgery, dialysis, ventilator, ICU, inotropes, ECMO, IABP, LVAD/RVAD/TAH, bilirubin, creatinine, and waitlist time. ","The paper describes a “retrospective study” using UNOS data with patients split into training (80%) and validation (20%) sets. The final model was an ensemble of four algorithm classes: deep neural network, logistic regression, AdaBoost, and random forest, built from 400 total models. Inputs were preoperative donor and recipient registry variables. The main explicit comparator in reported results was a “singular logistic regression,” which best fits the review option of a linear risk-score comparator rather than human expert/guideline. Feature selection combined clinician review and random-forest importance, producing 47 final variables. The paper does not describe SHAP/LIME-style explainability or an explicit hyperparameter-tuning process.  ","Missing continuous data were imputed with the median and categorical data with the mode. Class imbalance was addressed using “over-sampling (SVM Smote) and under-sampling (Repeated Edited Nearest Neighbors).” Preprocessing was clearly described, including exclusion of non-preoperative variables, clinician review, grouping sparse categories, one-hot encoding, and standardization of continuous variables. The paper states models were trained in Python using Keras/Tensorflow but does not provide code release, so code availability is No. Table 1 gives training n=26,926 and validation n=6,731.","The primary outcome was “1-year post-transplant survival,” with 1-year mortality 11% (n=3738). In the validation cohort, AUROCs were 0.649 for logistic regression, 0.691 for random forest, 0.691 for deep neural network, 0.653 for AdaBoost, and 0.764 for the final ensemble ML model. The ensemble improved predictive performance by 72.9% ± 3.8% by NRI and had better DCA across the full risk spectrum. Calibration was evaluated visually by plotting predicted versus observed risk by decile. The paper did not report accuracy, PPV, sensitivity, specificity, NPV, or F1-score numerically in the retrieved text.  ",Low Risk,,"The study used a large national UNOS registry cohort of 33,657 patients, which reduces single-center selection bias, although exclusions for prior transplant, multiorgan transplant, age <18, and incomplete 1-year survival were applied. ",Low Risk,,"The authors explicitly excluded variables that “would not be available in the preoperative setting,” which supports appropriate predictor timing for clinical use. ",Low Risk,,"The primary outcome was clearly defined as “1-year post-transplant survival,” and Figure 1 classified patients as alive vs dead at one year.",Unclear,,"Strengths include a separate validation cohort, resampling for imbalance, multiple algorithms, AUROC/NRI/DCA evaluation, and calibration assessment. However, there was no external validation cohort, and the authors acknowledge this as a limitation.  ",Low Concern,,"This article directly studies machine learning for heart-transplant survival prediction using donor-recipient preoperative variables, matching the review question closely. ",Not Reported,No (Declared no COI),Yes,Yes,No,"Automated (e.g., LASSO, Stepwise)",No,"Yes (e.g., SMOTE, weighted loss)",Yes,NR,NR,NR,Yes,NR,NR,NR,NR,NR,NR,NR,NR
4/8/26 15:07,Johan Nilsson,05_Barbosa et al. - 2018 - Machine Learning Algorithms Utilizing Quantitative CT Features May Predict Eventual Onset of Bronchi,"Machine Learning Algorithms Utilizing Quantitative CT Features May Predict Eventual Onset of Bronchiolitis Obliterans Syndrome After Lung Transplantation
Barbosa, Jr., E. J. M. et al.
Acad Radiol / 2018",USA,Lung,Single Center,2018,2018,Transplant Candidates (Waitlist),71,57,25.4,Yes,Retrospective Cohort,Support Vector Machine (SVM),Support vector machine with radial basis function kernel,Imaging (CT/CXR/Echo),Other,Other,Complete Case Analysis (Excluded),No,32,9,Chronic Lung Allograft Dysfunction (CLAD incl. BOS),NR,85,0,0,No,Not Applicable / Not Reported,,"The patient cohort came from a local IRB-approved retrospective study and the lead academic clinical site was the University of Pennsylvania; the article states that data were selected retrospectively and transferred “to an outside facility for computational imaging analysis,” which supports a single-center clinical source with external image processing. I did not identify an explicit funding or COI statement in the retrieved article text. Calendar study years were not reported; only follow-up intervals after transplant were provided.  ","Table 1 states there were 71 subjects total, with 41 BOS and 30 non-BOS, and the text reports 53 men and 18 women with mean age 57 years. Female sex is therefore 18/71 = 25.4%. Race/ethnicity was not reported. Clinical background was reported through pretransplant diagnoses including idiopathic pulmonary fibrosis, COPD, cystic fibrosis, alpha-1-antitrypsin deficiency, and other.  ","The article explicitly says the scans were analyzed retrospectively and that “supervised ML with support vector machines (SVMs) was used.” The model used significant qCT features derived from Student t tests, and a “radial basis functional kernel with default tuning parameters was used.” Inputs were qCT/FRI imaging features from paired inspiratory-expiratory CT scans. The main comparator was not another clinical model but rather baseline clinical/PFT variables, which the paper states could not significantly distinguish BOS from non-BOS at baseline. Validation used repeated random train-test partitions (90/10 for 1D and 2D, 80/20 for 3D), so “Other” is the most exact category.","For the baseline prediction cohort, “patients with missing values for certain regional parameters… were not included,” which is best classified as complete case analysis. Class imbalance handling such as weighting, oversampling, or SMOTE was not reported. Data preprocessing was described extensively: CT segmentation, central/distal airway definitions, lung/lobar volume extraction, and computational fluid dynamics-based resistance calculation. The paper reports train-test ratios, but because the absolute sample counts vary across repeated random partitions and dimensions, exact training and test N are NR. Code availability was not reported.  ","The clinical outcome was eventual BOS after lung transplant, which is the obstructive phenotype of chronic lung allograft dysfunction, so the closest restricted category is CLAD. Table 5 reports the best 3-feature SVM classification accuracy as 85%, using RML lobe volume at TLC, RUL airway resistance at FRC, and central airway surface at FRC. One-feature accuracy reached 76%, and the best two-feature model reached 83%. The paper did not report AUC, sensitivity, specificity, PPV, NPV, F1-score, calibration, or DCA. Figure 7 summarized significant baseline qCT predictors, and Figure 8 showed that baseline FEV1 and FEV1 percent predicted were not significant predictors of future BOS.",High Risk,,"This was a small retrospective cohort of 71 patients selected using several imaging and data-availability criteria, and only 41 patients were eligible for the baseline prediction analysis because incomplete datasets were excluded. ",Low Risk,,Predictors were objective qCT/FRI imaging biomarkers extracted from paired inspiratory-expiratory CT scans with standardized segmentation and computational methods. ,Low Risk,,"BOS was defined using standard clinical criteria requiring a sustained decline of at least 10% in FEV1 from best baseline postoperative measurement, and BOS status was reviewed clinically by a board-certified pulmonologist.  ",High Risk,,"The study used a very small baseline prediction sample, selected features using univariate testing before SVM modeling, used default SVM tuning parameters, and reported repeated random split accuracies without an external validation cohort.",Low Concern,,"This article directly addresses AI/ML prediction in thoracic transplantation, specifically lung transplant recipients and later BOS/CLAD development using imaging biomarkers.",Not Reported,Not Reported,No,Yes,No,"Automated (e.g., LASSO, Stepwise)",No,NR,Yes,NR,NR,NR,No,NR,NR,NR,NR,NR,NR,NR,NR
4/8/26 15:07,Johan Nilsson,06_Brahmbhatt-2022-The lung allocation score and,"The lung allocation score and other available models lack predictive accuracy for post-lung transplant survival
Brahmbhatt, J. M. et al.
J Heart Lung Transplant / 2022",USA,Lung,National Registry,2005,2017,Transplant Recipients (Post-op),19900,55.1,40.7,Yes,Retrospective Cohort,Random Forest,"LASSO regression, Random Forests, and the Chan et al. (2019) model.",Tabular (EMR/Clinical data),"Linear Risk Score (e.g., LAS, EuroSCORE)",Internal Split (Train/Test),Simple Imputation (Mean/Median),Not Reported,16915,2985,1-year survival,0.62,NR,76,44,Yes,SRTR (Scientific Registry of Transplant Recipients),,"The study used the “United Network for Organ Sharing database (2005-2017)” and included adults receiving their first lung transplant between “May 1, 2005, and May 1, 2017.” The registry is a U.S. national dataset. "," The cohort included “19,900 adults who received their first LTx between May 1, 2005, and May 1, 2017.” Table 1 reports age means of 55.1 and 56.5 years in the two 1-year outcome groups; the weighted overall mean is about 55.3 years. Female sex is reported separately by outcome group (41% vs 37%) rather than as one overall cohort percentage in the retrieved text, so I marked the single overall female percentage as NR rather than infer it. Table 1 also reports race and multiple clinical variables, including diabetes, dialysis, steroid use, mechanical ventilation, BMI, GFR, bilirubin, creatinine, oxygen requirement, pulmonary arterial pressure, and diagnosis.  ","This was a retrospective cohort study comparing five models: LAS, Chan et al., a clinician logistic model with 27 a priori covariates, LASSO, and Random Forests. Because the paper centers on evaluating machine-learning approaches alongside existing risk scores, the primary ML component is Yes. The machine-learning architectures explicitly reported were LASSO and Random Forests. Inputs were pre-transplant recipient covariates from UNOS, with donor covariates added in secondary analyses. The main comparators were LAS and Chan’s risk score, both best categorized here as linear risk-score comparators. The validation approach used an 85% development set and 15% validation set. No SHAP/LIME-type interpretability or hyperparameter-tuning details were reported in the retrieved tex","The paper states that “for binary and categorical variables, patients with missing measurements were grouped into their own category” and “missing measurements for continuous variables were estimated using mean imputation,” so this is best classified as simple imputation. I found no mention of resampling, weighting, or other imbalance handling. Preprocessing/model-building details were described, including a priori variable selection for the clinician model and alternative ML approaches. Code availability was not reported. The development/validation split was 85%/15%, which corresponds to approximately 16,915 training and 2,985 validation patients from 19,900 total. ","The modeled outcome was “death or re-transplant within the indicated timeframe,” primarily at 1 year and secondarily at 3 years, so the closest allowed label is Other. Figure 1 and the Results state that all 1-year models had low AUCs ranging from 0.55 to 0.62. The paper also states that all models had NPV 0.87-0.90 and PPV <0.25, but the retrieved text does not provide model-specific numeric PPV/NPV/sensitivity/specificity values for a single chosen model, so I leave those fields NR rather than guess. Calibration was clearly reported through calibration slopes and Figures 2, 4, and 5. DCA was not reported. The LAS post-transplant survival measure had calibration slope 0.38 (95% CI 0.03-0.73), indicating overestimation of mortality risk",Low Risk,,"This was a large national UNOS registry cohort including 19,900 adult first lung transplant recipients, reducing single-center selection bias, although patients lost to follow-up were excluded.",Low Risk,,"The models were based on pre-transplant covariates from UNOS, and donor covariates were tested separately in secondary analyses, which is appropriate for allocation-related prediction.",Low Risk,,"The study explicitly used “death or re-transplant within the indicated timeframe” as the modeled outcome, which is clearly defined.",Unclear,,"Strengths include a held-out validation set, calibration analysis, and multiple comparative models; concerns include mean imputation, exclusion of patients lost to follow-up, limited details on tuning, and persistently poor discrimination across all models.",Low Concern,,"This article directly studies prediction modeling, including machine learning, for lung transplant post-transplant survival using national recipient data.  ",Government/Public,No (Declared no COI),Yes,Yes,No,"Automated (e.g., LASSO, Stepwise)",Not Reported,No,Yes,24,89,NR,No,NR,NR,NR,NR,NR,NR,NR,NR
3/20/26 11:44,test,Adedinsewo et al. - 2023 - Non-invasive detection of cardiac allograft rejection among heart transplant recipients using an ele,"Non-invasive detection of cardiac allograft rejection among heart transplant recipients using an electrocardiogram based deep learning model
Adedinsewo, D. et al.
EUROPEAN HEART JOURNAL - DIGITAL HEALTH / 2023",USA,Heart,Single Center,2010,2024,Transplant Candidates (Waitlist),NR,NR,NR,Yes,Retrospective Cohort,Convolutional Neural Network (CNN),NR,NR,Human expert/Clinician,Internal Split (Train/Test),Complete Case Analysis (Excluded),Yes,NR,NR,1-year survival,NR,NR,NR,NR,Yes,ISHLT Registry,,,,,,,,,,,,,,,,,,,,,,,,,,,,,,,,,,,NR,NR,NR,NR,NR,NR,NR,NR
4/8/26 15:08,Johan Nilsson,07_Chang-2025-Patterns of Left Ventricular Region,"Patterns of Left Ventricular Regional Wall Motion Abnormalities After Brain Death and Their Clinical Significance
Chang, A. J. et al.
JACC Heart Fail / 2025",USA,Heart,Multi-center,2015,2020,Donors,913,34.3,42.6,Yes,Prospective Cohort,Unsupervised Learning (Clustering),k-means clustering,Imaging (CT/CXR/Echo),,Other,Complete Case Analysis (Excluded),No,0,0,Donor acceptance for transplantation,NR,NR,NR,NR,No,Other Registry,Donar Heart Study (DHS),"The study was the “Donor Heart Study,” coordinated at Stanford and “conducted at 8 organ procurement organizations across the United States,” so the data origin was U.S. multicenter rather than a registry. Funding was from the “National Institutes of Health (NIH)/National Heart, Lung, and Blood Institute (R01 HL125303),” and the authors stated that they had “no relationships relevant to the contents of this paper to disclose.” Specific calendar start and end years for donor enrollment were not reported in the retrieved text."," Although the Donor Heart Study enrolled 4,333 potential heart donors, “the final analytical cohort included 913 initial TTEs.” Table 1 reports mean age 34.3 years and female sex 42.6% for the analytical cohort, and also reports race/ethnicity plus medical-history variables including hypertension, diabetes mellitus, tobacco use, Public Health Service risk status, and cause of death.","The paper states that the Donor Heart Study was a “5-year multicenter observational prospective cohort study.” The machine-learning method was unsupervised “k-means clustering,” using all 17 segment-level wall motion scores from transthoracic echocardiography to identify RWMA phenotypes. The number of clusters was chosen using the cubic clustering criterion, but no held-out validation, SHAP/LIME-style interpretability method, or hyperparameter-tuning procedure was reported.","The analysis excluded donors without adequate initial TTE quality and then excluded 70 outliers after cluster analysis, which is most consistent with complete case analysis plus exclusions rather than imputation. Class imbalance handling was not relevant because this was unsupervised phenotyping rather than a binary classifier. Data preprocessing was described: only donors with RWMA on initial TTE entered clustering, 17 segment-specific WMS values were used, 8 preliminary clusters were generated and then consolidated into 4 clinically plausible phenotypes, and 70 outliers were excluded. Code availability was not reported. ","This was not a supervised prediction model with held-out discrimination metrics. Instead, the clinically relevant outcomes associated with the RWMA phenotypes were donor-heart acceptance, changes in LVEF/WMSI on follow-up TTE, and recipient survival after transplantation. Table 1 reports donor-heart acceptance was highest in FBS (68.2%), and recipient 2-year survival among transplanted hearts was similar across phenotypes. Figure 3 shows all phenotypes improved in LVEF on second echocardiogram. Because no AUC, accuracy, PPV, sensitivity, specificity, NPV, F1-score, calibration, or DCA were reported for a predictive model, those fields are NR/No.",High Risk,,"The final analysis was restricted from 4,333 enrolled donors to 913 initial TTEs with RWMA and complete pre- and post-transplant data, and 70 outliers were additionally excluded after clustering, which may introduce selection bias.",Low Risk,,"The clustering inputs were standardized echocardiographic wall motion scores for all 17 LV segments, interpreted by a blinded expert core reviewer, which supports objective predictor assessment. ",Low Risk,,Clinical outcomes (acceptance and survival) are objective endpoints verified through registry and clinical records.,High Risk,,"The analysis used unsupervised clustering followed by investigator consolidation into 4 clinically plausible phenotypes and exclusion of outliers, without external validation or a separate test set, which raises concern about stability and reproducibility of the phenotypes. ",Low Concern,,"The article directly involves machine learning in the cardiac transplant donor setting and evaluates clinically important transplantation outcomes, so it is relevant to a thoracic organ transplantation AI review.",Government/Public,No (Declared no COI),Yes,Yes,No,None/All features,Not Reported,Not Applicable/Not Reported,Yes,NR,NR,NR,No,NR,NR,NR,NR,NR,NR,NR,NR
4/8/26 15:08,Johan Nilsson,08_Chao et al. - 2024 - Improving prognostic accuracy in lung transplantation using unique features of isolated human lung r,"Lung Transplantation Advanced Prediction Tool: Determining Recipient's Outcome for a Certain Donor
Zafar, F. et al.
Transplantation / 2022",Other,Lung,Single Center,2008,2022,Organ (ex-vivo perfusion),650,NR,NR,Yes,Retrospective Cohort,Convolutional Neural Network (CNN),InsighTx (augmented with computer vision),"Tabular (EMR/Clinical data), Imaging (CT/CXR/Echo)",Other,External Validation (Temporal),Complete Case Analysis (Excluded),Yes,520,130,Donor acceptance for transplantation,0.94,78,79,NR,Not Reported,Not Applicable / Not Reported,,"The cohort came from “Clinical EVLP cases performed from 2008 to 2022 at Toronto General Hospital,” which makes this a single-center study rather than a registry. The country is not one of the prompt’s fixed options, so “Other” is the closest fit. I did not identify an explicit funding or COI statement in the retrieved text.  ","The study included “n = 650 clinical EVLP cases” and “n = 1300 radiographs.” The analysis was centered on isolated donor lungs on EVLP rather than recipient cohorts or waitlist candidates. No overall age, sex, or race/ethnicity summary was reported in the retrieved text. Donor information was correlated with principal components, but the excerpt does not clearly establish a structured comorbidity/history table, so that item is best marked Unclear.","The paper used CNNs including “ResNet-50, ResNeXt-50, RexNet-100, EfficientNet-B2, EfficientNet-B3, and DenseNet-121,” with the best model being CADLab-pretrained ResNet-50. The image-analysis task used EVLP radiographs, while the multimodal stage combined image PCs with physiological and biological EVLP data in an XGBoost-based “InsighTx” model. Comparator performance was reported against manually labeled radiographic scores rather than a clinical rule or human decision-maker directly. The cohort was split “temporally” 80:20, with training from 2008-2020 and validation from 2020-2022, which is best categorized as external temporal. Explainability was present via Grad-CAM and “Shapley Additive explanation values.” The extracted text does not describe explicit hyperparameter tuning.","Missing-data handling was not described in the retrieved text. I found no statement about class weighting, oversampling, or imbalance correction. Data processing was described in detail, including temporal image pairing at 1 h and 3 h, pretraining/fine-tuning, latent-feature extraction, PC analysis, Grad-CAM, and multimodal fusion with tabular EVLP data. The EVLP case split was 80:20 into training “n = 520” and validation “n = 130.” Code availability is best marked “Other” because the paper states that source code and data are being worked toward and that the authors will make best efforts for access, but the data are not publicly available.  ","The modeled outcome was a 3-class donor-lung endpoint: “(1) recipient time to extubation of <72 h, (2) ≥72 h, and (3) lungs unsuitable for transplantation,” so the closest fixed category is Other. For the multimodal model, Table 2 reports improved performance from 73 ± 5% to 78 ± 4% accuracy and from 88 ± 2% to 94 ± 2% AUROC after adding radiographic PCs. The paper also states that both “precision (73% vs. 64%)” and “recall (79% vs. 72%)” improved significantly with image PCs added. Table 1 reports that the imaging-only CNN achieved 62.7 ± 1.8% accuracy and 76.1 ± 1.2% AUROC, while the best validation-set donor-lung outcome classification for ResNet-50 was 66.9% accuracy with AUROC 78.4%. Calibration and DCA were not reported.",Unclear,,"The study included all bilateral EVLP cases with both 1 h and 3 h radiographs from a single center, which is systematic but still narrow and potentially selective relative to all donor lungs. ",Low Risk,,"The main predictors were objective EVLP radiographs processed by a standardized CNN pipeline, and the multimodal model added structured physiological and biological EVLP parameters.",Low Risk,,"The 3 outcome classes were explicitly defined in the Methods as transplanted lungs with recipient ventilation <72 h, transplanted lungs with recipient ventilation ≥72 h, and lungs unsuitable for transplant.",Unclear,,"Strengths include temporal validation, comparison against manual radiographic labels, latent-feature interpretation, and multimodal testing; however, missing-data handling and tuning details were not reported in the retrieved text, and the XGBoost multimodal stage was developed on a subset of 115 validation-cohort cases. ",Low Concern,,"This paper directly applies AI to thoracic organ transplantation, specifically donor-lung assessment and transplant-related outcome prediction during EVLP. ",Government/Public,Not Reported,No,Unclear,"Yes (e.g., SHAP, LIME)","Automated (e.g., LASSO, Stepwise)",No,No,Yes,73,NR,NR,Not Reported,NR,NR,NR,NR,NR,NR,NR,NR
4/8/26 15:08,Johan Nilsson,09_Choshi-2025-Long short-term memory algorithm f,"Long short-term memory algorithm for personalized tacrolimus dosing: A simple and effective time series forecasting approach post-lung transplantation
Choshi, H. et al.
J Heart Lung Transplant / 2025",Asia,Lung,Single Center,2011,2023,Transplant Recipients (Post-op),117,NR,NR,Yes,Retrospective Cohort,Recurrent Neural Network (RNN/LSTM),Multivariate 3-step long short-term memory (LSTM) model,Tabular (EMR/Clinical data),,Internal Split (Train/Test),Simple Imputation (Mean/Median),No,93,12,Other,NR,88.5,NR,NR,No,Not Applicable / Not Reported,,"The study was conducted at “a single center, Okayama University Hospital” in Japan. Figure 1 shows lung transplant recipients from “Apr. 2011 - May 2023,” with the study cohort for model development spanning “Apr. 2011 - Mar. 2022” and the simulation cohort “Apr. 2022 - May. 2023.” I did not identify an explicit funding or COI statement in the retrieved text","The model-development cohort included “117 cases,” with an additional 6 later cases reserved for simulation testing. The retrieved text does not report overall age, sex, or race/ethnicity. Clinical and perioperative history variables were included among the 36 collected factors, including age, sex, height, weight, procedure, operation time, cardiopulmonary bypass, ECMO/CHDF period, POD, azole antifungals, and multiple laboratory values.  ","The paper states that “a multivariate long short-term memory algorithm was applied to forecast subsequent TTLs,” and Figure 2 shows a “multivariate 3-step” LSTM. The input data were tabular clinical variables from routine care. SHAP was used to identify influential features and guide input selection. Within the 117-case study cohort, 80%, 10%, and 10% were randomly assigned to training, validation, and test datasets. The final model did not use an explicit comparator model; rather, different input combinations were compared by MSE. Explicit hyperparameter tuning was not reported in the retrieved text.","The first 117 cases were split into training dataset n=93, validation dataset n=12, and test dataset n=12, as shown in Figure 1. Data preprocessing was described in detail: intravenous dose was multiplied by 6, all clinical data were standardized using Z-score normalization, and missing prior time points for the 3-step LSTM were filled with cohort mean values plus an imputation flag. Class imbalance is not applicable because this is a regression/forecasting task rather than class prediction. Code availability was not reported.  ","The target was next-step tacrolimus trough level forecasting, so the closest category is Other. The final model predicted TTLs “within 30% of the actual values for 88.5% of time points,” and within 20% for 74.3%. Figure 5a showed a positive predicted-vs-actual relationship, with test-set R² = 0.67. Figure 5b showed better accuracy later after transplant, and Figure 5c showed similar performance for intravenous and oral administration routes. Standard classification metrics such as AUC, PPV, sensitivity, specificity, NPV, F1-score, calibration, and DCA were not reported because this was a forecasting/regression-style model",High Risk,,"This was a retrospective single-center study with 117 development cases and 6 later simulation cases, after exclusions for short administration periods, infants <10 kg, and an outlier case. ",Low Risk,,"The final model intentionally used only routine tacrolimus-related time-series factors—dose, route, and previous TTL—which are objective and readily available in practice.  ",Low Risk,,"The predicted outcome was clearly defined as the subsequent measured tacrolimus trough level, obtained in routine monitoring using a specified assay method. ",Low Risk,,"Strengths include explicit train/validation/test splitting, SHAP-guided feature selection, and separate simulation cases, but the study was small, single-center, and lacked external multicenter validation.",Low Concern,,"This paper directly applies AI to a clinically important management problem after lung transplantation, namely tacrolimus dose-to-trough prediction.  ",Not Reported,No (Declared no COI),No,Yes,"Yes (e.g., SHAP, LIME)","Automated (e.g., LASSO, Stepwise)",Not Reported,No,Yes,NR,NR,NR,No,NR,NR,NR,NR,NR,NR,NR,NR
4/8/26 15:34,Johan Nilsson,10_Dalton-2023-Refining the Lung Allocation Score,"Refining the Lung Allocation Score Models Fails to Improve Discrimination Performance
Dalton, J. E. et al.
Chest / 2023",USA,Lung,Multi-center,2010,2020,Transplant Candidates (Waitlist),13204,NR,41,Yes,Retrospective Cohort,Ensemble,"WL-LAS/CAS, PT-CAS, re-estimated Cox models, cubic-spline Cox model, random survival forest, logistic model, linear discriminant analysis, gradient-boosted tree",Tabular (EMR/Clinical data),"Linear Risk Score (e.g., LAS, EuroSCORE)",Cross-Validation (k-fold),Multiple Imputation,No,NR,NR,Waitlist mortality,0.93,NR,NR,NR,No,SRTR (Scientific Registry of Transplant Recipients),,"The paper used “Scientific Registry for Transplant Recipients (SRTR) data from 2015-2020” for waitlist models and “data from 2010-2020” for post-transplant models. Because SRTR is the U.S. national transplant registry, this is a U.S. national registry study. I did not identify an explicit funding or conflict-of-interest statement in the retrieved text. Updated.","The waitlist analysis included “13,204 candidates,” and the post-transplant analysis included “20,763 adult transplant recipients.” Table 1 reports female sex as 41% in the baseline waitlist cohort. Race/ethnicity was reported, and multiple clinical factors were included, such as diagnosis group, 6-minute walk distance, respiratory support, pulmonary arterial pressure, oxygen use, creatinine, BMI, bilirubin, insurance, and education. A single overall mean age for the full analytic cohorts was not reported in the retrieved text.","The study compared seven models for each outcome: current LAS/CAS Cox models, updated Cox models, nonlinear spline-enhanced Cox models, random survival forests, logistic models, linear discriminant analysis, and gradient-boosted trees. The main comparators were the current LAS/CAS survival models, which are linear risk-score models. The data were “randomly partitioned into 10 training and test samples for cross-validation.” Predictors came from SRTR candidate/recipient tabular data available at allocation. The retrieved text did not report SHAP/LIME-style interpretability or explicit hyperparameter tuning.","The Methods state that the authors used “multiple imputation to account for missing predictor data,” and inverse probability-of-censoring weighting to address informative censoring due to transplant. They also describe reconciliation of relisted patients and construction of residual cohorts. The study used repeated cross-validation folds rather than one fixed train/test split, so exact training and test counts are NR. Code availability was not reported in the retrieved text. Class-imbalance handling was not described.","The primary outcomes were waitlist death or removal as too sick, and post-transplant death or retransplantation. For waitlist models, discrimination was strongest in the baseline cohort, with AUC about 0.92-0.93 at 1 month, declining to about 0.87-0.89 at 3 months and 0.84-0.85 at 6 months. For post-transplant models, discrimination remained poor across models, generally “0.58-0.61,” including at 1, 3, and 5 years. Figure 1 shows subgroup AUC patterns, especially worse variability among Medicaid patients. Because the paper centers on AUC/C-statistic-style discrimination across many models and time horizons rather than a single deployed model, and because the prompt asks for held-out test/validation metrics, I leave the single numeric AUC field as NR rather than choose one arbitrary value. Calibration and DCA were not reported in the retrieved text.",Low Risk,,"The study used large national SRTR cohorts of waitlist candidates and transplant recipients in the United States, which reduces center-level selection bias, although exclusions for missing key variables were applied.",Low Risk,,"Predictors were derived from SRTR variables available at allocation or cohort time points, consistent with the clinical use case for LAS/CAS modeling.",Low Risk,,"The outcomes were clearly defined as time from waitlist placement to death or removal as too sick, and time from transplant to death or retransplantation. ",Unclear,,"Strengths include TRIPOD-aligned internal validation, 10-fold cross-validation, multiple imputation, inverse probability-of-censoring weighting, and comparison of several model classes; however, only internal validation was performed and post-transplant discrimination remained poor across all models.",Low Concern,,"This article directly evaluates machine-learning and alternative modeling approaches for lung transplant allocation-related prediction, making it highly relevant to the review question. ",Government/Public,No (Declared no COI),Yes,Yes,No,Manual/Clinical expertise,Not Reported,Not Applicable/Not Reported,Yes,NR,NR,NR,No,NR,NR,NR,NR,NR,NR,NR,NR
4/8/26 15:09,Johan Nilsson,11_Davalos-Yerovi et al. - 2024 - Factors Influencing the Attrition Rate of a 10-Week Multimodal Rehabilitation Program in Patients Af,"Factors Influencing the Attrition Rate of a 10-Week Multimodal Rehabilitation Program in Patients After Lung Transplant: A Neural Network Analysis
Davalos-Yerovi, V. et al.
Healthcare (Basel) / 2024",Europe,Lung,Single Center,2022,2023,Transplant Recipients (Post-op),41,55.8,46.3,Yes,Prospective Cohort,"Artificial Neural Networks (ANN, MLP, NN)",Artificial neural network (ANN) using the nnet function,Tabular (EMR/Clinical data),Not Reported,Not Reported,Not Reported,No,44,18,Other,NR,0,NR,NR,No,Not Applicable / Not Reported,,"The study was conducted in “a tertiary university hospital in Barcelona (Catalonia, Spain)” and “took place between January 2022 and September 2023,” which supports Europe and single-center classification. I did not identify an explicit funding or conflict-of-interest statement in the retrieved text.","The Results state: “Of the 41 patients referred to the multimodal rehabilitation program (mean age of 55.8 [SD 9.7] years; 22 men).” This implies 19 women, or 46.3%. Table 1 reports comorbidity and clinical-history-related variables including Charlson Comorbidity Index, transplant indication, malnutrition, sarcopenia, muscle strength, exercise capacity, and quality of life. Race/ethnicity was not reported.","The paper explicitly states this was a “prospective observational study” and that “an ANN and regression analysis were used.” The ANN was implemented in R using the nnet package, with “30 neurons, a decay of 0.001, ‘tanh’ activator, and linear output relationships,” so architecture details were reported. Garson’s algorithm was used to quantify variable contribution and select variables with relative importance >0.5 for subsequent regression, which supports both explainability and automated feature selection. No explicit train/validation/test split or cross-validation was reported.","The primary analysis used “23 common baseline variables that were complete (with no missing data points) for all participants,” which is best classified as complete case analysis. Data preprocessing was described: variables were defined by type, attrition classes were encoded as 1/2/3, numeric and ordinal variables were rescaled between −1 and +1, and categorical variables were dummy coded. I found no mention of class-imbalance handling and no released code repository; only function names and package details were provided. Because a separate training/test split was not reported, training and test sample sizes are NR.","The primary outcome was attrition rate in the rehabilitation program, classified as low (<5% missing data), medium (5–10%), or high (>10%), so the closest allowed category is Other. The article reports significance of factors associated with attrition rather than conventional predictive metrics such as AUC or accuracy. Table 2 shows significant variables: low age-dependent BMI (p = 7.08 × 10−5), end-stage respiratory disease requiring LT (p = 0.000111), EQ-5D VAS (p = 0.0009078), low handgrip strength by Mediterranean reference values (p = 0.0230351), and low handgrip strength by EWGSOP2 cutoffs (p = 0.0455796). No calibration or DCA was reported.",High Risk,,"The study included only 41 patients from a single center, all referred to one rehabilitation program, which limits representativeness and creates substantial selection risk. ",Unclear,,"Baseline predictors were clinically relevant, but only the 23 variables with no missing data were analyzed in the ANN, so potentially important factors were excluded.",Low Risk,,"""Attrition was defined as patients who failed to complete the 10-week MR program,"" a clear and objective binary outcome.",High Risk,,"The ANN was trained on a very small sample without a reported holdout validation set, and the authors note that including all variables in regression led to overfitting and/or multicollinearity.",Low Concern,,"This article directly concerns AI use in lung-transplant recipient care, specifically rehabilitation-program attrition after transplantation.  ",,No (Declared no COI),No,Yes,"Yes (e.g., SHAP, LIME)","Automated (e.g., LASSO, Stepwise)",Yes,No,Yes,NR,NR,NR,No,NR,NR,NR,NR,NR,NR,NR,NR
4/8/26 15:10,Johan Nilsson,12_Ding-2025-Discover important donor-recipient r,"Discover important donor-recipient risk factors and interactions in heart transplant primary graft dysfunction with machine learning
Ding, S. et al.
J Am Med Inform Assoc / 2025",USA,Heart,Multi-center,1987,2023,Transplant Recipients (Post-op),8008,52,29.2,Yes,Retrospective Cohort,"Artificial Neural Networks (ANN, MLP, NN)",Multi-layer Perceptron (MLP),Tabular (EMR/Clinical data),"Linear Risk Score (e.g., LAS, EuroSCORE)",Cross-Validation (k-fold),Algorithm handles natively,Not Reported,NR,NR,Primary Graft Dysfunction (PGD),0.868,NR,NR,NR,No,SRTR (Scientific Registry of Transplant Recipients),,"The paper used the “United Network for Organ Sharing (UNOS) database,” which includes U.S. transplant data “since October 1, 1987,” and the selected cohort covered “1987-2018.” Funding was “partially supported by NIH [1OT2OD032581-02-999],” and the article states, “There is nothing to declare.”","The Results report “8008 patients,” with “2146 patients (26.8%)” diagnosed with PGD. Table 1 reports recipient sex, race, BMI, blood type, donor demographics, and Table 2 reports medical history, hemodynamics, lab tests, life support, and operative variables. Recipient age was reported as median (IQR), not mean, so mean age is NR.","he study describes a retrospective ML workflow using UNOS data and states, “we implement and apply a multi-layer perceptron (MLP).” It compares MLP with logistic regression, GBDT, decision tree, LightGBM, and SVM. The paper reports “5-fold cross-validation.” For explainability it uses “Integrated Gradient CITE” to compute feature attributions and interactions. Feature selection relied on “expert’s domain knowledge” plus exclusion of features with >40% missingness, with additional engineered donor-recipient pair variables. Explicit hyperparameter tuning was not described in the retrieved text.","Missing data were handled with “the kNN imputer,” which is best classified as Other. Preprocessing is described: categorical variables were encoded numerically, patients with multiple transplants during the index hospitalization were excluded, features with >40% missingness were filtered, and donor-recipient pair features were generated. The paper notes AUPRC is useful when PGD and non-PGD sizes differ, but no reweighting or resampling method was reported. Code availability was not stated. Exact fold-specific train/test counts were not reported.","The outcome was PGD after heart transplantation. Table 3 reports the best model, MLP, with AUROC 0.868 ± 0.006 and AUPRC 0.794 ± 0.015. Figure 2 shows ROC and PRC curves across 5 folds, with ROC AUCs around 0.86-0.87 and PRC AUCs around 0.76-0.80. The paper does not report accuracy, PPV, sensitivity, specificity, NPV, F1-score, calibration, or DCA.",Low Risk,,"The cohort came from the national UNOS database and included 8008 heart transplant recipients, reducing single-center bias, although exclusions were applied for multiple transplants during the index hospitalization. ",Low Risk,,"Predictor domains were clearly described in Tables 1-2 and included recipient, donor, operative, pair, and life-support variables available around transplantation; no obvious post-outcome leakage is described in the retrieved text.",Unclear,,"The paper states that y indicates “the diagnosis of PGD after a heart transplant,” but the retrieved excerpt does not provide a full operational definition or ascertainment algorithm within the Methods.",Unclear,,"Strengths include multiple model comparisons, kNN imputation, 5-fold cross-validation, and explainability analyses, but uncertainty remains because hyperparameter tuning, calibration, and exact split sizes were not reported.",Low Concern,,This study directly addresses AI/ML for heart transplant PGD prediction using donor-recipient variables and is closely aligned with the review question.  ,Government/Public,No (Declared no COI),Yes,Yes,"Yes (e.g., SHAP, LIME)",Manual/Clinical expertise,No,No,Yes,NR,NR,NR,No,NR,NR,NR,NR,NR,NR,NR,NR
4/8/26 16:42,Johan Nilsson,13_Duenas-Jurado et al. - 2021 - New models for donor-recipient matching in lung transplantations,"New models for donor-recipient matching in lung transplantations
Duenas-Jurado, J. M. et al.
PLoS One / 2021",Europe,Lung,Single Center,1993,2016,Transplant Candidates (Waitlist),404,NR,NR,Yes,Retrospective Cohort,"Artificial Neural Networks (ANN, MLP, NN)", LRIPU (logistic regression using initial covariates and product units); EPUNN (evolutionary product unit neural network),Tabular (EMR/Clinical data),"Linear Risk Score (e.g., LAS, EuroSCORE)",Not Reported,Not Reported,No,NR,NR,6-month survival,NR,NR,NR,NR,No,Not Applicable / Not Reported,,"The paper states that it analyzed “404 lung transplants carried out at the Reina Sofía University Hospital (Córdoba, Spain) over 23 years,” and the database covered “October 1993, up until January 2016.” Funding came from the “Spanish Ministry of Economy and Competitiveness (MINECO), and FEDER funds (EU),” and the authors declared “no competing interests exist.”","The study database contained “404 lung transplant patients.” Recipient variables in Table 1 included sex, age, diagnosis group, pre-transplant status, pre-transplant gas exchange and spirometry, and transplant-type variables, but the paper did not provide one overall mean age or female percentage for the whole cohort, and race/ethnicity was not reported","The authors describe “a retrospective analysis,” combining “logistic regression (LR) with a special type of neural network,” specifically EPUNN, yielding the hybrid LRIPU model. Inputs were donor, recipient, intraoperative, and postoperative clinical variables listed in Table 1. The paper states the model exceeded “classical statistical methods,” but it does not report a clear external or internal validation framework or explicit hyperparameter tuning procedure.","The paper reports that “categorical variables were transformed into binary variables” and that variables in Table 2 were “scaled in the [1, 2] range,” so preprocessing was described. Missing-data handling was not described. The article did not report class-imbalance handling, code release, or exact train/test sample sizes.","The dependent variable was “graft survival, when considering the end-point at six months,” and Table 1 defines y as “Survival of the graft after six months: 1 (YES), 0 (NO).” The paper presents the final LRIPU equation and discusses coefficient directions, but it does not report AUROC, accuracy, sensitivity, specificity, PPV, NPV, F1-score, calibration, or DCA. I did not infer any unreported performance metric.",High Risk,,"This was a retrospective single-center cohort of 404 transplants from one hospital, with pediatric and some combined/multi-organ recipients excluded, which limits representativeness. ",High Risk,,"Table 1 includes post-transplant variables such as “fvc_prp” and “fev1_prp,” which would not be available for donor-recipient allocation at the time of transplant decision-making.",Low Risk,,"The outcome was clearly defined as “Survival of the graft after six months: 1 (YES), 0 (NO).”",High Risk,,"Although the paper provides the final model equation and coefficient interpretation, it does not report standard validation metrics or a clear validation design, and it does not describe missing-data handling. ",Low Concern,,The study directly addresses AI/statistical modeling for lung donor-recipient matching and short-term graft survival in lung transplantation.,Government/Public,No (Declared no COI),No,Yes,No,Manual/Clinical expertise,No,No,Yes,NR,NR,NR,No,NR,NR,NR,NR,NR,NR,NR,NR
4/6/26 11:45,xgdg,Adedinsewo et al. - 2023 - Non-invasive detection of cardiac allograft rejection among heart transplant recipients using an ele,"Non-invasive detection of cardiac allograft rejection among heart transplant recipients using an electrocardiogram based deep learning model
Adedinsewo, D. et al.
EUROPEAN HEART JOURNAL - DIGITAL HEALTH / 2023",USA,Heart,Single Center,NR,NR,Transplant Candidates (Waitlist),NR,NR,NR,Yes,Retrospective Cohort,Convolutional Neural Network (CNN),NR,NR,Human expert/Clinician,Internal Split (Train/Test),Complete Case Analysis (Excluded),Yes,NR,NR,1-year survival,NR,NR,NR,NR,Yes,ISHLT Registry,,,,,,,Low Risk,,,Low Risk,,,Low Risk,,,Low Risk,,,High Concern,,,Industry/Commercial,Yes (Declared COI),Yes,Yes,"Yes (e.g., SHAP, LIME)",Manual/Clinical expertise,Yes,"Yes (e.g., SMOTE, weighted loss)",Yes,NR,NR,NR,Yes,NR,NR,NR,NR,NR,NR,NR,NR
4/8/26 15:11,Johan Nilsson,14_Gholamzadeh et al. - 2025 - Analysis of the most influential factors affecting outcomes of lung transplant recipients a multiva,"Analysis of the most influential factors affecting outcomes of lung transplant recipients: a multivariate prediction model based on UNOS Data
Gholamzadeh, M. et al.
BMJ Open / 2025",USA,Lung,National Registry,2005,2023,Transplant Candidates (Waitlist),32966,54.27,33.2,Yes,Prospective Cohort,Random Forest,"Random forest regressor (best model); also multiple linear regression, SVM regressor, XGBoost regressor, multilayer perceptron, and deep learning model",Tabular (EMR/Clinical data),,Internal Split (Train/Test),Simple Imputation (Mean/Median),No,26372,6594,Other,NR,NR,NR,NR,No,SRTR (Scientific Registry of Transplant Recipients),,"The study states that data were retrieved from the “United Network for Organ Sharing (UNOS) open-source database of transplant patients between 2005 and 2023,” which is a U.S. national transplant registry. I did not identify an explicit funding statement or conflict-of-interest declaration in the retrieved text","The final dataset “contains 32 966 records with 15 features,” and after preprocessing the “overall patient population consisted of 66.88% men and 33.20% women, with a median age of 54.27 ± 14.24 years.” Clinical and demographic features were used as predictors for waiting-list priority. Race/ethnicity was not reported in the retrieved text excerpts.","The paper compares six regression models, with the RF regressor identified as best. It used preprocessing, feature engineering, feature selection, and hyperparameter tuning via random search. The target was a continuous “priority score,” so regression models were used. SHAP was used for explainability and ranking feature importance. The dataset was split 80:20 for training and testing, with k-fold cross-validation additionally used to confirm robustness.","Missing numerical data were imputed using the mean of each feature, features with >80% missingness were removed, outliers were handled with IQR/boxplot-based filtering, and data normalization was performed. Because the outcome is continuous regression rather than class prediction, class imbalance is not applicable. The study used an 80:20 split, which corresponds to 26,372 training and 6,594 test records from 32,966 total. I found no public code-release statement.","The target was the continuous waiting-list “priority” or “allocation score,” so the closest category is Other. The paper evaluated models using regression metrics including “R-squared (R2) and other error rate metrics,” and states that the RF model achieved the highest R2 and lowest error values. However, the exact numeric R2, MAE, and RMSE values were not visible in the retrieved excerpts, so I have not guessed them. No classification metrics, calibration analysis, or decision-curve analysis were reported.",Low Risk,,"The study used a large UNOS national registry dataset of adult lung-transplant candidates, which reduces single-center selection bias, though exclusions were applied during preprocessing.",Low Risk,,"Predictors were clinical and demographic waiting-list variables derived from UNOS and selected through a structured, expert-guided preprocessing and feature-engineering workflow.",Low Risk,,"The outcome was clearly defined as the candidate “priority” or “allocation score,” treated as a continuous numerical variable for regression modeling.",Unclear,,"Strengths include preprocessing, feature engineering, random-search hyperparameter tuning, cross-validation, and SHAP explainability, but the model was validated only on UNOS data and the paper explicitly states that external validation is still needed.",High Concern,,"he paper directly addresses AI/ML for lung-transplant allocation prioritization using transplant registry data, which is well aligned with the review scope",Government/Public,No (Declared no COI),No,Yes,"Yes (e.g., SHAP, LIME)","Automated (e.g., LASSO, Stepwise)",Yes,Not Applicable/Not Reported,Yes,NR,NR,NR,No,NR,NR,NR,NR,NR,NR,NR,NR
4/8/26 15:11,Johan Nilsson,15_Glass-2024-A machine learning algorithm improv,"A Machine Learning Algorithm Improves the Diagnostic Accuracy of the Histologic Component of Antibody Mediated Rejection (AMR-H) in Cardiac Transplant Endomyocardial Biopsies
Glass, M. et al.
Cardiovasc Pathol / 2024",USA,Heart,Single Center,2018,2021,Transplant Recipients (Post-op),300,NR,NR,Yes,Retrospective Cohort,Convolutional Neural Network (CNN),ResNet50 convolutional neural network with transfer learning,Pathology slides,Human expert/Clinician,Internal Split (Train/Test),Not Reported,No,2948,842,Acute Rejection,0.995,98,NR,NR,No,Not Applicable / Not Reported,,"The biopsies were “previously as pAMR2 as part of routine standard of clinical care between 2018 and 2021 from Duke University Medical Center Department of Pathology,” so the data source was single-center in the USA. The paper includes a “Declaration of competing interest” stating “None.” I did not identify a funding statement in the retrieved text.","The study used “300 hematoxylin and eosin slides” from cardiac transplant endomyocardial biopsies. It did not report recipient mean age, sex distribution, race/ethnicity, or baseline comorbidity data in the retrieved text. The unit of model development was annotated biopsy regions rather than a clinical cohort table.","The study used annotated H&E pathology image patches and a “convolutional neural network approach utilizing transfer learning.” The ResNet50 model was initialized with pretrained weights and fine-tuned. The model was compared against blinded human pathologist review in a separate curated set of slides. Regions of interest were manually annotated by experts, which functions as manual/clinical feature selection at the region level. Training settings including Adam optimizer, learning rate 0.0001, cross-entropy loss, and stopping on validation-loss plateau were reported.","The dataset contained 4,212 annotations split 70%/10%/20% into training, validation, and testing. That corresponds to approximately 2,948 training annotations and 842 test annotations. The four classes were balanced at 1,053 regions each, so explicit class-imbalance correction was not reported and was likely unnecessary. Preprocessing was described through de-identification, whole-slide scanning at 40X, annotation, extraction of non-overlapping 224×224 windows, and train/validation/test splitting. Code availability was not reported. Missing-data handling was not relevant to image patches and was not described.","The task was histologic diagnosis of pAMR-H in cardiac transplant biopsies. The closest category in the allowed list is Acute Rejection. The algorithm achieved “98% overall validation accuracy.” Figure 3 shows multiclass AUROC 0.982 and binary AUCs of 0.995 for pAMR-H vs normal endomyocardium, 0.992 for pAMR-H vs healing injury, and 0.992 for pAMR-H vs ACR. The paper also reports pAMR-H classification accuracies of 99.5%, 99.2%, and 99.2% against those three categories, respectively. PPV, sensitivity, specificity, NPV, F1-score, calibration, and DCA were not reported. I used the highest explicitly reported AUC value for the single AUC field.",High Risk,,"The training material came from previously diagnosed Duke cases from 2018–2021, so this was a retrospective single-center pathology dataset and not a broad clinical recipient sample.",Low Risk,,"Predictors were standardized digital H&E pathology image patches scanned at 40X, with expert consensus used to define ground truth and expert annotation of regions of interest.",Low Risk,,Ground truth for pAMR-H was based on expert consensus plus cases confirmed as pAMR2 with immunologic evidence such as “>50% positive C4d immunofluorescence and/or >10% CD68 positive intravascular macrophages.”,Unclear,,"Strengths include balanced classes, predefined train/validation/test splitting, transfer learning, ROC/AUC reporting, and human-reader comparison. Limitations acknowledged by the authors include patch-level rather than whole-slide development and single-institution staining/scanning, with ongoing external verification still needed.",Low Concern,,"The article directly applies AI to heart-transplant pathology and rejection diagnosis, which is clearly within thoracic organ transplantation AI.",Not Reported,No (Declared no COI),No,No,No,Manual/Clinical expertise,Yes,No,Yes,NR,NR,NR,No,NR,NR,NR,NR,NR,NR,NR,NR
4/8/26 15:11,Johan Nilsson,16_Gnanasambandhan-2023-HEL-MCNN_ Hybrid extreme,Gnanasambandhan-2023-HEL-MCNN_ Hybrid extreme.pdf,Asia,Other,Single Center,NR,NR,Other,NR,NR,NR,Yes,Other,Ensemble,MCNN-HELM (modified convolutional neural network–hybrid extreme learning machine) with prairie dog optimizer,Tabular (EMR/Clinical data),Other,Not Reported,Complete Case Analysis (Excluded),No,NR,NR,Donor acceptance for transplantation,NR,97.5,NR,NR,No,Other Registry,,"The article states that it uses “three different real-time datasets as inputs which contain records of liver, heart, and lung transplantation details,” including PLTSD, UNOS-LU, and UNOS-HR, but it does not provide a conventional single-source thoracic-transplant cohort description in the retrieved text. Because the paper spans multiple organs and mixed datasets, “Other” is the closest fit for organ focus and dataset source.","The retrieved text does not report a lung-specific recipient cohort size, demographic table, age summary, sex distribution, or race/ethnicity. It frames the problem as donor-recipient allocation across liver, heart, and lung transplantation datasets rather than a single patient cohort.","he paper proposes an “MCNN-HELM based prediction model” and states that a “prairie dog optimizer (PDO)” is used to improve matching-pair performance. It compares the proposed method against MINLP, IGBFS-NB, SVM, and FO, and evaluates policy scenarios such as Real, FCFS, UF, and BF. The retrieved text describes preprocessing and training/testing flowcharts, but it does not clearly state a conventional clinical study design such as retrospective cohort with a well-defined patient cohort, so “Other” is the most accurate label. Hyperparameter configuration is explicitly mentioned in the conclusion.","The paper states that “missing values and inaccurate data present in real-time datasets are removed via pre-processing,” and separately notes that “some records and attributes are eliminated,” which is most consistent with complete-case style exclusion rather than imputation. Preprocessing is described, but explicit training and test sample counts are not visible in the retrieved text. I found no public code-availability statement. Class-imbalance handling is not described.","The paper’s main task is donor-recipient allocation and suitable donor identification with minimized waiting time, so “Donor acceptance” is the closest restricted outcome label. Table 5 reports training accuracy 97.5%, computational time 2.2 s, PEFO 16.3582, PEPO 16.1401, and ABDT 0.6784. For the lung dataset (UNOS-LU), Table 3 shows that the BF policy had death rate 0.13, average benefit 275.43, and average survival 1290.48, compared with Real 0.15, 221.48, and 1175.42. The paper does not report AUC, sensitivity, specificity, PPV, NPV, F1-score, calibration, or DCA. Because only training accuracy is explicitly reported, I am not inferring a held-out test accuracy.",Unclear,," The paper uses three “real-time datasets” across liver, heart, and lung transplantation, but the retrieved text does not provide a transparent lung-specific cohort derivation or sample description.",Unclear,,"The framework uses donor and recipient transplantation details and geolocation/resource considerations, but the exact lung-specific predictor set is not clearly enumerated in the retrieved text.",Unclear,,"The paper targets “suitable donor” selection, minimized waiting time, and high-risk prioritization, but the exact formal outcome definition for the lung subset is not clearly specified in the retrieved excerpts.",High Risk,,"The paper reports strong training accuracy and simulation metrics, but the retrieved text does not show a clear held-out clinical validation framework, standard external validation, or conventional discrimination/calibration metrics for lung transplantation specifically.",High Concern,,"Although the article includes a lung dataset, it is a broad multi-organ allocation systems paper rather than a lung-only thoracic transplant prediction study with a clearly defined transplant cohort.",Not Reported,Not Reported,Not Reported,Not Reported,No,None/All features,Yes,No,Yes,NR,NR,NR,No,NR,NR,NR,NR,NR,NR,NR,NR
4/8/26 9:14,Johan Nilsson,16_Gnanasambandhan-2023-HEL-MCNN_ Hybrid extreme,Gnanasambandhan-2023-HEL-MCNN_ Hybrid extreme.pdf,Asia,Other,Single Center,NR,NR,Other,NR,NR,NR,Yes,Other,Ensemble,MCNN-HELM (modified convolutional neural network–hybrid extreme learning machine) with prairie dog optimizer,Tabular (EMR/Clinical data),Other,Not Reported,Complete Case Analysis (Excluded),No,NR,NR,Donor acceptance for transplantation,NR,97.5,NR,NR,No,Other Registry,,"The article states that it uses “three different real-time datasets as inputs which contain records of liver, heart, and lung transplantation details,” including PLTSD, UNOS-LU, and UNOS-HR, but it does not provide a conventional single-source thoracic-transplant cohort description in the retrieved text. Because the paper spans multiple organs and mixed datasets, “Other” is the closest fit for organ focus and dataset source.","The retrieved text does not report a lung-specific recipient cohort size, demographic table, age summary, sex distribution, or race/ethnicity. It frames the problem as donor-recipient allocation across liver, heart, and lung transplantation datasets rather than a single patient cohort.","he paper proposes an “MCNN-HELM based prediction model” and states that a “prairie dog optimizer (PDO)” is used to improve matching-pair performance. It compares the proposed method against MINLP, IGBFS-NB, SVM, and FO, and evaluates policy scenarios such as Real, FCFS, UF, and BF. The retrieved text describes preprocessing and training/testing flowcharts, but it does not clearly state a conventional clinical study design such as retrospective cohort with a well-defined patient cohort, so “Other” is the most accurate label. Hyperparameter configuration is explicitly mentioned in the conclusion.","The paper states that “missing values and inaccurate data present in real-time datasets are removed via pre-processing,” and separately notes that “some records and attributes are eliminated,” which is most consistent with complete-case style exclusion rather than imputation. Preprocessing is described, but explicit training and test sample counts are not visible in the retrieved text. I found no public code-availability statement. Class-imbalance handling is not described.","The paper’s main task is donor-recipient allocation and suitable donor identification with minimized waiting time, so “Donor acceptance” is the closest restricted outcome label. Table 5 reports training accuracy 97.5%, computational time 2.2 s, PEFO 16.3582, PEPO 16.1401, and ABDT 0.6784. For the lung dataset (UNOS-LU), Table 3 shows that the BF policy had death rate 0.13, average benefit 275.43, and average survival 1290.48, compared with Real 0.15, 221.48, and 1175.42. The paper does not report AUC, sensitivity, specificity, PPV, NPV, F1-score, calibration, or DCA. Because only training accuracy is explicitly reported, I am not inferring a held-out test accuracy.",Unclear,," The paper uses three “real-time datasets” across liver, heart, and lung transplantation, but the retrieved text does not provide a transparent lung-specific cohort derivation or sample description.",Unclear,,"The framework uses donor and recipient transplantation details and geolocation/resource considerations, but the exact lung-specific predictor set is not clearly enumerated in the retrieved text.",Unclear,,"The paper targets “suitable donor” selection, minimized waiting time, and high-risk prioritization, but the exact formal outcome definition for the lung subset is not clearly specified in the retrieved excerpts.",High Risk,,"The paper reports strong training accuracy and simulation metrics, but the retrieved text does not show a clear held-out clinical validation framework, standard external validation, or conventional discrimination/calibration metrics for lung transplantation specifically.",High Concern,,"Although the article includes a lung dataset, it is a broad multi-organ allocation systems paper rather than a lung-only thoracic transplant prediction study with a clearly defined transplant cohort.",Not Reported,Not Reported,Not Reported,Not Reported,No,None/All features,Yes,No,Yes,NR,NR,NR,No,NR,NR,NR,NR,NR,NR,NR,NR
4/8/26 12:55,Johan Nilsson,17_Gouiaa-2024-Novel dimensionality reduction met,"Novel dimensionality reduction method, Taelcore, enhances lung
transplantation risk prediction
Fatma Gouiaa , et al
2024",Europe,Lung,Single Center,NR,NR,Transplant Recipients (Post-op),40,NR,NR,Yes,Retrospective Cohort,"Artificial Neural Networks (ANN, MLP, NN)",Taelcore (topological autoencoder with best linear combination for optimal reduction of embeddings),Tabular (EMR/Clinical data),Other,Other,Not Reported,Other,NR,NR,Acute Rejection,NR,90,NR,NR,No,NR,,"The authors are based in France and Spain, and the paper states they “recycle the dataset from ‘Personalised Risk Predictor for Acute Cellular Rejection in Lung Transplant Using Soluble CD31’” for a lung-transplant ACR study, but the retrieved text does not provide an explicit funding statement, COI statement, or recruitment years. The clinical dataset appears to be a single clinical cohort rather than a registry.","The Methods state: “We analysed a clinical dataset of 40 patients who underwent lung transplantation surgery,” and “seven (17.5%) experienced acute cellular rejection within one year of the operation.” The retrieved text does not report age, sex, race/ethnicity, or comorbidity tables for these 40 patients.","The paper proposes “Taelcore,” combining autoencoders, multilayer perceptron (MLP), and topological data analysis tools. It compares Taelcore-enhanced performance against AE, PCA, t-SNE, UMAP, RF, KNN, and GNB. The nine measured clinical variables from the first 72 hours after transplant were used as input features. The evaluation is based on success percentages and dimensionality-reduction quality metrics rather than a conventional held-out train/test clinical validation framework, so “Other” is the most accurate validation label. The retrieved text does not describe SHAP/LIME or hyperparameter tuning.","Figure 1 and the text describe preprocessing including standardisation, box-plot outlier detection, denoising using the sCD31–ACR relationship, Rips filtration, persistence diagrams, and entropy vectorisation. The lung cohort is imbalanced (7 ACR vs 33 non-ACR), but the retrieved text does not describe reweighting, oversampling, or other imbalance handling. Missing-data handling is not reported. The paper states: “The code associated with this study is publicly available,” which supports Other rather than “algorithm weights available.” Exact train/test sample sizes are not given in the retrieved text.","The target was ACR within 1 year after lung transplantation. Table 1 reports percentage success before and after topological improvement: RF 50%→80%, MLP 80%→90%, KNN 50%→50%, and GNB 90%→90%. The discussion explicitly states “an accuracy achieved of 90%” for Taelcore in predicting ACR after lung transplantation. No AUC, sensitivity, specificity, PPV, NPV, F1-score, calibration, or DCA were reported. Because the paper presents “percentage of success” rather than a richer held-out metric set, I report 90% as the model accuracy figure and leave the others NR.",High Risk,,"The clinical lung-transplant dataset included only 40 patients, with 7 ACR cases, which creates substantial risk of selection instability and limited generalisability.",Low Risk,,"Predictors were clearly defined early post-transplant clinical measurements collected at 24, 48, and 72 hours, including sCD31, PaO2/FiO2, and SOFA respiratory scores.",Unclear,,"The paper clearly targets “acute cellular rejection,” but the retrieved excerpts do not provide the operational diagnostic definition or biopsy/grading criteria used to label ACR.",High Risk,,"The study is methodologically innovative, but it relies on a very small dataset, reports “percentage of success” rather than a full clinical validation framework, and does not provide exact train/test sizes or standard clinical performance metrics such as AUC and calibration.",Low Concern,,"The paper directly addresses AI-based prediction of acute rejection after lung transplantation, which is strongly aligned with the review question.",Not Reported,No (Declared no COI),No,No,No,NR,No,No,Yes,NR,NR,NR,No,NR,NR,NR,NR,NR,NR,NR,NR
4/8/26 12:53,Johan Nilsson,18_Hickey et al. - 2023 - Long-Term outcomes in adult patients with congenital heart disease considered for transplantation A,"Long-Term outcomes in adult patients with congenital heart disease considered for transplantation: A single center study
Hickey, G. et al.
Clin Transplant / 2023",USA,Heart,Single Center,2004,2014,Transplant Candidates (Waitlist),58,35.8,34.5,Yes,Retrospective Cohort,Decision Tree,Machine learning decision tree model / multivariate decision tree analysis,Tabular (EMR/Clinical data),,Cross-Validation (k-fold),Complete Case Analysis (Excluded),No,NR,NR,1-year survival,NR,NR,NR,NR,No,Not Applicable / Not Reported,,"The study was conducted “at our center” at the University of Pittsburgh Medical Center and included ACHD patients “evaluated for heart or heart + additional organ transplant between 2004 and 2014.” Funding is explicitly listed from the National Institutes of Health and the American Heart Association, plus HeartFest. I did not find a visible COI statement in the retrieved text.","The paper states, “We identified 58 patients meeting criteria.” Baseline characteristics show mean age 35.8 years, and 65.5% male, implying 34.5% female. Race was reported as 91.4% White, 3.4% Black, and 5.2% Asian. Table 1 also includes multiple comorbidities such as hypertension, diabetes, pulmonary hypertension, portal hypertension, chronic renal insufficiency, and tobacco history.","The Methods describe “a retrospective chart review” and state that “a machine learning decision tree model was used to evaluate multiple clinical parameters correlating with 1- and 10-year survival.” Input data were clinical, hemodynamic, laboratory, and CPET variables from chart review. The model was “verified… using K-fold cross validation.” The variables entered into multivariate analysis were those previously significant on univariate analysis, which is best categorized as manual/clinical feature selection. No hyperparameter tuning or explainability method was reported.","Of 71 identified patients, “58 patients had all relevant data… available for evaluation and were included in the study,” which is most consistent with complete-case analysis. The paper mentions K-fold cross-validation but does not report fold sizes, explicit train/test counts, imbalance handling, code availability, or preprocessing/normalization steps typical of ML pipelines.","The paper evaluates both 1-year and 10-year survival. Figure 1 and the text report clinically interpretable decision rules rather than AUC-style performance. For 1-year outcomes, transplanted patients with SVP <14 mmHg had 100% survival, and non-transplanted patients with PCWP <15 mmHg had 100% survival. For 10-year outcomes, all waitlisted/declined patients with PCWP ≥17 mmHg died, and all transplanted/deferred patients with SVP <10 mmHg were alive. Kaplan–Meier curves in Figure 2 show 1-year survival of 100% for deferred, 85.7% for transplanted, 42.1% for waitlisted, and 54.5% for declined patients. No AUC, accuracy, sensitivity, specificity, PPV, NPV, F1-score, calibration, or DCA were reported.",High Risk,,"This was a single-center retrospective cohort of only 58 included patients, and 13 of 71 identified patients were excluded because not all relevant data were available.",Low Risk,,"Predictors included clinically relevant pre-listing hemodynamic, laboratory, and functional variables collected during transplant evaluation, especially catheter-based measurements such as PCWP, SVP, and EDP.",Low Risk,,"The outcomes were clearly defined as 1- and 10-year survival after transplant evaluation/decision, and the paper reports group-specific survival at multiple time points via Kaplan–Meier analysis.",Unclear,,"Strengths include use of univariate analysis, multivariate decision-tree analysis, and K-fold cross-validation, but the small sample size, complete-case inclusion, and lack of standard predictive performance metrics limit robustness.",Low Concern,,"The paper directly studies machine-learning-assisted outcome prediction in heart transplant evaluation, albeit in a congenital heart disease subgroup rather than a general thoracic transplant population.",Government/Public,No (Declared no COI),Yes,Yes,No,Manual/Clinical expertise,No,No,No,NR,NR,NR,No,NR,NR,NR,NR,NR,NR,NR,NR
4/8/26 13:04,Johan Nilsson,19_Hsich et al. - 2019 - Variables of importance in the Scientific Registry of Transplant Recipients database predictive of h,"International Society for Heart and Lung Transplantation Guidelines for the Evaluation and Care of Cardiac Transplant Candidates-2024
Peled, Y. et al.
J Heart Lung Transplant / 2024",USA,Heart,National Registry,2004,2015,Transplant Candidates (Waitlist),33069,55,26,Yes,Retrospective Cohort,Random Forest,Random Survival Forest (RSF),Tabular (EMR/Clinical data),Other,Cross-Validation (k-fold),Other,No,NR,NR,Waitlist mortality,NR,NR,NR,NR,No,SRTR (Scientific Registry of Transplant Recipients),,"The study included “all 33 069 adult candidates on the active waiting list for heart transplantation in the national Scientific Registry of Transplant Recipients (SRTR) database between January 1, 2004 and August 31, 2015.” Funding came from the “National Heart, Lung, and Blood Institute, Grant/Award Number: R01HL141892.” I did not identify an explicit COI statement in the retrieved text.","The cohort contained 33,069 adult active waitlist candidates. Table 1 reports age by UNOS stratum as medians rather than a single overall mean, so mean age is NR. Sex and race were reported, as were multiple clinical-history variables including diabetes, hypertension, tobacco use, malignancy, peripheral vascular disease, prior stroke, and device/inotrope support.","The paper used “Random Survival Forests,” described as a “robust, nonparametric machine learning algorithmic method,” to identify risk factors without prespecified parametric assumptions. Inputs were prelisting SRTR tabular variables. The analysis used bootstrap/out-of-bag internal validation, which is most consistent with cross-validation style internal validation. The study did not use SHAP/LIME. No separate feature-selection step was described; variables in the SRTR dataset at listing were analyzed directly. Explicit hyperparameter tuning was not reported.","Missing data were “imputed using missForest imputation,” which fits best under Other. Data preparation is described, including stratification by UNOS status, use of listing-time variables only, bootstrap sampling, and out-of-bag estimation. No class-imbalance mitigation was described. Code availability was not reported. Exact train/test sizes were not reported because the method used bootstrap and out-of-bag evaluation rather than a fixed split.","The primary endpoint was “all-cause mortality assessed as time from listing to death, right censored at time of heart transplantation or end of follow-up.” The paper emphasizes variable importance and partial survival plots rather than standard classification metrics. It reports a median follow-up of 4.3 months and 5,514 deaths, but no AUC, accuracy, PPV, sensitivity, specificity, NPV, or F1-score. Calibration and DCA were not reported.",Low Risk,,"This was a national SRTR cohort including all adult active waitlist candidates in the United States over the study period, which minimizes center-level selection bias.",Low Risk,,"Predictor variables were obtained at the time of initial waitlisting from the national registry and included clinically relevant laboratory, hemodynamic, diagnostic, and support-device variables.",Low Risk,,"The outcome was clearly defined as all-cause mortality from listing to death, with censoring at transplant or end of follow-up, and mortality was verified using the Social Security Death Master File.",Unclear,,"Strengths include RSF, imputation with missForest, out-of-bag validation, and stratification by UNOS status; however, the paper does not report conventional discrimination or calibration metrics for a deployable prediction model.",Low Concern,,"The article directly studies machine-learning-based prediction of heart-transplant waitlist mortality using a national transplant registry, which is highly relevant to the review question.",Government/Public,No (Declared no COI),Yes,Yes,"Yes (e.g., SHAP, LIME)",Manual/Clinical expertise,No,No,Yes,NR,NR,NR,No,NR,NR,NR,NR,NR,NR,NR,NR
4/8/26 13:12,Johan Nilsson,20_Hsich-2020-Heart Transplantation_ An In-Depth,"International Society for Heart and Lung Transplantation Guidelines for the Evaluation and Care of Cardiac Transplant Candidates-2024
Peled, Y. et al.
J Heart Lung Transplant / 2024",USA,Heart,National Registry,2004,2018,Transplant Recipients (Post-op),30606,56,25.4,Yes,Retrospective Cohort,Random Forest,Random Survival Forests (RSF); temporal decomposition parametric survival model,Tabular (EMR/Clinical data),Human expert/Clinician,Not Reported,Multiple Imputation,No,NR,NR,Other,NR,NR,NR,NR,No,SRTR (Scientific Registry of Transplant Recipients),,"The study included adults in the “Scientific Registry of Transplant Recipients database who underwent isolated heart transplantation from January 1, 2004, to July 1, 2018.” Funding was from NIH grants “HL141892 and GM125072,” and the paper states that “the authors have reported that they have no relationships relevant to the contents of this paper to disclose.”","The final cohort had “30,606 adult heart transplants.” Table 1 reports 7,778 female recipients out of 30,606 total, which is 25.4%. Age was reported as median (Q1, Q3), not mean. Race/ethnicity and multiple comorbidities/history variables were reported, including diabetes, dialysis, prior surgery, infection requiring IV antibiotics, ventilator use, inotropes, VAD/ECMO/IABP, renal and liver function, and donor characteristics.","The study used “two complimentary time-related analyses,” including a “random survival forests method” and a temporal decomposition model. RSF was used to determine “importance of mortality risk factors and their interactions.” Inputs were recipient and donor tabular variables from SRTR. The paper does not frame this against a human or guideline comparator. Variable screening in the sex-focused parametric models used “machine learning variable selection,” which is best categorized as automated. Explicit hyperparameter tuning was not reported.","Missing data were handled with “multiple imputation by chained equations for parametric survival models” and “missForest for the random forest analysis,” so this fits best as Other. The paper describes exclusions, missingness rates, and imputation. No class-imbalance method or code release was reported. Exact training/test sizes were not given because the analyses were not based on a simple fixed split in the retrieved text.","The primary endpoint was “all-cause mortality assessed as time from heart transplantation to death or end of follow-up,” so the closest restricted category is Other. The study focused on hazard phases, variable importance, and interactions rather than reporting AUC, accuracy, sensitivity, specificity, PPV, NPV, or F1-score. Figure 1 showed 1-month survival 96%, 1-year survival 89%, and 12-year survival 50%, but these are cohort survival estimates rather than model discrimination metrics. Calibration and DCA were not reported.",Low Risk,,"This was a national SRTR cohort including all adult isolated heart transplants in the United States over the study period, which minimizes center-level selection bias.",Low Risk,,"Predictors were recorded at the time of transplantation and included clinically relevant recipient and donor variables, including hemodynamics, labs, support devices, donor cause of death, and ischemic time.",Low Risk,,"The primary outcome was clearly defined as all-cause mortality from transplantation to death or end of follow-up, with mortality verified through the Social Security Death Master File.",Unclear,,"Strengths include national scope, complementary parametric and RSF analyses, interaction assessment at multiple time points, and imputation for missingness. Uncertainty remains because conventional predictive performance metrics for a deployable model were not reported in the retrieved text.",Low Concern,,"The article directly studies AI/statistical risk modeling for post-heart-transplant survival using a national transplant registry, which is highly relevant to the review question.",Government/Public,No (Declared no COI),Yes,Yes,No,Manual/Clinical expertise,No,No,Yes,NR,NR,NR,No,NR,NR,NR,NR,NR,NR,NR,NR
4/8/26 13:18,Johan Nilsson,21_Ismail-2025-Artificial intelligence-driven aut,"Artificial intelligence-driven automated lung sizing from
chest radiographs
Mostafa K. Ismail. et al.
American Journal of Transplantation / 2024",USA,Lung,Single Center,NR,NR,Transplant Recipients (Post-op),50,59.4,30,Yes,Retrospective Cohort,Convolutional Neural Network (CNN),PSPNet-based 2-step framework for automated lung sizing,Imaging (CT/CXR/Echo),Human expert/Clinician,Internal Split (Train/Test),Not Reported,Other,6500,50,Donor acceptance for transplantation,NR,NR,NR,NR,No,Not Applicable / Not Reported,,"The validation cohort came from “lung transplant recipients at the University of Pennsylvania,” making this a single-center U.S. study. Funding was “supported by National Institutes of Health grants HL155821.” The paper includes a disclosure section listing conflicts for two authors and stating all others had none. Study years for the recipient cohort were not reported.","The paper states that measurements were validated in “50 portable CXRs acquired in lung transplant recipients.” Table 1 reports age 59.4 ± 10.8 years, 35 males (70%), implying 30% female, and race categories. The cohort table did not report comorbidities or broader clinical history.","The system used a “2-step framework” with automatic lung segmentation using “PSPNet” and then computer-vision postprocessing to derive 6 size measurements from CXRs. The validation comparator was two radiologists in a blinded setting. The segmentation model was trained on the public Darwin dataset, then validated against radiologist measurements in the 50-recipient cohort. No SHAP/LIME-style explainability or explicit hyperparameter tuning was reported.","The segmentation model was trained on the “Darwin data set, comprising 6500 CXRs and lung masks,” and validated on 50 recipient CXRs. Preprocessing was described, including data augmentation and contrast-limited adaptive histogram equalization. Missing-data handling was not discussed. Class imbalance is not applicable for this measurement task. Code was made publicly available, but algorithm weights were not mentioned, so “Other” is the best fit.","The task was automated lung sizing to support donor-recipient size matching, so the closest allowed outcome category is Donor acceptance. The reported metrics were measurement-agreement metrics rather than classification metrics: average error <2.5% (<7.0 mm), Pearson correlation 0.97, and intraclass correlations mostly above 0.90. No AUC, sensitivity, specificity, PPV, NPV, F1-score, calibration, or DCA were reported.",High Risk,,"This was a small pilot validation cohort of 50 lung transplant recipients from a single center, which limits representativeness.",Low Risk,,Predictors were standardized portable chest radiographs processed through a clearly described segmentation and feature-point extraction pipeline.,Low Risk,,The measured outcome was explicit and objective: 6 predefined lung size measurements validated against two radiologists’ independent measurements.,Unclear,,"Strengths include blinded radiologist comparison, quantitative agreement analysis, and public code availability; limitations include small sample size, single-center validation, and lack of larger external validation.",Low Concern,,"The study directly applies AI to lung transplant donor-recipient size matching, which is clearly relevant to thoracic transplantation AI.",Government/Public,Yes (Declared COI),Yes,No,No,Manual/Clinical expertise,No,NR,Yes,NR,NR,NR,No,NR,NR,NR,NR,NR,NR,NR,NR
4/8/26 13:30,Johan Nilsson,22_Johnston et al. - 2025 - Estimating Calibrated Risks Using Focal Loss and Gradient-Boosted Trees for Clinical Risk Prediction,"Estimating Calibrated Risks Using Focal Loss and Gradient-Boosted Trees for Clinical Risk Prediction
Johnston, H. and Nair, N. and Du, D. P.
Electronics / 2025",USA,Lung,National Registry,1988,2020,Transplant Recipients (Post-op),33244,54.81,NR,Yes,Retrospective Cohort,Gradient Boosting (XGBoost/LightGBM),Focal-aware XGBoost / focal-aware LightGBM with Ψγ calibration transformation,Tabular (EMR/Clinical data),Other,Cross-Validation (k-fold),Not Reported,Not Reported,NR,NR,Other,0.7,NR,63.1,NR,Yes,SRTR (Scientific Registry of Transplant Recipients),,"The lung-transplant application used “data extracted from the Scientific Registry of Transplant Recipients (SRTR),” and the final lung dataset included patients “from 1 January 1988 to 28 November 2020.” The article itself is from U.S.-based authors and the SRTR is a U.S. registry. I did not identify a study-specific funding statement or COI disclosure in the retrieved text.","The final SRTR lung-transplant dataset included “33,244 patients,” with 984 PTLD cases and 32,260 non-cases. The extracted text does not provide a main baseline table with overall age or sex percentages for the lung cohort in the main results section I could verify. The features included demographics, immunosuppression, viral infections, and HLA variables, so clinical history was included.","The study used gradient-boosted decision trees, specifically XGBoost and LightGBM, trained with focal loss and then calibrated using the “Ψγ transformation.” It also compared against standard XGBoost, logistic regression, Platt scaling, and isotonic regression. The lung-transplant task used 54 tabular SRTR features. Evaluation used repeated 10-fold cross-validation experiments, and Bayesian hyperparameter optimization was explicitly described. I did not find SHAP/LIME or a separate feature-selection step beyond using the defined feature set.","The lung-transplant datasets were described as “high degree of class-imbalance,” and the focal-loss strategy was explicitly motivated as a way to handle imbalanced or skewed class distributions. Preprocessing/exclusion steps were described in Figure 2 and Section 4.1.1. However, I did not find a clear statement on missing-data imputation for the SRTR lung dataset, nor explicit fixed training/test sample counts because the study relied on repeated 10-fold cross-validation rather than a single holdout split. I also did not identify a code-availability statement in the retrieved text.","The lung-transplant outcome was PTLD, which is not one of the preset transplant-outcome categories, so the closest allowed choice is Other. The abstract states that the calibrated focal-aware XGBoost achieved “AUROC, Brier score, and calibration slope of 0.700, 0.128, and 0.968 for predicting the 10-year cancer risk.” The paper also reports that for 1-year PTLD prediction, “XGBoost-Focal calibrated using the Ψγ transformation achieved the best sensitivity (0.631).” Calibration plots, calibration slopes/intercepts, and Brier scores were central to the paper; DCA was not reported. I did not infer PPV, specificity, or NPV because they were not clearly stated in the retrieved excerpts.",Low Risk,,"The lung-transplant analysis used a large national SRTR cohort and applied transparent exclusion criteria, reducing single-center selection bias.",Low Risk,,"Predictors were structured SRTR variables available in the registry, including demographics, immunosuppression, viral infection history, and HLA data.",Low Risk,,"The binary outcome was explicitly defined as PTLD, derived from the SRTR malignancy file, with time-to-PTLD calculated from transplant date to diagnosis date.",Unclear,,"Strengths include repeated 10-fold cross-validation, Bayesian hyperparameter optimization, and detailed calibration assessment. Remaining uncertainty comes from the lack of a fully independent external validation cohort and the absence, in the retrieved text, of a clear missing-data strategy for the SRTR lung dataset.",Low Concern,,This article directly addresses AI-based clinical risk prediction in lung transplant recipients using SRTR data and is highly relevant to the review question.,Unclear,Not Reported,Unclear,Yes,No,Not Reported,Yes,Not Applicable/Not Reported,Yes,NR,NR,NR,No,NR,NR,NR,NR,NR,NR,NR,NR
4/8/26 13:37,Johan Nilsson,23_Kainuma et al. - 2022 - Predictors of 1-year outcome after cardiac re-transplantation Machine learning analysis,"Predictors of 1-year outcome after cardiac re-transplantation: Machine learning analysis
Kainuma, A. et al.
Clin Transplant / 2022",USA,Heart,National Registry,2000,2020,Transplant Recipients (Post-op),1294,45,35.5,Yes,Retrospective Cohort,Random Forest,Random Survival Forests (RandomForestSRC) on Cox modeling,Tabular (EMR/Clinical data),Other,Not Reported,Complete Case Analysis (Excluded),No,NR,NR,1-year survival,NR,NR,NR,NR,No,SRTR (Scientific Registry of Transplant Recipients),,The study “retrospectively reviewed the United Network for Organ Sharing registry” and included adult recipients undergoing cardiac re-transplantation “between January 2000 and March 2020.” I did not identify an explicit funding or conflict-of-interest statement in the retrieved text.,"Table 1 reports a total cohort of 1294 recipients, with 460 women (35.5%). Age was reported as median 45 years [30–57], not mean, so mean age is NR. Ethnicity and multiple clinical history variables were reported, including malignancy, smoking history, diabetes, creatinine, dialysis, bilirubin, ECMO, IABP, LVAD, TAH, ventilator dependence, PRA, functional status, and ICU stay.","The authors used the “random forest algorithm on Cox modeling” and the R package “RandomForestSRC” to calculate variable importance for 1-year mortality. Recipient and donor tabular variables from UNOS were included. A complementary Cox model was used to verify findings, so the comparator is best classified as Other. I did not find a reported train/test split, cross-validation scheme, SHAP/LIME-style interpretability, or hyperparameter tuning. Variable selection was clinically/manual in the sense that variables “known to be associated with risk of mortality after OHT” were included, with high-missingness variables excluded.","The paper states that variables with more than 10% missing data “were excluded from the machine learning analysis,” which is most consistent with complete-case style handling at the variable level rather than imputation. No class-imbalance handling or code availability statement was reported. I also did not find explicit preprocessing/normalization procedures or separate training/test sizes.","The target outcome was 1-year mortality after cardiac re-transplantation, which maps most closely to 1-year survival in the extraction framework. Figure 2 and the abstract report 1-year mortality of 40.6% in early versus 13.6% in late re-transplantation. RSF results were reported as variable-importance rankings, not AUROC or classification metrics. No calibration or DCA was reported.",Low Risk,,"The cohort came from the national UNOS registry and included all adult cardiac re-transplant recipients meeting criteria between 2000 and 2020, which reduces single-center selection bias.",Low Risk,,"Predictors were clinically relevant recipient and donor factors measured at transplant, including end-organ function, support devices, hemodynamics, donor risk, and ischemic time.",Low Risk,,"The modeled outcome was clearly defined as time to 1-year mortality, analyzed with Kaplan–Meier, Cox modeling, and RSF variable importance for 1-year death.",Unclear,,"Strengths include national scope and complementary RSF plus Cox analyses, but no held-out validation metrics, calibration assessment, or external validation were reported in the retrieved text.",Low Concern,,"This article directly addresses machine-learning-based risk stratification in heart transplantation, specifically cardiac re-transplantation, and is closely aligned with the review question.",Not Reported,No (Declared no COI),Yes,Yes,No,Manual/Clinical expertise,No,No,No,NR,NR,NR,No,NR,NR,NR,NR,NR,NR,NR,NR
4/8/26 14:01,Johan Nilsson,24_Kampaktsis et al. - 2021 - State-of-the-art machine learning algorithms for the prediction of outcomes after contemporary heart,"State-of-the-art machine learning algorithms for the prediction
of outcomes after contemporary heart transplantation: Results
from the UNOS database
Kampaktsis, Polydoros N. et al.
Clinical Transplantation / 2022",USA,Heart,National Registry,2010,2018,Transplant Recipients (Post-op),18625,53,27,Yes,Retrospective Cohort,Ensemble,"Adaboost, Logistic Regression, Decision Tree, Support Vector Machine, and K-nearest neighbor",Tabular (EMR/Clinical data),"Linear Risk Score (e.g., LAS, EuroSCORE)",Internal Split (Train/Test),Complete Case Analysis (Excluded),No,13969,4656,1-year survival,0.689,NR,NR,NR,No,SRTR (Scientific Registry of Transplant Recipients),,The article used the “United Network for Organ Sharing (UNOS) database” and included adult heart transplant recipients “between 2010 and 2018.” I did not identify a funding statement or explicit conflict-of-interest disclosure in the retrieved text.,"The study cohort comprised “18 625 patients (53 ± 13 years, 73% males),” implying 27% female. Table 1 reports recipient ethnicity and multiple pre-transplant clinical variables, including diabetes, prior cardiac surgery, creatinine, HIV/CMV/EBV/HBV serology, diagnosis, inotropes, ventilation, and VAD use.","This was a retrospective UNOS analysis using “solely pre-transplant variables.” The dataset was split 3:1 into derivation and validation cohorts. Five supervised ML algorithms were trained after automated feature selection with “SVM-FuzCoC.” Hyperparameter optimization was explicitly performed, and LIME was used to explain the best-performing model. The IMPACT score served as a comparator for 1-year survival.","The authors excluded variables with “>10% missing values,” which is best classified here as complete-case style handling at the variable level rather than imputation. Class imbalance was addressed by “random oversampling.” Preprocessing was described, including exclusion criteria and conversion of categorical/textual variables to numerical format. Figure 1 reports training n = 13,969 and validation n = 4,656. No code release statement was identified.","The primary outcome was 1-year survival after heart transplantation. The abstract reports AUCs of 0.689, 0.642, 0.649, 0.637, and 0.526 for Adaboost, Logistic Regression, Decision Tree, SVM, and KNN, respectively, while IMPACT had AUC 0.569. Secondary analyses yielded AUCs of 0.629, 0.609, and 0.610 for 3-year survival, 5-year survival, and acute rejection. Although the paper states sensitivity, specificity, PPV, and NPV were evaluated, the exact model-specific values were not fully visible in the retrieved excerpts, so I have not guessed them. Calibration and DCA were not reported.",Low Risk,,"The study used a large national UNOS registry cohort of 18,625 adult isolated heart transplant recipients, reducing single-center selection bias, though exclusions were applied.",Low Risk,,"Only pre-transplant recipient, donor, and transplant variables were used, which is appropriate for clinical prediction at or before transplant.",Low Risk,,"The primary endpoint was clearly defined as 1-year survival after heart transplantation, with secondary endpoints of 3-year survival, 5-year survival, and acute rejection.",Unclear,,"Strengths include feature selection, hyperparameter optimization, oversampling for class imbalance, internal validation, and comparison with IMPACT. Uncertainty remains because no external validation or calibration assessment was reported in the retrieved text.",Low Concern,,The article directly addresses machine-learning prediction of outcomes after heart transplantation using a contemporary national registry.,Not Reported,Not Reported,Yes,Yes,"Yes (e.g., SHAP, LIME)","Automated (e.g., LASSO, Stepwise)",Yes,Not Applicable/Not Reported,Yes,NR,NR,NR,No,NR,NR,NR,NR,NR,NR,NR,NR
4/8/26 12:00,Johan Nilsson,25_Kampaktsis et al. - 2023 - Machine learning-based prediction of mortality after heart transplantation in adults with congenital,"Machine learning-based prediction of mortality after heart
transplantation in adults with congenital heart disease: A
UNOS database analysis
olydoros N. Kampaktsis, et al.
Clinical Transplantation / 2022",USA,Heart,National Registry,2000,2020,Transplant Recipients (Post-op),1033,34,38.9,Yes,Retrospective Cohort,Gradient Boosting (XGBoost/LightGBM),CatBoost,Tabular (EMR/Clinical data),,Internal Split (Train/Test),Complete Case Analysis (Excluded),No,723,310,1-year survival,0.8,75.2,75,75,No,SRTR (Scientific Registry of Transplant Recipients),,The authors queried the “United Network for Organ Sharing (UNOS) database” and identified ACHD patients who underwent isolated heart transplantation “from 2000 to 2020.” I did not identify an explicit funding or conflict-of-interest statement in the retrieved text.,"The study cohort included “1033 recipients (median age 34 years, 61% male),” implying female sex 38.9%. Age was reported as median, not mean, so mean age is NR. The text reports recipient characteristics such as dialysis, ECMO, mechanical ventilation, eGFR, bilirubin, HIV status, ischemic time, stroke, and post-transplant dialysis, so clinical history was included. Race/ethnicity was not reported in the retrieved excerpts I could verify.","The study used a “CatBoost ML model” with random splitting into derivation (70%) and validation (30%) cohorts. Input variables included recipient, donor, procedural, and post-transplant characteristics. Feature selection was performed using SHAP with recursive feature elimination, followed by expert review. Explainability was also done with SHAP summary and force plots. I did not see explicit hyperparameter-tuning details in the retrieved text.","The authors excluded variables with “>10% missing values,” which is best classified here as complete-case style handling at the variable level rather than imputation. Class imbalance was addressed by random oversampling. Preprocessing and random 70/30 splitting were described in Figure 1 and Methods. Based on the cohort of 1033, the training and validation sizes are approximately 723 and 310, respectively. I did not find a code-availability statement.","The primary modeled endpoint was 1-year mortality/survival after heart transplantation. The paper reports that the final 1-year CatBoost model achieved “AUC of .80,” “predictive accuracy of 75.2%,” “sensitivity of 75%,” “specificity of 75%,” “PPV of 42%,” and “NPV of 93%.” The 3-year model achieved AUC 0.69 and accuracy 74.2%. Calibration and DCA were not reported in the retrieved text.",Low Risk,,"The study used a national UNOS cohort of ACHD heart-transplant recipients across the United States, which reduces single-center selection bias, although subgroup size remained modest.",Unclear,,"The model included recipient, donor, procedural, and post-transplant variables; this improves prediction but mixes pre- and post-transplant information, which may limit use as a strictly pre-transplant decision tool.",Low Risk,,The outcome was clearly defined as mortality at 1 year and 3 years after heart transplantation.,Unclear,,"Strengths include internal validation, oversampling, SHAP-based feature selection, and explainability. Uncertainty remains because external validation and calibration assessment were not reported in the retrieved text.",Low Concern,,The study directly addresses AI-based outcome prediction after heart transplantation in a clinically important ACHD subgroup and is clearly relevant to the review question.,Not Reported,Not Reported,Not Reported,Yes,"Yes (e.g., SHAP, LIME)","Automated (e.g., LASSO, Stepwise)",No,Not Applicable/Not Reported,Yes,42,93,NR,No,NR,NR,NR,NR,NR,NR,NR,NR
4/8/26 14:22,Johan Nilsson,26_Kozinski et al. - 2025 - Harnessing deep learning to detect bronchiolitis obliterans syndrome from chest CT,"Harnessing deep learning to detect bronchiolitis obliterans syndrome from chest CT
Kozinski, M. et al.
Commun Med (Lond) / 2025",Europe,Lung,Single Center,1990,2020,Transplant Recipients (Post-op),75,46,58.7,Yes,Retrospective Cohort,Convolutional Neural Network (CNN),Deep neural network (DNN) with co-training and late-fusion architecture,Imaging (CT/CXR/Echo),Human expert/Clinician,Cross-Validation (k-fold),Complete Case Analysis (Excluded),Not Reported,NR,NR,1-year survival,0.9,NR,NR,NR,No,Not Applicable / Not Reported,,"Patients were drawn from the “University Hospital of Lausanne, Switzerland, between 1990 and 2020,” making this a European single-center study. I did not identify a funding or COI statement in the retrieved text.","The study evaluated “75 post-transplant patients, including 26 with BOS,” and Table 2 reports BOS group sex as 9/17 male/female and non-BOS as 22/27 male/female, giving 44 females out of 75 total, or 58.7%. Table 2 reports age at transplantation, but only by BOS group, not an overall cohort mean. Race/ethnicity and comorbidity tables were not reported.","The paper states, “We trained a DNN to detect BOS in CT scans,” using a co-training method and late-fusion architecture tailored to low-data settings. Inputs were chest CT scans. The paper compared DNN performance with radiology-report detection in the narrative results, so human expert is the closest comparator. Evaluation used five-fold cross-validation. Visual interpretation techniques were used to reveal disease-relevant image regions, which counts as interpretability, although not specifically SHAP/LIME. I did not find explicit hyperparameter-tuning details in the retrieved text.","The study excluded scans with large pixel size, too few slices, and scans of patients with extensive infiltrates, which is most consistent with complete-case/exclusion-based handling rather than imputation. Class imbalance was addressed in the design and evaluation by patient-level five-fold splitting and weighted ROC analysis to avoid bias from patients with more scans, but no oversampling was described. Data preprocessing and acquisition details were described in depth, including scan inclusion/exclusion, reconstruction type, and late-fusion slice handling. Because the study used five-fold cross-validation at the patient level, fixed training/test N were not reported. Code availability was not reported in the retrieved text.","BOS is the obstructive phenotype of chronic lung allograft dysfunction, so the closest restricted category is CLAD. The main result was aggregated ROC-AUC 0.90 (95% CI 0.840–0.953) for BOS versus non-BOS. Performance by stage was 0.88, 0.91, and 0.94 for BOS stages I, II, and III, and 0.87 for at-risk patients with FEV1 80–90% of best. The paper did not report accuracy, PPV, sensitivity, specificity, NPV, F1-score, calibration, or DCA.",High Risk,,"This was a small single-center cohort of 75 patients, with only 26 BOS cases, and additional scan exclusions were applied, which raises selection concerns.",Low Risk,,"Predictors were chest CT scans processed with a defined DNN pipeline, and CT acquisition/reconstruction details were explicitly described.",Low Risk,,"BOS was defined according to “current diagnostic guidelines,” with onset defined when FEV1 consistently fell below 80% of best FEV1.",Unclear,,"Strengths include patient-level five-fold cross-validation, bootstrapped confidence intervals, stage-specific evaluation, and at-risk detection analysis. Uncertainty remains because this is a low-data, single-center study without external validation.",Low Concern,,The study directly addresses AI-based BOS detection after lung transplantation using CT imaging and is highly relevant to the review question.,Not Reported,No (Declared no COI),No,No,"Yes (e.g., SHAP, LIME)",Not Reported,No,"Yes (e.g., SMOTE, weighted loss)",Yes,NR,NR,NR,No,NR,NR,NR,NR,NR,NR,NR,NR
4/8/26 16:47,Johan Nilsson,27_Lehr et al. - 2024 - Differential effects of donor factors on post-transplant survival in lung transplantation,"Differential effects of donor factors on post-transplant survival in lung transplantation
Lehr, C. J. et al.
JHLT Open / 2024",USA,Lung,National Registry,2015,2020,Transplant Recipients (Post-op),7609,NR,40.3,Yes,Retrospective Cohort,Random Forest,Random Forest,Tabular (EMR/Clinical data),NR,Cross-Validation (k-fold),Complete Case Analysis (Excluded),No,NR,NR,1-year survival,0.626,NR,NR,NR,Yes,NR,,The study used the “US Scientific Registry of Transplant Recipients” and included primary bilateral lung transplant recipients from “19 February 2015–1 February 2020.” I did not identify an explicit funding or COI statement in the retrieved text.,"Adult bilateral lung transplant recipients “(n = 7,609)” were included. Recipient age was reported as median 59 years, not mean, so mean age is NR. Table 1 reports recipient sex, race/ethnicity, diagnosis group, insurance, and functional status.","The paper compared Cox donor-factor models and a “random forest model (RF)” against the “PT-CAS” post-transplant survival model. Predictors were donor and recipient registry variables, with clinically guided staged interaction testing by recipient age, sex, and diagnosis. Ten-fold cross-validation was used for time-dependent AUC estimates. I did not find SHAP/LIME or explicit hyperparameter tuning.","For model comparison, “437 recipients were omitted due to missingness of values used in the CAS post-transplant survival model,” which is most consistent with complete-case analysis. Preprocessing and cohort restriction were described, including exclusion of single-lung recipients and restriction to complete-data subsets for some comparisons. Class-imbalance handling and code release were not reported. Fixed train/test sizes were not given because evaluation used ten-fold cross-validation.","The outcome was post-transplant survival, reported at 1, 3, and 5 years. The best-performing combined model, “COX + PT-CAS,” achieved 1-year AUC 0.626 versus PT-CAS 0.609. Figure 3 also showed improved calibration for the combined Cox + PT-CAS model across a broader range of predicted risk. Accuracy, PPV, sensitivity, specificity, NPV, and F1-score were not reported.",Low Risk,"This was a large national SRTR cohort of adult primary bilateral lung transplant recipients, minimizing single-center selection bias.",,Low Risk,"Predictors were donor and recipient registry variables available around transplant, and interaction testing was prespecified across clinically relevant recipient groups.",,Low Risk,"The study explicitly modeled post-transplant survival and reported alive/censored proportions at 1, 3, and 5 years.",,Unclear,"Strengths include staged interaction modeling, Cox and random forest comparisons, cross-validation, and calibration analysis. Uncertainty remains because improvements were modest and complete-case restriction was required for some model comparisons.",,Low Concern,"The article directly addresses lung-transplant survival prediction using donor-recipient factors and machine-learning/statistical modeling, which fits the review question well.",,Not Reported,Not Reported,Yes,Yes,No,NR,No,No,Yes,NR,NR,NR,No,NR,NR,NR,NR,NR,NR,NR,NR
4/8/26 18:56,Johan Nilsson,28_Lehr-2020-Extremes of Age Decrease Survival in,"Extremes of Age Decrease Survival in Adults After Lung Transplant
Lehr, C. J. et al.
Chest / 2020",USA,Lung,National Registry,2006,2015,Transplant Recipients (Post-op),14253,59,40.1,Yes,Retrospective Cohort,Random Forest,Random survival forest (RSF),Tabular (EMR/Clinical data),,Other,Other,No,NR,NR,5-year survival,NR,NR,NR,NR,No,SRTR (Scientific Registry of Transplant Recipients),,"The study used the “Scientific Registry of Transplant Recipients” and included adult lung transplant recipients between “January 1, 2006, and February 19, 2015.” The paper explicitly states, “no funding was received for this study.” I did not identify an explicit COI declaration in the retrieved text.","The cohort included “14,253 patients,” with median age 59 years. Sex was reported by age subgroup in Table 1, but not as a single overall cohort percentage in the retrieved text, so I did not infer an overall female proportion. Table 1 reports multiple clinical/history variables including BMI, diagnosis group, tobacco use, chronic steroid use, functional status, ECMO, mechanical ventilation, creatinine clearance, bilirubin, dialysis, cardiac index, pCO2, FEV1, FVC, 6MWD, hospitalization, LAS, and transplant type. Race/ethnicity was not reported.","The paper states that “random-survival forest methodology was used to examine risk factors for death,” alongside a nonproportional hazard model. RSF used 96 variables to grow 500 trees, and “final selection of model variables was performed using bootstrap aggregation.” Inputs included recipient, donor, and paired donor-recipient variables. The analysis is better characterized as internal modeling/variable-importance analysis rather than a conventional train-test split or cross-validation framework, so validation is listed as Other.","The paper states that management of missing values is described in an appendix, but the retrieved main text does not provide enough detail to classify it as simple or multiple imputation with confidence, so I marked it as Other. No class-imbalance method or code release was reported. The RSF analysis used the full cohort with bootstrapping and 500 trees rather than a separate training and test split, so training/test sizes are NR. Explicit normalization/preprocessing steps typical of ML papers were not described in the retrieved text.","The paper focused on post-transplant survival across time, with particular emphasis on long-term survival beyond 5 years; the text notes that “increased age is associated with decreased long-term survival defined as greater than 5 years after lung transplant.” Figure 1 shows Kaplan-Meier survival by age group, and the text reports 5-year predicted survival of 64.5% for age 20, 81.2% for age 45, and 71.5% for age 65 in a hypothetical adjusted model. However, no AUC, accuracy, sensitivity, specificity, PPV, NPV, F1-score, calibration, or DCA were reported.",Low Risk,,"This was a large national SRTR cohort of adult lung transplant recipients in the LAS era, minimizing single-center selection bias.",Low Risk,,"Predictor domains included recipient, donor, and donor-recipient matching variables available around listing/transplant, and RSF explicitly evaluated variable interactions with age.",Low Risk,,"Death was ascertained through SRTR linked to the Social Security Death Master File, with patients followed to death or end of follow-up and censored at retransplant.",Unclear,,"Strengths include national scope, complementary parametric and RSF modeling, bootstrap aggregation, and age-interaction analysis; uncertainty remains because conventional predictive validation metrics such as AUC and calibration were not reported in the retrieved text.",Low Concern,,The article directly studies machine-learning-assisted risk modeling for post-lung-transplant survival and is clearly relevant to the review question.,Foundation/Non-profit,Not Reported,No,Yes,No,NR,No,No,No,NR,NR,NR,No,NR,NR,NR,NR,NR,NR,NR,NR
4/8/26 19:02,Johan Nilsson,29_Linse-2023-A machine learning model for predic,"A machine learning model for prediction of 30-day primary graft failure after heart transplantation
Linse, B. et al.
Heliyon / 2023",Multi-national,Heart,International Registry,1994,2013,Transplant Recipients (Post-op),64964,51.4,22,Yes,Retrospective Cohort,"Artificial Neural Networks (ANN, MLP, NN)",Fully connected multilayer perceptron artificial neural network (ANN/MLP),Tabular (EMR/Clinical data),"Linear Risk Score (e.g., LAS, EuroSCORE)",Cross-Validation (k-fold),Multiple Imputation,No,NR,NR,1-year survival,0.699,NR,NR,NR,No,ISHLT Registry,,"The study used the “ISHLT registry,” described as “a global collaborative effort and the largest repository of heart transplant data in the world,” and included transplants from “January 1, 1994, and December 31, 2013.” I did not identify explicit funding or COI statements in the retrieved text.","The final study population comprised “64,964 patients,” with mean age “51.4 ± 11.9 years” and “22% (N = 13,607) of the transplanted patients were female.” Table 2 reports extensive donor and recipient clinical-history variables, including diagnosis, vascular disease, stroke after listing, dialysis, ventilation, ECMO, prior transplantation, prior cardiac surgery, bilirubin, creatinine, PRA, donor hypertension, smoking, cocaine history, and cause of death. Race/ethnicity was not reported in the retrieved excerpts.","The authors developed “a non-linear artificial neural networks (ANN) model” using fully connected MLP architectures with up to three hidden layers, and compared it with the RADIAL model. The model used donor-recipient tabular variables available at transplant. Validation used an internal “nested K-fold cross-validation approach” with an outer and inner stratified 5-fold loop. Model selection used random search over hyperparameters. Variable selection was automated via permutation testing and model-based ranking. No SHAP/LIME-style interpretability was reported.","Missingness was substantial, and the authors explicitly evaluated “multiple probability imputation (MPI)” as well as mean imputation; MPI during training with mean imputation during validation is best aligned with multiple imputation among the restricted choices. Class imbalance was addressed with a weighted error function, where positive samples were weighted threefold. Preprocessing included normalization of continuous variables to zero mean/unit variance, binary coding, and one-hot encoding for categorical variables. Fixed train/test counts were not reported because validation used nested 5-fold cross-validation across the whole cohort. The software stack was reported (Theano, Lasagne, scikit-learn), but I did not see a public code-release statement, so code availability is marked Other rather than No.","The primary endpoint was PGF within 30 days, defined as death due to graft failure or cardiovascular causes, or retransplant within 30 days for causes other than rejection. In the extraction framework, PGF maps most closely to PGD. The best ANN achieved a test AUROC/C-index of “0.70 (95% CI: 0.68–0.71).” The paper also reports that the score-based RADIAL model had AUROC 0.53 and recalibrated RADIAL 0.61, both significantly worse. No classification accuracy, PPV, sensitivity, specificity, NPV, F1-score, calibration, or DCA were reported in the retrieved text.",Low Risk,,"The cohort came from the ISHLT registry, “the largest repository of heart transplant data in the world,” with 64,964 adult recipients after prespecified exclusions, which reduces single-center selection bias.",Low Risk,,"Predictors were donor and recipient variables available “at the time of transplantation,” supporting appropriate timing of inputs for risk prediction.",Low Risk,,The primary endpoint was explicitly defined as PGF within 30 days based on death from graft failure/cardiovascular causes or retransplantation for non-rejection causes.,Unclear,,"Strengths include nested stratified 5-fold validation, hyperparameter search, imbalance weighting, and comparison with RADIAL. Uncertainty remains due to substantial missingness, mixed imputation strategies, and lack of external validation or calibration reporting.",Low Concern,,"This article directly addresses machine-learning prediction of early graft failure after heart transplantation using a large transplant registry, which is strongly aligned with the review question.",Government/Public,No (Declared no COI),No,Yes,No,"Automated (e.g., LASSO, Stepwise)",Yes,No,Yes,NR,NR,NR,No,NR,NR,NR,NR,NR,NR,NR,NR
4/8/26 19:05,Johan Nilsson,30_Liou et al. - 2025 - Survival machine learning methods for mortality prediction after heart transplantation in the contem,"Survival machine learning methods for mortality prediction after heart transplantation in the contemporary era
Liou, L. et al.
PLoS One / 2025",USA,Heart,National Registry,2018,2021,Transplant Recipients (Post-op),7160,53.5,27.5,Yes,Retrospective Cohort,Random Forest,"Lasso, Ridge, Elastic Net, Cox Gradient Boost, XGBoost Linear, XGBoost Tree, and Random Survival Forests",Tabular (EMR/Clinical data),Other,Internal Split (Train/Test),Multiple Imputation,Yes,6444,716,1-year survival,0.628,NR,NR,NR,No,SRTR (Scientific Registry of Transplant Recipients),,"The analysis used the “Scientific Registry of Transplant Recipients (SRTR)” in the U.S. and included recipients transplanted “on or after October 18, 2018,” with follow-up to “June 3, 2021.” The paper states “The author(s) received no specific funding for this work” and “The authors have declared that no competing interests exist.”","The post-policy cohort included “7,160 adult heart-only transplant recipients.” The average recipient age was 53.5 years, and 27.5% were female. Race was reported, with 72.1% white, and numerous clinical/history variables were included such as diabetes, prior cardiac surgery, dialysis, VAD, ECMO, IABP, bilirubin, GFR, viral serologies, and functional status.","The study benchmarked seven survival ML/statistical models plus Cox PH using SRTR tabular recipient, donor, waitlist, clinical, and procedural variables. Predictors were chosen “based on expert opinion and literature review.” The data were split 90% training and 10% holdout, with nested repeated cross-validation within the derivation set and random-search hyperparameter tuning. There was no SHAP/LIME-style explainability.","The authors used “multiple imputation with chained equations,” z-score standardization, and one-hot encoding, while excluding predictors with >20% missingness. A 90/10 split implies about 6,444 training and 716 holdout patients. I found no resampling or class-weighting for imbalance. The paper explicitly states that “The code used in the analysis can be found” on GitHub.","The outcome was “one-year all-cause mortality,” so the closest extraction label is 1-year survival. In the post-policy holdout set, Random Survival Forests had the highest C-index at 0.628, followed by Cox Boost at 0.627. Table 2 shows the other post-policy holdout C-indices: CoxPH 0.585, Ridge 0.586, Lasso 0.613, Elastic Net 0.613, XGBoost Linear 0.600, and XGBoost Tree 0.612. Calibration plots were not described for this paper in the retrieved text, and DCA was not reported.",Low Risk,,"This was a large national SRTR cohort of adult first-time heart-only transplant recipients after clear exclusions, which reduces single-center selection bias.",Low Risk,,"Predictors were registry variables available around transplantation, and preprocessing excluded variables with excessive missingness, supporting appropriate predictor selection.",Low Risk,,The outcome was clearly defined as “one-year all-cause mortality assessed from the time of heart transplantation to death or end of the one-year follow-up.”,Unclear,,"Strengths include nested repeated cross-validation, a holdout test set, multiple imputation, and comparison across several model classes. Uncertainty remains because discrimination was only modest and the retrieved text did not document calibration results for the final models.",Low Concern,,The article directly studies machine-learning-based mortality prediction after heart transplantation in a contemporary registry cohort and is closely aligned with the review question.,,Not Reported,Yes,Yes,No,Manual/Clinical expertise,Yes,No,Yes,NR,NR,NR,No,NR,NR,NR,NR,NR,NR,NR,NR
4/8/26 21:41,Johan Nilsson,31_Lipkova et al. - 2022 - Deep learning-enabled assessment of cardiac allograft rejection from endomyocardial biopsies,"Deep learning-enabled assessment of cardiac allograft rejection from endomyocardial biopsies
Lipkova, J. et al.
Nat Med / 2022",Multi-national,Heart,Multi-center,2002,2021,Transplant Recipients (Post-op),2398,NR,NR,Yes,Retrospective Cohort,Convolutional Neural Network (CNN),CRANE (Cardiac Rejection Assessment Neural Estimator),NR,NR,NR,Not Reported,Not Reported,3548,1516,Acute Rejection,0.962,89.9,NR,NR,No,Not Applicable / Not Reported,,"The study combined a U.S. cohort with external cohorts from Turkey and Switzerland, so it is multinational and multicenter. Figure 1 states the U.S. train cohort spanned 2004–2021, the Turkish cohort 2002–2020, and the Swiss cohort 2014–2020, making the overall time span 2002–2021. I did not identify funding or COI statements in the retrieved text.","The study population comprised heart-transplant recipients undergoing EMB assessment. The retrieved text reports 1,690 patient biopsies in the U.S. cohort, 585 patients in Turkey, and 123 patients in Switzerland, totaling 2,398 patients/biopsies across cohorts used for development and external testing. I did not find a cohort-wide mean age, sex percentage, race/ethnicity, or comorbidity summary in the retrieved text.","CRANE is a deep-learning system operating on H&E-stained whole-slide biopsy images using a pretrained CNN encoder plus attention-based multiple instance learning. It was compared with expert pathologist assessment in a reader study, and it was externally evaluated on Turkish and Swiss cohorts, which makes external geographic validation the strongest validation label. The system also generated attention heatmaps for interpretation. Hyperparameters and architecture details are described in Methods.","The internal U.S. cohort was split into 70% training, 10% validation, and 20% hold-out testing. Since the U.S. dataset contained 5,054 WSIs, this corresponds to about 3,548 training WSIs and about 1,011 hold-out WSIs; adding the external Turkish and Swiss test cohorts gives 1,717 + 123 + 1,011 = about 2,851 total test WSIs, but for the strict held-out internal test field I report the internal U.S. holdout only as 1,011 if only internal is desired. However, because the prompt asks for test/validation size and the paper emphasizes rigorous external testing, I instead used the clearly reported external test cohorts separately in the narrative and note this ambiguity. Tissue segmentation, patching, transfer learning, and multi-magnification fusion were clearly described. Class imbalance was handled partly by balanced cohort partitioning rather than conventional reweighting; hence “Other.” Missing-data handling and code availability were not reported in the retrieved text.","On the U.S. hold-out set, the model detected overall rejection with AUC 0.962 and accuracy 0.899. It detected cellular rejection with AUC 0.958 and accuracy 0.893, antibody-mediated rejection with AUC 0.874 and accuracy 0.899, Quilty B lesions with AUC 0.939 and accuracy 0.920, and low-grade versus high-grade rejection with AUC 0.833 and accuracy 0.818. No PPV, sensitivity, specificity, NPV, F1, calibration, or DCA were reported in the retrieved text.",Low Risk,,"The study used a large internal U.S. dataset plus two independent external international cohorts from Turkey and Switzerland, reducing single-center selection bias.",Low Risk,,"Predictors were standardized H&E whole-slide biopsy images, and the workflow for segmentation, patching, and model inference was clearly defined.",Low Risk,,"EMB labels included rejection presence, subtype, grade, and Quilty B lesions, and all AMR cases were confirmed with C4d immunohistochemistry.",Low Risk,,"Strengths include a large internal development set, hold-out testing, two external geographic validation cohorts, multiple tasks, interpretability heatmaps, and a reader study. Remaining uncertainty is minor compared with most studies in this review.",Low Concern,,"The article directly addresses AI-based assessment of rejection after heart transplantation using biopsy pathology, which is highly relevant to the review question.",Not Reported,Not Reported,No,No,"Yes (e.g., SHAP, LIME)",NR,Yes,Other,Yes,NR,NR,NR,No,NR,NR,NR,NR,NR,NR,NR,NR
4/8/26 23:49,Johan Nilsson,32_Lisboa et al. - 2022 - Enhanced survival prediction using explainable artificial intelligence in heart transplantation,"Enhanced survival prediction using explainable artificial intelligence in heart transplantation
Lisboa, P. J. G. et al.
Sci Rep / 2022",Multi-national,Heart,International Registry,1997,2018,Transplant Recipients (Post-op),44478,54,26,Yes,Retrospective Cohort,"Artificial Neural Networks (ANN, MLP, NN)","Partial Response Network (PRN-Lasso); benchmarked against IHTSA deep learning model, IMPACT, and Explainable Boosting Machine",Tabular (EMR/Clinical data),,External Validation (Geographic/Different Hospital),Multiple Imputation,Not Reported,31315,4750,1-year survival,0.628,NR,NR,NR,Yes,ISHLT Registry,,"The study used UNOS cohorts from 1997–2018 and an external Scandinavian cohort from 1997–2018, so the data origin is multinational and best classified as international registry data rather than a single-country registry alone. I did not identify an explicit funding or COI statement in the retrieved text.","The UNOS cohorts included derivation n = 31,315, test n = 6,120, and blinded external validation n = 4,750, totaling 42,185 UNOS recipients; the Scandinavian cohort added 2,293 recipients, for 44,478 total across all cohorts described. Female sex was 26% in the external validation cohort and 24% in the derivation cohort; I report 26% because the primary external-validation cohort is the main focus of performance reporting. Race and multiple comorbidities/clinical variables were reported, including diabetes, dialysis, infection, ECMO, IABP, VAD, ventilator use, bilirubin, creatinine, and diagnosis. A single overall mean age across all cohorts was not reported in the retrieved text.","The paper developed a self-explaining neural network, the Partial Response Network, and benchmarked it against the previously published deep learning IHTSA model, IMPACT, and EBM. Inputs were tabular recipient and donor variables. The main study design was a temporal derivation/tuning/validation framework: 1997–2013 for training, 2014–2016 for testing/hyperparameter optimization, and 2017–2018 as blinded external validation. Explainability was intrinsic to the PRN design through explicit partial-response functions rather than SHAP/LIME, but it still meets the user’s category of explainability used.","The Scandinavian external dataset had missing values imputed using the median for each column, which fits best under simple imputation. The model-development workflow clearly described derivation, test, and external validation cohorts and standardization around medians for partial responses. I did not find any resampling or class-weighting approach for class imbalance, nor a code-release statement. The derivation cohort size was 31,315 and the primary blinded external validation cohort size was 4,750.","The modeled outcome was 1-year mortality after heart transplantation, which maps to 1-year survival in this extraction framework. In the blinded external UNOS 2017–2018 cohort, PRN-Lasso achieved AUROC 0.628 [0.602, 0.654], compared with 0.635 [0.609, 0.662] for IHTSA; calibration for PRN was good with Hosmer–Lemeshow chi-square 15.01, p = 0.135. In the Scandinavian cohort, AUROC was 0.626 with imputed data and 0.634 with observed-only data. Accuracy, PPV, sensitivity, specificity, NPV, F1, and DCA were not reported in the retrieved text.",Low Risk,,"The study used large registry-based cohorts from UNOS plus an external Scandinavian dataset, with clear temporal separation for derivation, testing, and blinded validation, which reduces major selection bias.",Low Risk,,"Predictors were clinically relevant recipient and donor variables commonly used for 1-year mortality prediction, including age, creatinine, ischemic time, ventilator status, diagnosis, infection, and transplant year.",Low Risk,,The paper explicitly modeled 1-year mortality after heart transplantation and reported event rates and AUROCs consistently across cohorts.,Low Risk,,"Strengths include temporal external validation, comparison with multiple benchmarks, calibration assessment, and additional external validation in Scandinavia. Remaining uncertainty is limited compared with many studies in this review.",Low Concern,,This study directly addresses explainable AI for prediction of 1-year mortality after heart transplantation and is highly relevant to the review question.,Government/Public,No (Declared no COI),Yes,Yes,"Yes (e.g., SHAP, LIME)","Automated (e.g., LASSO, Stepwise)",Yes,No,Yes,NR,NR,NR,No,NR,NR,NR,NR,NR,NR,NR,NR
4/9/26 11:08,Johan Nilsson,33_Ma-2025-Developing approaches to incorporate d,"Developing approaches to incorporate donor-lung computed tomography images into machine learning models to predict severe primary graft dysfunction after lung transplantation
Ma, W. et al.
Am J Transplant / 2025",USA,Lung,Single Center,2010,2019,Transplant Recipients (Post-op),160,60,41.88,Yes,Retrospective Cohort,Convolutional Neural Network (CNN),3D ResNet (SE ResNet50 3D) with multimodal fusion; EfficientNetB7 and ResNet50 comparator imaging pipelines,Imaging (CT/CXR/Echo),,Cross-Validation (k-fold),Simple Imputation (Mean/Median),Not Reported,120,20,1-year survival,0.74,70,60,NR,No,Not Applicable / Not Reported,,"The study included patients undergoing bilateral lung transplantation “at Washington University in St. Louis between January 1, 2010 and December 31, 2019,” making this a U.S. single-center cohort. I did not identify explicit funding or COI statements in the retrieved text.","“In total, 160 patients were eligible for inclusion,” and Table 1 reports female sex in 67 of 160 recipients (41.88%). Age was reported as median 61 years rather than mean, so mean age is NR. Race, diagnosis, hospitalization status, ICU status, mechanical ventilation, ECMO, LAS, BMI, pulmonary artery pressure, and donor characteristics were reported.","The study tested four computer-vision architectures, including ResNet50 montage approaches, EfficientNetB7 slice-based extraction, and a pretrained “3D ResNet model (SE ResNet50 3D).” Clinical and imaging data were then fused by early, joint, and late fusion. Feature reduction used repeated LASSO with selection frequency thresholding. Model training used stratified 7-fold cross-validation plus held-out validation/test sets. Hyperparameters included focal-loss gamma testing and were selected during cross-validation.","The paper states, “Missing clinical data was median imputed,” which is simple imputation. The cohort was split “75%:12.5%:12.5% train:test:validation,” so for 160 patients this corresponds to about 120 training and 20 held-out test patients. Preprocessing included DICOM handling, grayscale normalization, automatic exclusion of the top 15% and bottom 5% of scan series, resizing/cropping, and feature ablation. Class imbalance was addressed using focal loss optimized for AUPRC. Code availability was not reported in the retrieved text.","The primary outcome was “severe PGD (grade 3) at any time within the first 72 hours after transplantation.” Among imaging-only approaches, the best model had median AUROC 0.63 and AUPRC 0.48. The best overall model was late fusion of imaging and clinical data, with median AUROC 0.74 and AUPRC 0.61, significantly better than clinical EHR data alone (AUROC 0.64, AUPRC 0.43). The paper also reports F1, recall, PPV, NPV, and accuracy in tables, but the provided excerpt does not show all final fused-model numeric values clearly enough for me to extract them without risk of error, so I leave them NR. Calibration and DCA were not reported.",High Risk,,"This was a single-center cohort of only 160 recipients, restricted to transplanted donors with available CT scans, which limits representativeness and introduces selection risk.",Low Risk,,"Predictors were clinically relevant recipient/donor EHR data and routinely reviewed donor-lung CT scans, and the image preprocessing pipeline was explicitly described.",Low Risk,,Severe PGD was defined according to “International Society for Heart and Lung Transplantation criteria” and graded by two board-certified pulmonologists.,Unclear,,"Strengths include TRIPOD+AI reporting, held-out validation/test sets, bootstrap analysis, repeated LASSO, and multimodal comparison; uncertainty remains because the sample size is small for deep learning and external validation was not reported.",Low Concern,,"The article directly applies AI/ML to lung transplantation, specifically donor-CT-enhanced prediction of severe PGD after transplant, which is highly relevant to the review question.",Foundation/Non-profit,Yes (Declared COI),Yes,Yes,No,"Automated (e.g., LASSO, Stepwise)",Yes,Not Applicable/Not Reported,Yes,50,82,0.54,No,NR,NR,NR,NR,NR,NR,NR,NR
4/9/26 11:13,Johan Nilsson,34_Mardini et al. - 2024 - An explainable machine learning approach using contemporary UNOS data to identify patients who fail,"An explainable machine learning approach using contemporary UNOS data to identify patients who fail to bridge to heart transplantation
Mardini, M. T. et al.
Front Cardiovasc Med / 2024",USA,Heart,National Registry,2018,2022,Transplant Candidates (Waitlist),4178,54.1,23.5,Yes,Retrospective Cohort,Gradient Boosting (XGBoost/LightGBM),eXtreme Gradient Boosting (XGBoost),Tabular (EMR/Clinical data),,Cross-Validation (k-fold),Algorithm handles natively,Not Reported,NR,NR,Waitlist mortality,0.71,72,54,75,No,SRTR (Scientific Registry of Transplant Recipients),,"The study “utilized the UNOS registry” and identified candidates “listed between 2018 and 2022 as UNOS Status 2,” making this a U.S. national registry study. I did not identify an explicit funding or competing-interest declaration in the retrieved text.","The cohort included “4,178 patients listed as Status 2.” From Table 1, mean age was 52.3 in failures and 54.3 in non-failures; weighted overall mean is about 54.1 years. Female sex was 96/504 in failures and 885/3674 in non-failures, for an overall 981/4178 = 23.5%. Race, diabetes, ventilation, dialysis, cardiomyopathy type, hemodynamics, biochemistry, medications, and region were all reported.",The authors “used the eXtreme Gradient Boosting (XGBoost) algorithm” and developed one comprehensive model plus region-specific models. Inputs were structured UNOS tabular clinical features. Model interpretation used SHAP. Predictors were chosen from clinically different features between groups and then reduced to 19 inputs after removing highly correlated variables and creating missingness indicators. Validation used 5 × 5 nested cross-validation with grid search.,"The study explicitly compared several imputation methods, including “XGBoost’s built-in imputation mechanism,” and Supplementary Table S1 determined the best strategy per model; among the restricted categories, “algorithm handles natively” fits best. Class imbalance was addressed by testing under-sampling, SMOTE, and increased class weights. Preprocessing included removal of correlated features, creation of PAPi, missingness indicators, and categorical encoding. Fixed train/test counts were not reported because evaluation used nested cross-validation folds. Code availability was not stated.","The primary outcome was failure to bridge to transplant, defined as “death while on the waiting list, being too sick to transplant, being listed as an inactive patient due to a high risk of transplantation (Status 7) or upgrading to UNOS status 1.” Within the restricted outcome labels, Waitlist mortality is the closest fit, though the actual endpoint is broader than mortality alone. The overall model achieved AUC 0.71 ± 0.03, accuracy 0.72 ± 0.02, sensitivity 0.54 ± 0.04, and specificity 0.75 ± 0.02. PPV, NPV, F1, calibration, and DCA were not reported in the retrieved text.",Low Risk,,"This was a contemporary UNOS national registry cohort of 4,178 Status 2 candidates with explicit inclusion criteria, which reduces single-center selection bias.",Low Risk,,"Predictors were clinically relevant pre-listing/support variables measured near MCS initiation, including hemodynamics, labs, support devices, medications, and demographics.",Low Risk,,"The primary outcome was clearly defined as Status 2 failure, including death, too sick for transplant, Status 7 inactivation due to high transplant risk, or upgrade to Status 1.",Unclear,,"Strengths include nested cross-validation, grid search, SHAP-based interpretation, and explicit handling of missingness and imbalance. Uncertainty remains because performance was only moderate and varied substantially across regions.",Low Concern,,The article directly studies machine-learning prediction in heart transplant candidates awaiting transplantation and is clearly relevant to the review question.,Government/Public,No (Declared no COI),Yes,Yes,"Yes (e.g., SHAP, LIME)","Automated (e.g., LASSO, Stepwise)",Yes,"Yes (e.g., SMOTE, weighted loss)",Yes,NR,NR,NR,No,NR,NR,NR,NR,NR,NR,NR,NR
4/9/26 11:18,Johan Nilsson,36_Medved et al. - 2018 - Improving prediction of heart transplantation outcome using deep learning techniques,"Improving prediction of heart transplantation outcome using deep learning techniques
Medved, D. et al.
Sci Rep / 2018",USA,Heart,National Registry,1997,2011,Transplant Recipients (Post-op),27860,52,24,Yes,Retrospective Cohort,"Artificial Neural Networks (ANN, MLP, NN)",International Heart Transplantation Survival Algorithm (IHTSA); comparator IMPACT,Tabular (EMR/Clinical data),"Linear Risk Score (e.g., LAS, EuroSCORE)",Cross-Validation (k-fold),Complete Case Analysis (Excluded),Other,22263,5597,1-year survival,0.65,NR,NR,NR,Yes,SRTR (Scientific Registry of Transplant Recipients),,"The study used “data from adult heart transplanted patients between January 1997 to December 2011… collected from the UNOS registry,” which is a U.S. national registry. I did not identify explicit funding or COI statements in the retrieved text.","The study included “27,860 heart transplantations, corresponding to 27,705 patients.” Recipient mean age was “52 ± 13 years,” and 76% were male, implying 24% female. Race and numerous clinical-history variables were reported, including diabetes, infection, dialysis, previous transplant, previous cardiac surgery, ICU status, ventilation, ECMO, IABP, VAD, bilirubin, creatinine, PRA, and diagnosis.","The paper compared the deep-learning IHTSA model with the logistic-regression-based IMPACT score. IHTSA used recipient and donor tabular registry variables, whereas IMPACT used recipient variables only. The study split cohorts into pre-2009 derivation and 2009–2011 temporal test cohorts, which is best classified as external temporal validation relative to the derivation era. The text mentions CART was used by IHTSA developers to assess relative feature importance, but not as a main explainability framework in this paper. Hyperparameter tuning was not described in the retrieved text.","The derivation cohort contained 22,263 transplants and the test cohort 5,597. The tables repeatedly report “N, number of transplants with non-missing values,” which indicates analysis on available cases rather than explicit imputation, so complete-case style handling is the best fit. No class-imbalance strategy or preprocessing/normalization details were reported. A web calculator for IHTSA is mentioned, but no code repository or released weights were identified, so code availability is marked Other.","In the 2009–2011 test cohort, recalibrated IHTSA achieved AUROC 0.65 (95% CI 0.63–0.68) for 1-year mortality, compared with 0.61 (0.58–0.63) for IMPACT. For long-term survival, recalibrated IHTSA had C-index 0.63 (0.61–0.65) versus 0.58 (0.56–0.61) for IMPACT. Calibration was reported through predicted versus actual mortality and Hosmer–Lemeshow statistics, with IHTSA closer to observed 1-year mortality than IMPACT. Accuracy, PPV, sensitivity, specificity, NPV, and F1-score were not reported.",Low Risk,,This was a large UNOS national registry cohort of adult heart transplant recipients with explicit temporal separation into derivation and test eras.,Low Risk,,"Predictors were clinically relevant recipient and donor variables available in UNOS, and the models compared recipient-only versus recipient-plus-donor approaches.",Low Risk,,"The study explicitly modeled one-year mortality and long-term survival after heart transplantation, with follow-up summarized over 165,206 patient-years.",Unclear,,"Strengths include large scale, temporal test validation, comparison with an established score, ROC/C-index evaluation, and calibration analysis. Uncertainty remains because missing-data handling and full modeling details were not extensively described in the retrieved text.",Low Concern,,The article directly addresses AI/deep-learning prediction of post-heart-transplant survival and is highly relevant to the review question.,Foundation/Non-profit,No (Declared no COI),Yes,Yes,No,Manual/Clinical expertise,Yes,No,Yes,NR,NR,NR,No,NR,NR,NR,NR,NR,NR,NR,NR
4/9/26 20:50,Johan Nilsson,35_McInnis-2022-Chronic lung allograft dysfunctio,"Chronic lung allograft dysfunction phenotype and prognosis by machine learning CT analysis
McInnis, M. C. et al.
Eur Respir J / 2022",Other,Lung,Single Center,2010,2015,Transplant Recipients (Post-op),88,47.3,51.1,Yes,Retrospective Cohort,Other,CALIPER-based Lung Texture Analysis tool (Imbio),Imaging (CT/CXR/Echo),Human expert/Clinician,Other,Complete Case Analysis (Excluded),No,NR,NR,1-year survival,0.85,NR,90,70.1,No,Not Applicable / Not Reported,,"This was a “single-centre retrospective study” from the Toronto Lung Transplant Program, University Health Network, Toronto, Canada, including transplants from “ January 2010–December 2015” with CLAD censored “31 December 2019.” Funding and COI were not visible in the retrieved text.","The final CLAD cohort “consisted of 88 patients: 57 BOS, 12 RAS, eight mixed, eight undefined and three unclassified.” From Table 1, approximate weighted mean age at transplant is about 47.3 years, and females were 31 + 8 + 6 = 45 of 88 patients, or 51.1%. Race/ethnicity was not reported. Clinical history included native lung disease, CMV serostatus, time to CLAD onset, graft-failure type, immunologic variables, infection score, rejection score, and DSA status.","The study used the “Lung Texture Analysis tool (Imbio, Minneapolis, MN, USA) based on CALIPER,” previously trained outside the transplant cohort, to quantify CT textures and PVV. This was compared with independent scoring by two fellowship-trained thoracic radiologists. The work is best characterized as imaging biomarker evaluation rather than conventional train/test ML development on this cohort, so validation is “Other.” No SHAP/LIME or hyperparameter-tuning process was reported.","Patients were required to have a qualifying thin-section inspiratory CT near CLAD diagnosis, and cases with failed segmentation were excluded, which is most consistent with complete-case/exclusion-based handling. Preprocessing was described in detail: lung segmentation, removal of large airways/central vasculature, voxel texture assignment, radiologist review of overlays, and normalization of ML variables by CT total lung capacity. No class-imbalance method, code release, or train/test split was reported because this was not a new model-training study in this cohort.","The main diagnostic outcome was CLAD phenotyping. ROC analysis showed that GGOML, RETML, and especially PVVML identified the RAS/mixed phenotype, with PVV having the strongest AUC of 0.85. Using a 3% cut-point, PVV had sensitivity 90.0% and specificity 70.1% for RAS/mixed phenotyping. Machine-learning hyperlucent lung identified BOS on inspiratory CT alone with AUC 0.76. Prognostically, PVV was the strongest independent CT predictor of graft failure in multivariable Cox analysis (HR 1.23, 95% CI 1.05–1.44; p = 0.01). Accuracy, PPV, NPV, F1, calibration, and DCA were not reported.",High Risk,,"This was a single-center retrospective CLAD cohort, and from 211 CLAD patients only 88 were included after CT availability/quality and segmentation exclusions, which creates substantial selection risk.",Low Risk,,Predictors were clearly defined CT-derived machine-learning texture variables and blinded radiologist scores obtained near CLAD diagnosis.,Low Risk,,"CLAD phenotype assignment was based on previously described methodology and considered the “gold standard,” and graft failure was explicitly defined as death or retransplantation.",Unclear,,"Strengths include blinded radiologist comparison, ROC analysis, interrater reliability assessment, and multivariable Cox models adjusted for key confounders. Uncertainty remains because this was a relatively small retrospective cohort without external validation.",Low Concern,,This article directly addresses AI-assisted CT phenotyping and prognosis in CLAD after lung transplantation and is highly relevant to the review question.,Not Reported,Not Reported,No,Yes,No,Not Reported,No,No,Yes,NR,NR,NR,No,NR,NR,NR,NR,NR,NR,NR,NR
4/9/26 21:03,Johan Nilsson,37_Michelson-2024-Developing machine learning mod,"Developing machine learning models to predict primary graft dysfunction after lung transplantation
Michelson, A. P. et al.
Am J Transplant / 2024",USA,Lung,Single Center,2010,2019,Transplant Recipients (Post-op),576,NR,41.15,Yes,Retrospective Cohort,Other,"K-nearest neighbors (KNN), logistic regression (LR), extreme gradient boosting (XGB), and support vector classifier (SVC); final selected model = KNN",Tabular (EMR/Clinical data),,Internal Split (Train/Test),Simple Imputation (Mean/Median),Other,432,144,1-year survival,0.65,NR,NR,NR,Yes,Not Applicable / Not Reported,,"The cohort included bilateral lung transplant recipients “at our center between January 1, 2010, and December 31, 2019,” which makes this a U.S. single-center study. I did not identify explicit funding or COI statements in the retrieved text.","The final cohort “consisted of 576 patients.” Table 1 reports recipient sex as 237 female of 576 total recipients, or 41.15%. Recipient age was reported as median 59 years rather than mean, so mean age is NR. Race, BMI, diagnosis, LAS, ICU status, ventilation, ECMO, donor variables, and pulmonary artery pressure were reported.","The study used donor and recipient pretransplant structured data from UNOS, UNet, and the local EHR. Four prediction algorithms were trained: LR, KNN, XGB, and SVC. Feature reduction was done with lasso regression, and hyperparameters were optimized using 5-fold cross-validation with random grid search. Feature importance was assessed using SHAP. The cohort was split 75%/25% into train/test sets.","The paper states that “missing data were median imputed for continuous data and mode imputed for binary data,” which is simple imputation. Preprocessing included binary encoding of categorical variables and MinMax scaling fit on the training data and applied to the test data. The population was divided into a 75%/25% train-test split, which corresponds to about 432 training and 144 test patients from 576 total. I did not see explicit class-imbalance mitigation. The model was deployed on a secure website, but no source-code release was stated, so code availability is best classified as Other.","The primary outcome was “PGD grade 3 at any time within 72 hours of transplantation,” which maps to PGD. The abstract states that the final selected KNN model had “an area under the receiver operating characteristics curve of 0.65.” Table 3 shows KNN among the better-performing models, and Table 4/Figure 4 show explicit calibration assessment using Cox intercepts, slopes, and calibration curves before and after sigmoid calibration. The retrieved text does not provide clear final held-out PPV, sensitivity, specificity, NPV, or F1 values for the selected final KNN model, so I leave those as NR. DCA was not reported.",High Risk,,"This was a retrospective single-center study of 576 recipients from one institution, which limits representativeness despite a decent sample size.",Low Risk,,"Predictors were donor and recipient variables “known at the time of donor offer acceptance,” making them appropriately timed and clinically relevant for prediction.",Low Risk,,PGD grade 3 was defined according to International Society for Heart and Lung Transplant criteria and graded by two board-certified pulmonologists.,Unclear,,"Strengths include lasso feature reduction, train/test splitting, 5-fold CV with random grid search, 50 bootstrap iterations, and formal calibration assessment. Uncertainty remains because discrimination was only modest and no external validation was reported.",Low Concern,,The study directly addresses AI/ML prediction of PGD after lung transplantation using donor-recipient clinical data and is highly relevant to the review question.,Foundation/Non-profit,Yes (Declared COI),Yes,Yes,"Yes (e.g., SHAP, LIME)",Not Reported,Yes,No,Yes,NR,NR,NR,No,NR,NR,NR,NR,NR,NR,NR,NR
4/9/26 21:05,Johan Nilsson,38_Miller et al. - 2019 - Predictive Abilities of Machine Learning Techniques May Be Limited by Dataset Characteristics Insig,"Predictive Abilities of Machine Learning Techniques May Be Limited by Dataset Characteristics: Insights From the UNOS Database
Miller, P. E. et al.
J Card Fail / 2019",USA,Heart,National Registry,1987,2014,Transplant Recipients (Post-op),50453,NR,NR,Yes,Retrospective Cohort,"Artificial Neural Networks (ANN, MLP, NN)","Neural networks, naïve-Bayes, tree-augmented naïve-Bayes, support vector machines, random forest, stochastic gradient boosting; compared with logistic regression, ridge regression, and LASSO",Tabular (EMR/Clinical data),Other,Internal Split (Train/Test),Complete Case Analysis (Excluded),No,40362,10091,1-year survival,0.66,NR,NR,NR,Yes,Scandiatransplant Registry,,"The study queried the “UNOS database… since its inception in 1987 through 2014” for adult cardiac transplant recipients, making this a U.S. national registry study. Disclosures were explicitly reported, and one author was “supported by grant K12 HS023000-04 from the Agency for Healthcare Research and Quality,” which fits government/public funding.","The final analytic cohort included “50,453/62,621 patients” after excluding those with >20% missing data. The retrieved text did not provide an overall age or sex summary for the full cohort, so these remain NR. The paper did report major clinical predictors such as age, renal function, BMI, liver function tests, bilirubin, creatinine clearance, hemodynamics, donor blood pH, and candidate diagnosis. Race/ethnicity was not reported in the retrieved text.","The study explicitly compared traditional statistical methods with machine-learning methodologies and identified neural networks as the best-performing advanced model. Inputs were structured UNOS clinical variables, including donor and recipient factors. The data were “trained on 80% of the data and then tested on the remaining 20%,” so the validation method is internal split. No SHAP/LIME-style explainability or hyperparameter-tuning strategy was described in the retrieved text.","The authors “excluded patients with >20% missing data,” which is best classified as complete-case/exclusion-based handling. The train/test split was 80%/20%, corresponding to about 40,362 training and 10,091 test patients from 50,453 total. I did not find any explicit class-imbalance mitigation, code-release statement, or detailed preprocessing/normalization description in the retrieved text.","The primary outcome was “1-year survival.” The neural network had the highest C-statistic at 0.66, while logistic regression, ridge regression, and LASSO each had C-statistic 0.65. Calibration was evaluated using calibration curves, Hosmer–Lemeshow testing, and Brier scores; traditional models plus random forest and stochastic gradient boosting showed good calibration, whereas some other advanced models were inferior. Accuracy, PPV, sensitivity, specificity, NPV, and F1-score were not reported in the retrieved text. DCA was not reported.",Low Risk,,"This was a large national UNOS cohort of adult first single-organ heart transplant recipients across multiple eras, which reduces single-center bias, though exclusions for missingness were applied.",Low Risk,,"Predictors were clinically relevant donor and recipient variables from UNOS, including renal function, BMI, liver function, hemodynamics, donor blood pH, and diagnosis.",Low Risk,,The outcome was clearly defined as 1-year survival after heart transplantation.,Unclear,,"Strengths include comparison across multiple traditional and advanced models, train/test splitting, bootstrapping, ROC/C-statistics, and calibration assessment. Uncertainty remains because the paper provides limited detail on preprocessing and tuning, and all models showed only modest discrimination.",Low Concern,,The article directly evaluates machine learning for outcome prediction after heart transplantation using a national transplant registry and is clearly relevant to the review question.,Government/Public,NR,No,Yes,No,Not Reported,Not Reported,No,No,NR,NR,NR,No,NR,NR,NR,NR,NR,NR,NR,NR
4/9/26 21:08,Johan Nilsson,39_Ozcan et al. - 2022 - Artificial intelligence-derived cardiac ageing is associated with cardiac events post-heart transpla,"Artificial intelligence-derived cardiac ageing is associated with cardiac events post-heart transplantation
Ozcan, I. et al.
Eur Heart J Digit Health / 2022",USA,Heart,Single Center,1990,2018,Transplant Recipients (Post-op),540,49,32,Yes,Retrospective Cohort,Convolutional Neural Network (CNN),AI-ECG age algorithm / ECG-age convolutional neural network,Waveforms/Signals (ECG),,Not Reported,Complete Case Analysis (Excluded),Other,NR,NR,1-year survival,NR,NR,NR,NR,No,Not Applicable / Not Reported,,"The study was performed “at Mayo Clinic in Rochester, MN” and included “564 consecutive cardiac transplant patients who underwent HTx in our institution between 1990 and 2018,” so this is a U.S. single-center cohort. I did not identify explicit funding or COI statements in the retrieved text.","“A total of 540 patients with available pre- and post-transplantation ECG data were included.” Table 1 reports recipient age 49 ± 14 years and recipient sex male in 366/540, implying 32% female. Race/ethnicity was not reported in the retrieved text. Clinical history included hypertension, diabetes mellitus, ischemic cardiomyopathy, lipid measures, ischemic time, immunosuppression, rejection, CAV grade, and pacemaker implantation.",The paper used “an AI-ECG algorithm that was previously developed and validated in the non-transplant population” and states that “the convolutional neural network model was developed using Keras with a TensorFlow and Python backend.” Raw 12-lead ECGs were input to estimate ECG age. The model was applied without additional training to this transplant cohort. No SHAP/LIME-type explainability or hyperparameter-tuning process for this study cohort was reported. Validation here is best marked as not reported because this paper is primarily an application/prognostic study of a previously developed model rather than a new derivation-validation paper.,"The analysis included only patients “with available pre- and post-transplantation ECG data,” which is most consistent with complete-case inclusion. The ECG-age algorithm had been previously trained on 774,783 subjects outside this study, but this paper did not retrain or provide study-specific train/test counts for the transplant cohort. Data handling was described, including averaging ECG ages from ECGs obtained within 1 year before and after HTx and excluding ECGs used in the original training/validation sets. Class imbalance is not applicable to this prognostic exposure analysis. The network architecture was “available on request,” so code availability is best classified as Other rather than Yes.","The study outcome was MACE, defined as “any incident of coronary revascularization, heart failure hospitalization, re-transplantation, and all-cause mortality,” so the closest allowed category is Adverse Events. During median follow-up of 8.8 years, 307 patients experienced MACE. The main reported performance/result metric was association strength rather than discrimination: ΔECG age ≥ 0 was associated with MACE in multivariable Cox analysis, HR 1.58 (95% CI 1.18–2.10, P = 0.002). No AUC, accuracy, sensitivity, specificity, PPV, NPV, F1, calibration, or DCA were reported.",High Risk,,"This was a retrospective single-center Mayo Clinic cohort, and only patients with both pre- and post-transplant ECG data were included in the final analysis.",Low Risk,,"Predictors were standardized 12-lead ECGs processed by a previously developed CNN, and the study clearly defined pre- and post-transplant ECG age windows.",Low Risk,,"MACE was explicitly defined as coronary revascularization, heart failure hospitalization, re-transplantation, and all-cause mortality, with events collected by detailed chart review.",Unclear,,"Strengths include multivariable Cox models, competing-risk analysis, and long follow-up. Uncertainty remains because this was a prognostic application of an existing AI tool rather than a full derivation/validation study within the transplant cohort, and no discrimination/calibration metrics were reported.",Low Concern,,"The study directly applies AI to post-heart-transplant risk stratification and cardiac events, which is clearly relevant to the review question.",,Not Reported,No,Yes,No,Not Reported,No,No,Yes,NR,NR,NR,No,NR,NR,NR,NR,NR,NR,NR,NR
4/9/26 21:11,Johan Nilsson,40_Pelzer-2023-The Accuracy of Initial U.S. Heart,"The Accuracy of Initial U.S. Heart Transplant Candidate Rankings
Pelzer, K. M. et al.
JACC Heart Fail / 2023",USA,Heart,National Registry,2010,2020,Transplant Candidates (Waitlist),32294,53,26.3,Yes,Retrospective Cohort,Random Forest,Random survival forest (RSF); comparator Cox proportional hazards (CPH),Tabular (EMR/Clinical data),Other,Not Reported,Multiple Imputation,No,27200,5094,Waitlist mortality,0.76,NR,NR,NR,Yes,SRTR (Scientific Registry of Transplant Recipients),,"The data source was the “Scientific Registry of Transplant Recipients,” with a prepolicy training set from “2010-2017” and a postpolicy test set from “November 1, 2018, and March 1, 2020.” I did not identify an explicit funding or COI statement in the retrieved text.","The final cohort contained “32,294 adult heart transplant candidates (mean age: 53.0 years; 73.7% male),” implying 26.3% female. Race/ethnicity was not reported in the retrieved text. Clinical history included malignant disease, cerebrovascular disease, tobacco use, diabetes, diagnosis categories, and supportive treatments.","The study compared therapy-based “6-status” ranking with two multivariable methods: “Cox proportional hazards models and random survival forest models.” Predictors were clinically chosen listing-time variables including age, diagnosis, laboratory measurements, hemodynamics, and supportive treatment. Models were trained on prepolicy data and evaluated on a later postpolicy cohort, which is best classified as external temporal validation. No SHAP/LIME-style interpretability or hyperparameter-tuning details were reported in the retrieved text.","“Other missing data were imputed with the multiple imputation by chained equations algorithm,” so missing-data handling is multiple imputation. The prepolicy training cohort included 27,200 candidates and the postpolicy test cohort 5,094. The authors also specified assumptions for missing indicator variables and exclusion of obvious data-entry errors. I did not identify class-imbalance mitigation or code release.","The primary outcome was “death before receipt of a heart transplant,” which maps to waitlist mortality. In the postpolicy test set, the best-performing model was the Cox model with treatment variables, C-index 0.76, followed by the random survival forest with treatment variables, C-index 0.74; the 6-status system had C-index 0.67. Calibration was assessed with Kaplan–Meier survival by predicted 90-day risk groups and Brier scores. Accuracy, PPV, sensitivity, specificity, NPV, and F1-score were not reported. DCA was not reported.",Low Risk,,"This was a large national SRTR cohort of adult heart-transplant candidates, which minimizes single-center selection bias, although some candidates with data errors were excluded.",Low Risk,,"Predictors were listing-time physiologic measures, treatments, diagnoses, blood type, and medical history variables that are clinically relevant to urgency ranking.",Low Risk,,"The outcome was clearly defined as “death without receiving a heart transplant,” including death while waitlisted and after delisting, with transplant treated as censoring.",Low Risk,,"Strengths include temporal train-test separation, multiple imputation, comparison of CPH and RSF, bootstrap CIs, calibration assessment, and variable-importance analysis.",Low Concern,,The article directly addresses ML-based urgency ranking among heart-transplant candidates and is highly relevant to the review question.,Government/Public,No (Declared no COI),No,Yes,No,Not Reported,Not Reported,No,Yes,NR,NR,NR,No,NR,NR,NR,NR,NR,NR,NR,NR
4/10/26 11:10,Johan Nilsson,41_Raji and Safna - 2022 - Computational methods for predicting the outcome of thoracic transplantation,"Computational methods for predicting the outcome of thoracic transplantation
Raji, C. G. and Safna, A. K.
Journal of Big Data / 2022",USA,Other,National Registry,NR,NR,Transplant Recipients (Post-op),485,NR,NR,Yes,Retrospective Cohort,"Artificial Neural Networks (ANN, MLP, NN)",Multilayer Perceptron (MLP) with back-propagation; Radial Basis Function (RBF) network,Tabular (EMR/Clinical data),Other,Other,Not Reported,No,NR,NR,Other,NR,97.1,96.6,98.4,No,SRTR (Scientific Registry of Transplant Recipients),,"The study states that data were collected from the “United Network for Organ Sharing database,” so the source is a U.S. national registry. The paper says “Funding: Not applicable,” but also notes the OPTN data source support contract in the ethics section; I therefore classify the study-specific funding as None. The exact calendar years of the included thoracic transplant records were not reported in the retrieved text. The paper uses the broad term “thoracic transplantation,” not a clearly separated heart-only or lung-only cohort.","The paper reports an initial UNOS thoracic dataset of 148,509 records, then after removing pediatric cases and validation steps, “24 important attributes with 485 records were extracted.” Age, donor age, creatinine, serum albumin, ECMO, IABP, rejection episodes, ischemic time, HLA mismatch, infection resistance, and graft-failure cause were included, so clinical history was incorporated. Mean age, sex distribution, and race/ethnicity were not reported for the final 485-case dataset.","The paper’s main proposed model is the “multi-layer perceptron algorithm,” and it also implemented “the Radial Basis Function Network model to prove the accuracy of proposed model.” Inputs were donor, recipient, and transplantation tabular variables selected from UNOS using InfoGain Attribute Eval with ranker search. The comparison was against an earlier published computational system rather than a clinical guideline or human reader. The paper discusses “validation” but the retrieved text does not clearly describe a standard split or CV protocol, so I classify validation as Other rather than guessing. No SHAP/LIME-style interpretability or explicit hyperparameter tuning was reported.","Data preprocessing was described extensively: multi-organ records were filtered to thoracic transplantation, pediatric records were removed, relevant attributes were selected, and InfoGain-based ranking reduced the feature space to 24 inputs. However, the retrieved text does not describe a missing-data method, class-imbalance handling, public code release, or explicit train/test counts. Because those details were not reported clearly, I left them as NR/No rather than inferring them.","The study outcome was graft/survival status after thoracic transplantation, represented by GRF_STAT, but the exact clinical horizon was not clearly specified in the retrieved text, so the safest category is Other. The paper reports “accuracy of 97.1%” for the MLP and “92.37%” for the RBF model. Table 6 reports sensitivity 0.966 and specificity 0.984 for the proposed MLP. AUC/C-statistic, PPV, NPV, F1, calibration, and DCA were not reported in the retrieved text.",High Risk,,"Although the source was UNOS, the final analytic sample was reduced from a very large registry to only 485 records after multiple filtering and validation steps, and the paper does not clearly describe cohort assembly in a clinically transparent way.",Unclear,,"The included predictors are clinically plausible donor, recipient, and transplant variables, but several choices are not well justified clinically and one top-ranked variable was recipient sex, suggesting possible dataset-driven instability.",Unclear,,"The outcome variable was GRF_STAT, with “N” indicating graft failure and “Y” success, but the paper does not clearly define the exact time horizon for this success/failure endpoint in the retrieved text.",High Risk,,"The reported accuracy is very high, but the retrieved text does not clearly document dataset split strategy, external validation, calibration, or robust modern reporting standards, which creates substantial risk of optimistic performance estimation.",Unclear,,"The study is directly about computational prediction after thoracic transplantation and uses UNOS data, but it mixes broad “thoracic transplantation” terminology with heart-focused background and does not clearly define a heart-only or lung-only clinically interpretable cohort.",,No (Declared no COI),No,Yes,No,"Automated (e.g., LASSO, Stepwise)",No,No,Yes,NR,NR,NR,No,NR,NR,NR,NR,NR,NR,NR,NR
4/10/26 11:22,Johan Nilsson,42_Rodriguez et al. - 2022 - A Framework for Using Real-World Data and Health Outcomes Modeling to Evaluate Machine Learning-Base,"A Framework for Using Real-World Data and Health Outcomes Modeling to Evaluate Machine Learning-Based Risk Prediction Models
Rodriguez, P. J. et al.
Value Health / 2022",USA,Lung,National Registry,2012,2016,Transplant Candidates (Waitlist),4247,NR,NR,Yes,Retrospective Cohort,Ensemble,Super learner ensemble ML model for 2-year mortality; patient-level microsimulation framework,Tabular (EMR/Clinical data),Standard Clinical Guidelines,Internal Split (Train/Test),Multiple Imputation,No,6368,4247,Other,0.914,NR,NR,NR,Yes,Other Registry,,"The real-world cohort came from the “Cystic Fibrosis Foundation Patient Registry” linked to UNOS data, and the cohort was followed “until December 31, 2016,” with simulation starting January 1, 2012. I did not identify an explicit funding or conflict-of-interest statement in the retrieved text.","The patient-level simulation used the “40% validation set (n = 4247).” The retrieved text does not report a cohort-wide mean age or sex percentage for this validation sample. Clinical history and longitudinal disease data were included through repeated encounter-level CFFPR variables, including lung function, contraindications, visit history, waitlist status, and transplant outcomes. Race/ethnicity was not reported in the retrieved text.","The ML referral policy used a previously developed “super learner, an ensemble ML approach that optimally combined multiple underlying models (lasso, elastic net, ridge, XGboost, random forest, and support vector machine).” It was compared against referral based on FEV1 and usual care. The 40% validation set was used for the simulation, so internal split is the best validation label. The paper focuses on downstream clinical utility rather than interpretability, and I did not find a clear feature-selection or hyperparameter-tuning description in the retrieved text.","The cohort of 10,615 adults was previously split into training (60%) and validation (40%) sets; this corresponds to about 6,368 training and 4,247 validation/test patients. The paper describes imputation of missing ABO and LAS-related variables and synthetic extension of trajectories, and explicitly uses “multiple imputation by chained equations” for some modeled quantities, so multiple imputation is the best fit. I did not find any class-imbalance strategy or code-release statement.","The modeled clinical decision was lung-transplant referral, and the downstream patient outcome was 5-year survival under different referral policies; because this does not map neatly to the preset categories, the best label is Other. The ML model’s baseline AUROC for 2-year mortality was 0.914 versus 0.876 for FEV1. Calibration is discussed because the paper states that the ML model had “better calibration than FEV1.” The paper’s main outcome results were survival and referral consequences in simulation rather than standard test-set accuracy, PPV, sensitivity, specificity, NPV, or F1. DCA was not reported.",Low Risk,,"The study used a large national CFF registry linked to UNOS, covering a substantial proportion of the U.S. cystic fibrosis population, which reduces major center-level selection bias.",Low Risk,,"Predictors were longitudinal real-world clinical variables collected at repeated encounters and used dynamically over time, which closely matches intended clinical use.",Low Risk,,"Outcomes were clearly defined, including referral, transplant, pretransplant death, post-transplant death, and 5-year overall survival, with explicit state transitions in the microsimulation model.",Unclear,,"Strengths include linked real-world registries, dynamic decision modeling, patient-level microsimulation, and explicit accounting for organ supply and heterogenous treatment effects. Uncertainty remains because many downstream effects were simulated rather than directly observed, and results depend on structural assumptions such as organ allocation and post-transplant survival modeling.",High Concern,,"Although the paper is highly relevant to lung transplantation and ML-based referral decisions, the population is adults with cystic fibrosis rather than a general thoracic transplant candidate population, and the article is mainly a methodological framework rather than a standard transplant prediction-model development paper.",Foundation/Non-profit,No (Declared no COI),No,Yes,No,Not Reported,Not Reported,No,Yes,NR,NR,NR,No,NR,NR,NR,NR,NR,NR,NR,NR
4/10/26 11:32,Johan Nilsson,43_Sage et al. - 2023 - A machine-learning approach to human ex vivo lung perfusion predicts transplantation outcomes and pr,"A machine-learning approach to human ex vivo lung perfusion predicts transplantation outcomes and promotes organ utilization
Sage, A. T. et al.
Nat Commun / 2023",Other,Lung,Single Center,2008,2022,Organ (ex-vivo perfusion),725,46,35,Yes,Retrospective Cohort,Gradient Boosting (XGBoost/LightGBM),InsighTx; eXtreme Gradient Boosting (XGBoost),"Tabular (EMR/Clinical data), Waveforms/Signals (ECG)",Human expert/Clinician,External Validation (Temporal),Not Reported,Not Reported,504,221,1-year survival,0.85,NR,NR,NR,No,Not Applicable / Not Reported,,"The study used EVLP data “collected in our center over the past decade,” specifically from the Toronto Lung Transplant Program/University Health Network, Toronto, Canada, with cases spanning “2008 to 2022.” I did not identify explicit funding or COI statements in the retrieved text.","The cohort included “n = 725 eligible clinical EVLP cases.” From Table 1, donor mean age was 45, 48, and 47 years across the three cohorts, which is approximately 46 overall. Male sex was 65%, 64%, and 64% across cohorts, implying about 35% female overall. This is an organ-assessment cohort rather than a recipient cohort. Race/ethnicity and comorbidity history were not reported in the retrieved text.","The paper states that the authors “evaluated eXtreme Gradient Boosting (XGBoost)” and developed “our ML model, termed InsighTx,” using donor features plus biological, physiological, and biochemical EVLP assessments. The model was then examined in a retrospective blinded implementation study involving EVLP specialists, so human expert is the best comparator. Because the development cohort preceded two later consecutive validation cohorts, external temporal is the best validation category. SHAP importance values were explicitly used to assess feature importance. The retrieved text does not describe a separate feature-selection stage or explicit hyperparameter tuning.","The development dataset contained 504 EVLP cases, and the two independent temporal validation cohorts contained 97 and 124 cases, totaling 221 test cases. Data preprocessing is described at a high level through donor plus EVLP biological/physiological/biochemical feature extraction and temporal cohort separation. I did not find a clear missing-data strategy, class-imbalance method, or code-availability statement in the retrieved text.","The model predicted EVLP suitability and post-transplant duration of mechanical ventilation; within the extraction framework, the closest postoperative adverse-outcome category is PGD because the paper also linked predictions to PGD grade 3 at 72 h. For the overall model, the best held-out AUROC was 85 ± 3% in test dataset 2. For unsuitable lungs, AUROC reached 95 ± 2%, and for extubation <72 h it reached 83 ± 4%. The paper reports model precision of 81% for identifying any unsuitable donor lung and 72% for suitable donor lungs. For donor lungs predicted to have extubation <72 h, the NPV for PGD grade 3 at 72 h was 88%. Calibration and DCA were not reported.",Unclear,,"This is the largest clinical EVLP cohort reported, but it comes from a single expert center, which may limit generalizability to other EVLP programs.",Low Risk,,"Predictors were rich EVLP biological, physiological, and biochemical features collected longitudinally during standardized ex vivo assessment, and SHAP-based importance was examined.",Low Risk,,"Outcomes were clearly defined as three clinically meaningful categories after EVLP—extubation <72 h, extubation ≥72 h, and declined for transplant—with additional linkage to PGD grade 3 at 72 h.",Unclear,,"Strengths include a sizable development cohort, two consecutive temporal test cohorts, and blinded implementation analysis. Uncertainty remains because the retrieved text does not clearly describe missing-data handling, hyperparameter tuning, or multicenter external validation.",Low Concern,,"The article directly studies ML-guided assessment of donor lungs during EVLP and its relationship to post-transplant outcomes and organ utilization, which is highly relevant to thoracic transplantation AI.",Not Reported,Yes (Declared COI),No,No,"Yes (e.g., SHAP, LIME)",Not Reported,Not Reported,No,Yes,81,88,NR,No,NR,NR,NR,NR,NR,NR,NR,NR
4/24/26 14:25,Johan Nilsson,44_Seraphin-2023-Prediction of heart transplant r,"Prediction of heart transplant rejection from routine pathology slides with self-supervised deep learning
Seraphin, T. P. et al.
Eur Heart J Digit Health / 2023",Europe,Heart,Multi-center,1999,2021,Transplant Recipients (Post-op),325,56,21,Yes,Retrospective Cohort,Convolutional Neural Network (CNN),Self-supervised learning attention-based multiple instance learning pipeline using RetCCL encoder and Marugoto; comparator CRANE,Pathology slides,Human expert/Clinician,External Validation (Geographic/Different Hospital),Complete Case Analysis (Excluded),No,393,686,Acute Rejection,0.73,NR,NR,NR,No,Not Applicable / Not Reported,,"The data came from “three different medical centres in Germany,” with cohorts from Regensburg, Hamburg, and Aachen. Table 1 shows recruitment years spanning 1999–2014, 2016–2018, and 2019–2021, so the overall study period was 1999–2021. I did not identify explicit funding or COI statements in the retrieved text.","The four cohorts included 107, 95, 86, and 37 patients, totaling 325 patients, with 1,079 slides. Age was reported as median by cohort, not as a single mean. Table 1 reports female:male per slides as 55:338, 55:301, 70:121, and 47:94, which totals 227 female slide-labels out of 1,079, about 21%; patient-level female percentage was not directly reported. Race/ethnicity and comorbidity summaries were not reported in the retrieved text.","The authors trained “our own deep learning pipeline using an SSL-based feature extractor combined with attention-based MIL” on H&E whole-slide pathology images and compared it against the CRANE method. The ground truth came from “two expert pathologists… grading the degree of rejection in consensus,” so human expert is the best comparator. Validation included hold-out and separate cohorts from other German centers, so external geographic is the strongest label. Interpretability came from attention maps and Grad-CAM visualizations. The paper reports optimizer choice, learning-rate finding, early stopping, and training settings, which count as hyperparameter/training-procedure reporting.","Only samples “with information on ISHLT grading” were eligible, which is most consistent with complete-case inclusion. The primary training cohort had 393 slides, and the three validation cohorts had 356, 189, and 141 slides, totaling 686 test slides. The paper describes digitization, tessellation, patch extraction, feature extraction, bag construction, and training procedures. No class-imbalance correction was described. The code repositories for preprocessing and deep learning are explicitly provided, satisfying code availability. The retrieved text did not explicitly mention released trained weights, but the available option set requires one of the listed labels; code availability is clearly affirmative.","The target was cellular cardiac allograft rejection on endomyocardial biopsy, which fits Acute Rejection. In cross-validation, the binary rejection yes/no AUROC was 0.849. External AUROCs were 0.734, 0.729, and 0.716. For multiclass ISHLT grades, the cross-validated AUROCs were 0.835 for 0R, 0.633 for 1R, and 0.905 for 2/3R. Although the methods mention calculation of accuracy, precision, recall, and F1-score, I did not see explicit numeric values for these in the retrieved text, so I leave them NR. Calibration and DCA were not reported.",Unclear,,"This was a multicentre retrospective series with external validation, which is a strength, but cohort sizes were still modest and selected from archived biopsies with available ISHLT grading.",Low Risk,,"Predictors were routine H&E pathology whole-slide images from endomyocardial biopsies, processed in a standardized digital workflow.",Low Risk,,"Ground truth labels were assigned by “two expert pathologists… in consensus, following the 2004 revision of the ISHLT grading system.”",Low Risk,,"Strengths include repeated three-fold cross-validation, three external validation cohorts, comparison with CRANE, bootstrapped confidence intervals, and code availability. Remaining limitations are mainly sample size and reduced external performance, not major analytic flaws.",Low Concern,,The article directly addresses AI-based detection of heart-transplant rejection from pathology and is highly relevant to the review question.,Not Reported,Yes (Declared COI),No,No,"Yes (e.g., SHAP, LIME)",None/All features,Yes,No,Yes,NR,NR,NR,No,NR,NR,NR,NR,NR,NR,NR,NR
5/29/26 14:08,Francesca Lunardi,10_Dalton-2023-Refining the Lung Allocation Score,"Refining the Lung Allocation Score Models Fails to Improve Discrimination Performance
Dalton, J. E. et al.
Chest / 2023",USA,Lung,National Registry,2010,2020,Transplant Candidates (Waitlist),13204,NR,41,Yes,Retrospective Cohort,Gradient Boosting (XGBoost/LightGBM),"WL-LAS/CAS, PT-CAS, re-estimated Cox models, cubic-spline Cox model, random survival forest, logistic model, linear discriminant analysis, gradient-boosted tree",Tabular (EMR/Clinical data),NR,Cross-Validation (k-fold),Multiple Imputation,No,NR,NR,1-year survival,NR,NR,NR,NR,No,NR,,"The paper used “Scientific Registry for Transplant Recipients (SRTR) data from 2015-2020” for waitlist models and “data from 2010-2020” for post-transplant models. Because SRTR is the U.S. national transplant registry, this is a U.S. national registry study. I did not identify an explicit funding or conflict-of-interest statement in the retrieved text.","The waitlist analysis included “13,204 candidates,” and the post-transplant analysis included “20,763 adult transplant recipients.” Table 1 reports female sex as 41% in the baseline waitlist cohort. Race/ethnicity was reported, and multiple clinical factors were included, such as diagnosis group, 6-minute walk distance, respiratory support, pulmonary arterial pressure, oxygen use, creatinine, BMI, bilirubin, insurance, and education. A single overall mean age for the full analytic cohorts was not reported in the retrieved text.","The study compared seven models for each outcome: current LAS/CAS Cox models, updated Cox models, nonlinear spline-enhanced Cox models, random survival forests, logistic models, linear discriminant analysis, and gradient-boosted trees. The main comparators were the current LAS/CAS survival models, which are linear risk-score models. The data were “randomly partitioned into 10 training and test samples for cross-validation.” Predictors came from SRTR candidate/recipient tabular data available at allocation. The retrieved text did not report SHAP/LIME-style interpretability or explicit hyperparameter tuning.","The Methods state that the authors used “multiple imputation to account for missing predictor data,” and inverse probability-of-censoring weighting to address informative censoring due to transplant. They also describe reconciliation of relisted patients and construction of residual cohorts. The study used repeated cross-validation folds rather than one fixed train/test split, so exact training and test counts are NR. Code availability was not reported in the retrieved text. Class-imbalance handling was not described.","The primary outcomes were waitlist death or removal as too sick, and post-transplant death or retransplantation. For waitlist models, discrimination was strongest in the baseline cohort, with AUC about 0.92-0.93 at 1 month, declining to about 0.87-0.89 at 3 months and 0.84-0.85 at 6 months. For post-transplant models, discrimination remained poor across models, generally “0.58-0.61,” including at 1, 3, and 5 years. Figure 1 shows subgroup AUC patterns, especially worse variability among Medicaid patients. Because the paper centers on AUC/C-statistic-style discrimination across many models and time horizons rather than a single deployed model, and because the prompt asks for held-out test/validation metrics, I leave the single numeric AUC field as NR rather than choose one arbitrary value. Calibration and DCA were not reported in the retrieved text.",Low Risk,"The study used large national SRTR cohorts of waitlist candidates and transplant recipients in the United States, which reduces center-level selection bias, although exclusions for missing key variables were applied.",,Low Risk,"Predictors were derived from SRTR variables available at allocation or cohort time points, consistent with the clinical use case for LAS/CAS modeling.",,Low Risk,"The outcomes were clearly defined as time from waitlist placement to death or removal as too sick, and time from transplant to death or retransplantation.",,Unclear,"Strengths include TRIPOD-aligned internal validation, 10-fold cross-validation, multiple imputation, inverse probability-of-censoring weighting, and comparison of several model classes; however, only internal validation was performed and post-transplant discrimination remained poor across all models.",,Low Concern,"This article directly evaluates machine-learning and alternative modeling approaches for lung transplant allocation-related prediction, making it highly relevant to the review question.",,Not Reported,Not Reported,Yes,Yes,No,NR,Not Reported,NR,Yes,NR,NR,NR,No,NR,NR,NR,NR,NR,NR,NR,NR
5/13/26 9:29,Francesca Lunardi,12_Ding-2025-Discover important donor-recipient r,"Discover important donor-recipient risk factors and interactions in heart transplant primary graft dysfunction with machine learning
Ding, S. et al.
J Am Med Inform Assoc / 2025",USA,Heart,National Registry,1987,2018,Transplant Recipients (Post-op),8008,NR,29.2,Yes,Retrospective Cohort,"Artificial Neural Networks (ANN, MLP, NN)",Multi-layer perceptron (MLP),Tabular (EMR/Clinical data),Other,Cross-Validation (k-fold),Other,Not Reported,NR,NR,1-year survival,0.868,NR,NR,NR,No,NR,,"The paper used the “United Network for Organ Sharing (UNOS) database,” which includes U.S. transplant data “since October 1, 1987,” and the selected cohort covered “1987-2018.” Funding was “partially supported by NIH [1OT2OD032581-02-999],” and the article states, “There is nothing to declare.”","The Results report “8008 patients,” with “2146 patients (26.8%)” diagnosed with PGD. Table 1 reports recipient sex, race, BMI, blood type, donor demographics, and Table 2 reports medical history, hemodynamics, lab tests, life support, and operative variables. Recipient age was reported as median (IQR), not mean, so mean age is NR.","The study describes a retrospective ML workflow using UNOS data and states, “we implement and apply a multi-layer perceptron (MLP).” It compares MLP with logistic regression, GBDT, decision tree, LightGBM, and SVM. The paper reports “5-fold cross-validation.” For explainability it uses “Integrated Gradient CITE” to compute feature attributions and interactions. Feature selection relied on “expert’s domain knowledge” plus exclusion of features with >40% missingness, with additional engineered donor-recipient pair variables. Explicit hyperparameter tuning was not described in the retrieved text.","Missing data were handled with “the kNN imputer,” which is best classified as Other. Preprocessing is described: categorical variables were encoded numerically, patients with multiple transplants during the index hospitalization were excluded, features with >40% missingness were filtered, and donor-recipient pair features were generated. The paper notes AUPRC is useful when PGD and non-PGD sizes differ, but no reweighting or resampling method was reported. Code availability was not stated. Exact fold-specific train/test counts were not reported.","The outcome was PGD after heart transplantation. Table 3 reports the best model, MLP, with AUROC 0.868 ± 0.006 and AUPRC 0.794 ± 0.015. Figure 2 shows ROC and PRC curves across 5 folds, with ROC AUCs around 0.86-0.87 and PRC AUCs around 0.76-0.80. The paper does not report accuracy, PPV, sensitivity, specificity, NPV, F1-score, calibration, or DCA.",Low Risk,"The cohort came from the national UNOS database and included 8008 heart transplant recipients, reducing single-center bias, although exclusions were applied for multiple transplants during the index hospitalization.",,Low Risk,"Predictor domains were clearly described in Tables 1-2 and included recipient, donor, operative, pair, and life-support variables available around transplantation; no obvious post-outcome leakage is described in the retrieved text.",,Unclear,"The paper states that y indicates “the diagnosis of PGD after a heart transplant,” but the retrieved excerpt does not provide a full operational definition or ascertainment algorithm within the Methods.",,Unclear,"Strengths include multiple model comparisons, kNN imputation, 5-fold cross-validation, and explainability analyses, but uncertainty remains because hyperparameter tuning, calibration, and exact split sizes were not reported.",,Low Concern,This study directly addresses AI/ML for heart transplant PGD prediction using donor-recipient variables and is closely aligned with the review question.,,Government/Public,No (Declared no COI),Yes,Yes,"Yes (e.g., SHAP, LIME)",NR,No,No,Yes,NR,NR,NR,No,NR,NR,NR,NR,NR,NR,NR,NR
5/13/26 9:47,Francesca Lunardi,11_Davalos-Yerovi et al. - 2024 - Factors Influencing the Attrition Rate of a 10-Week Multimodal Rehabilitation Program in Patients Af,"Factors Influencing the Attrition Rate of a 10-Week Multimodal Rehabilitation Program in Patients After Lung Transplant: A Neural Network Analysis
Davalos-Yerovi, V. et al.
Healthcare (Basel) / 2024",Europe,Lung,Single Center,2022,2023,Transplant Recipients (Post-op),41,55.8,46.3,Yes,Prospective Cohort,"Artificial Neural Networks (ANN, MLP, NN)",Artificial neural network (ANN) using the nnet function,Tabular (EMR/Clinical data),,Not Reported,Complete Case Analysis (Excluded),No,NR,NR,Other,NR,NR,NR,NR,No,Not Applicable / Not Reported,,"The study was conducted in “a tertiary university hospital in Barcelona (Catalonia, Spain)” and “took place between January 2022 and September 2023,” which supports Europe and single-center classification. I did not identify an explicit funding or conflict-of-interest statement in the retrieved text.","The Results state: “Of the 41 patients referred to the multimodal rehabilitation program (mean age of 55.8 [SD 9.7] years; 22 men).” This implies 19 women, or 46.3%. Table 1 reports comorbidity and clinical-history-related variables including Charlson Comorbidity Index, transplant indication, malnutrition, sarcopenia, muscle strength, exercise capacity, and quality of life. Race/ethnicity was not reported.","The paper explicitly states this was a “prospective observational study” and that “an ANN and regression analysis were used.” The ANN was implemented in R using the nnet package, with “30 neurons, a decay of 0.001, ‘tanh’ activator, and linear output relationships,” so architecture details were reported. Garson’s algorithm was used to quantify variable contribution and select variables with relative importance >0.5 for subsequent regression, which supports both explainability and automated feature selection. No explicit train/validation/test split or cross-validation was reported.","The primary analysis used “23 common baseline variables that were complete (with no missing data points) for all participants,” which is best classified as complete case analysis. Data preprocessing was described: variables were defined by type, attrition classes were encoded as 1/2/3, numeric and ordinal variables were rescaled between −1 and +1, and categorical variables were dummy coded. I found no mention of class-imbalance handling and no released code repository; only function names and package details were provided. Because a separate training/test split was not reported, training and test sample sizes are NR.","The primary outcome was attrition rate in the rehabilitation program, classified as low (<5% missing data), medium (5–10%), or high (>10%), so the closest allowed category is Other. The article reports significance of factors associated with attrition rather than conventional predictive metrics such as AUC or accuracy. Table 2 shows significant variables: low age-dependent BMI (p = 7.08 × 10−5), end-stage respiratory disease requiring LT (p = 0.000111), EQ-5D VAS (p = 0.0009078), low handgrip strength by Mediterranean reference values (p = 0.0230351), and low handgrip strength by EWGSOP2 cutoffs (p = 0.0455796). No calibration or DCA was reported.",High Risk,"The study included only 41 patients from a single center, all referred to one rehabilitation program, which limits representativeness and creates substantial selection risk.",,Unclear,"Baseline predictors were clinically relevant, but only the 23 variables with no missing data were analyzed in the ANN, so potentially important factors were excluded.",,Low Risk,"Attrition was explicitly defined using the percentage of missing data per participant and then categorized into low, medium, or high attrition.",,High Risk,"The ANN was trained on a very small sample without a reported holdout validation set, and the authors note that including all variables in regression led to overfitting and/or multicollinearity.",,Low Concern,"This article directly concerns AI use in lung-transplant recipient care, specifically rehabilitation-program attrition after transplantation.",,Not Reported,Not Reported,No,Yes,NR,NR,Yes,No,Yes,NR,NR,NR,No,NR,NR,NR,NR,NR,NR,NR,NR
5/13/26 9:57,Francesca Lunardi,13_Duenas-Jurado et al. - 2021 - New models for donor-recipient matching in lung transplantations,"New models for donor-recipient matching in lung transplantations
Duenas-Jurado, J. M. et al.
PLoS One / 2021",Europe,Lung,Single Center,1993,2016,Transplant Recipients (Post-op),404,NR,NR,Yes,Retrospective Cohort,Other,LRIPU (logistic regression using initial covariates and product units); EPUNN (evolutionary product unit neural network),Tabular (EMR/Clinical data),Other,Not Reported,Not Reported,No,NR,NR,6-month survival,NR,NR,NR,NR,No,NR,,"The paper states that it analyzed “404 lung transplants carried out at the Reina Sofía University Hospital (Córdoba, Spain) over 23 years,” and the database covered “October 1993, up until January 2016.” Funding came from the “Spanish Ministry of Economy and Competitiveness (MINECO), and FEDER funds (EU),” and the authors declared “no competing interests exist.”","The study database contained “404 lung transplant patients.” Evaluated recipient variables were reported in Table 1 and included sex, age, diagnosis group, pre-transplant status, pre-transplant gas exchange and spirometry, and transplant-type variables, but the paper did not provide the data, thus overall mean age or female percentage and race/ethnicity were not presented.","The authors describe “a retrospective analysis,” combining “logistic regression (LR) with a special type of neural network,” specifically EPUNN, yielding the hybrid LRIPU model. Inputs were donor, recipient, intraoperative, and postoperative clinical variables listed in Table 1. The paper states the model exceeded “classical statistical methods,” but it does not report a clear external or internal validation framework or explicit hyperparameter tuning procedure.","The paper reports that “categorical variables were transformed into binary variables” and that variables in Table 2 were “scaled in the [1, 2] range,” so preprocessing was described. Missing-data handling was not described. The article did not report class-imbalance handling, code release, or exact train/test sample sizes.","The dependent variable was “graft survival, when considering the end-point at six months,” and Table 1 defines y as “Survival of the graft after six months: 1 (YES), 0 (NO).” The paper presents the final LRIPU equation and discusses coefficient directions, but it does not report AUROC, accuracy, sensitivity, specificity, PPV, NPV, F1-score, calibration, or DCA. I did not infer any unreported performance metric.",High Risk,"This was a retrospective single-center cohort of 404 transplants from one hospital, with pediatric and some combined/multi-organ recipients excluded, which limits representativeness.",,High Risk,"Table 1 includes post-transplant variables such as “fvc_prp” and “fev1_prp,” which would not be available for donor-recipient allocation at the time of transplant decision-making.",,Low Risk,"The outcome was clearly defined as “Survival of the graft after six months: 1 (YES), 0 (NO).”",,High Risk,"Although the paper provides the final model equation and coefficient interpretation, it does not report standard validation metrics or a clear validation design, and it does not describe missing-data handling.",,Low Concern,The study directly addresses AI/statistical modeling for lung donor-recipient matching and short-term graft survival in lung transplantation.,,Government/Public,NR,No,Yes,No,NR,No,No,Yes,NR,NR,NR,No,NR,NR,NR,NR,NR,NR,NR,NR
5/13/26 11:45,Francesca Lunardi,14_Gholamzadeh et al. - 2025 - Analysis of the most influential factors affecting outcomes of lung transplant recipients a multiva,"Analysis of the most influential factors affecting outcomes of lung transplant recipients: a multivariate prediction model based on UNOS Data
Gholamzadeh, M. et al.
BMJ Open / 2025",USA,Lung,National Registry,2005,2022,Transplant Candidates (Waitlist),32966,54.27,33.2,Yes,Retrospective Cohort,Random Forest,Random Forest,Tabular (EMR/Clinical data),,Internal Split (Train/Test),Simple Imputation (Mean/Median),No,26372,6594,Other,NR,NR,NR,NR,No,NR,,"The study states that data were retrieved from the “United Network for Organ Sharing (UNOS) open-source database of transplant patients between 2005 and 2022,” which is a U.S. national transplant registry. I did not identify an explicit funding statement or conflict-of-interest declaration in the retrieved text.","The final dataset “contains 32 966 records with 15 features,” and after preprocessing the “overall patient population consisted of 66.88% men and 33.20% women, with a median age of 54.27 ± 14.24 years.” Clinical and demographic features were used as predictors for waiting-list priority. Race/ethnicity was not reported in the retrieved text excerpts.","The paper compares six regression models, with the RF regressor identified as best. It used preprocessing, feature engineering, feature selection, and hyperparameter tuning via random search. The target was a continuous “priority score,” so regression models were used. SHAP was used for explainability and ranking feature importance. The dataset was split 80:20 for training and testing, with k-fold cross-validation additionally used to confirm robustness.","Missing numerical data were imputed using the mean of each feature, features with >80% missingness were removed, outliers were handled with IQR/boxplot-based filtering, and data normalization was performed. Because the outcome is continuous regression rather than class prediction, class imbalance is not applicable. The study used an 80:20 split, which corresponds to 26,372 training and 6,594 test records from 32,966 total. I found no public code-release statement.","The target was the continuous waiting-list “priority” or “allocation score,” so the closest category is Other. The paper evaluated models using regression metrics including “R-squared (R2) and other error rate metrics,” and states that the RF model achieved the highest R2 and lowest error values. However, the exact numeric R2, MAE, and RMSE values were not visible in the retrieved excerpts, so I have not guessed them. No classification metrics, calibration analysis, or decision-curve analysis were reported.",Low Risk,"The study used a large UNOS national registry dataset of adult lung-transplant candidates, which reduces single-center selection bias, though exclusions were applied during preprocessing.",,Low Risk,"Predictors were clinical and demographic waiting-list variables derived from UNOS and selected through a structured, expert-guided preprocessing and feature-engineering workflow.",,Low Risk,"The outcome was clearly defined as the candidate “priority” or “allocation score,” treated as a continuous numerical variable for regression modeling.",,Unclear,"Strengths include preprocessing, feature engineering, random-search hyperparameter tuning, cross-validation, and SHAP explainability, but the model was validated only on UNOS data and the paper explicitly states that external validation is still needed.",,Low Concern,"The paper directly addresses AI/ML for lung-transplant allocation prioritization using transplant registry data, which is well aligned with the review scope.",,Not Reported,Not Reported,Not Reported,Yes,"Yes (e.g., SHAP, LIME)",NR,Yes,NR,Yes,NR,NR,NR,No,NR,NR,NR,NR,NR,NR,NR,NR
5/26/26 21:18,Francesca Lunardi,19_Hsich et al. - 2019 - Variables of importance in the Scientific Registry of Transplant Recipients database predictive of h,"Variables of importance in the Scientific Registry of Transplant Recipients database predictive of heart transplant waitlist mortality
Hsich, E. M. et al.
Am J Transplant / 2019",USA,Heart,National Registry,2004,2015,Transplant Candidates (Waitlist),33069,NR,25.37,Yes,Retrospective Cohort,Random Forest,Random Survival Forest (RSF),Tabular (EMR/Clinical data),Other,Cross-Validation (k-fold),Other,No,NR,NR,Waitlist mortality,NR,NR,NR,NR,No,NR,,"The study included “all 33 069 adult candidates on the active waiting list for heart transplantation in the national Scientific Registry of Transplant Recipients (SRTR) database between January 1, 2004 and August 31, 2015.” Funding came from the “National Heart, Lung, and Blood Institute, Grant/Award Number: R01HL141892.” I did not identify an explicit COI statement in the retrieved text.","The cohort contained 33,069 adult active waitlist candidates. Table 1 reports age by UNOS stratum as medians rather than a single overall mean, so mean age is NR. Sex and race were reported, as were multiple clinical-history variables including diabetes, hypertension, tobacco use, malignancy, peripheral vascular disease, prior stroke, and device/inotrope support.","The paper used “Random Survival Forests,” described as a “robust, nonparametric machine learning algorithmic method,” to identify risk factors without prespecified parametric assumptions. Inputs were prelisting SRTR tabular variables. The analysis used bootstrap/out-of-bag internal validation, which is most consistent with cross-validation style internal validation. The study did not use SHAP/LIME. No separate feature-selection step was described; variables in the SRTR dataset at listing were analyzed directly. Explicit hyperparameter tuning was not reported.","Missing data were “imputed using missForest imputation,” which fits best under Other. Data preparation is described, including stratification by UNOS status, use of listing-time variables only, bootstrap sampling, and out-of-bag estimation. No class-imbalance mitigation was described. Code availability was not reported. Exact train/test sizes were not reported because the method used bootstrap and out-of-bag evaluation rather than a fixed split.","The primary endpoint was “all-cause mortality assessed as time from listing to death, right censored at time of heart transplantation or end of follow-up.” The paper emphasizes variable importance and partial survival plots rather than standard classification metrics. It reports a median follow-up of 4.3 months and 5,514 deaths, but no AUC, accuracy, PPV, sensitivity, specificity, NPV, or F1-score. Calibration and DCA were not reported.",Low Risk,"This was a national SRTR cohort including all adult active waitlist candidates in the United States over the study period, which minimizes center-level selection bias.",,Low Risk,"Predictor variables were obtained at the time of initial waitlisting from the national registry and included clinically relevant laboratory, hemodynamic, diagnostic, and support-device variables.",,Low Risk,"The outcome was clearly defined as all-cause mortality from listing to death, with censoring at transplant or end of follow-up, and mortality was verified using the Social Security Death Master File.",,Unclear,"Strengths include RSF, imputation with missForest, out-of-bag validation, and stratification by UNOS status; however, the paper does not report conventional discrimination or calibration metrics for a deployable prediction model.",,Low Concern,"The article directly studies machine-learning-based prediction of heart-transplant waitlist mortality using a national transplant registry, which is highly relevant to the review question.",,Government/Public,Not Reported,Yes,Yes,No,NR,No,No,Yes,NR,NR,NR,No,NR,NR,NR,NR,NR,NR,NR,NR
5/26/26 21:23,Francesca Lunardi,18_Hickey et al. - 2023 - Long-Term outcomes in adult patients with congenital heart disease considered for transplantation A,"Long-Term outcomes in adult patients with congenital heart disease considered for transplantation: A single center study
Hickey, G. et al.
Clin Transplant / 2023",USA,Heart,Single Center,2004,2014,Transplant Candidates (Waitlist),58,35.8,34.5,Yes,Retrospective Cohort,Decision Tree,Machine learning decision tree model / multivariate decision tree analysis,Tabular (EMR/Clinical data),,Cross-Validation (k-fold),Complete Case Analysis (Excluded),No,NR,NR,1-year survival,NR,NR,NR,NR,No,Not Applicable / Not Reported,,"The study was conducted “at our center” at the University of Pittsburgh Medical Center and included ACHD patients “evaluated for heart or heart + additional organ transplant between 2004 and 2014.” Funding is explicitly listed from the National Institutes of Health and the American Heart Association, plus HeartFest. I did not find a visible COI statement in the retrieved text.","The paper states, “We identified 58 patients meeting criteria.” Baseline characteristics show mean age 35.8 years, and 65.5% male, implying 34.5% female. Race was reported as 91.4% White, 3.4% Black, and 5.2% Asian. Table 1 also includes multiple comorbidities such as hypertension, diabetes, pulmonary hypertension, portal hypertension, chronic renal insufficiency, and tobacco history.","The Methods describe “a retrospective chart review” and state that “a machine learning decision tree model was used to evaluate multiple clinical parameters correlating with 1- and 10-year survival.” Input data were clinical, hemodynamic, laboratory, and CPET variables from chart review. The model was “verified… using K-fold cross validation.” The variables entered into multivariate analysis were those previously significant on univariate analysis, which is best categorized as manual/clinical feature selection. No hyperparameter tuning or explainability method was reported.","Of 71 identified patients, “58 patients had all relevant data… available for evaluation and were included in the study,” which is most consistent with complete-case analysis. The paper mentions K-fold cross-validation but does not report fold sizes, explicit train/test counts, imbalance handling, code availability, or preprocessing/normalization steps typical of ML pipelines.","The paper evaluates both 1-year and 10-year survival. Figure 1 and the text report clinically interpretable decision rules rather than AUC-style performance. For 1-year outcomes, transplanted patients with SVP <14 mmHg had 100% survival, and non-transplanted patients with PCWP <15 mmHg had 100% survival. For 10-year outcomes, all waitlisted/declined patients with PCWP ≥17 mmHg died, and all transplanted/deferred patients with SVP <10 mmHg were alive. Kaplan–Meier curves in Figure 2 show 1-year survival of 100% for deferred, 85.7% for transplanted, 42.1% for waitlisted, and 54.5% for declined patients. No AUC, accuracy, sensitivity, specificity, PPV, NPV, F1-score, calibration, or DCA were reported.",High Risk,"This was a single-center retrospective cohort of only 58 included patients, and 13 of 71 identified patients were excluded because not all relevant data were available.",,Low Risk,"Predictors included clinically relevant pre-listing hemodynamic, laboratory, and functional variables collected during transplant evaluation, especially catheter-based measurements such as PCWP, SVP, and EDP.",,Low Risk,"The outcomes were clearly defined as 1- and 10-year survival after transplant evaluation/decision, and the paper reports group-specific survival at multiple time points via Kaplan–Meier analysis.",,Unclear,"Strengths include use of univariate analysis, multivariate decision-tree analysis, and K-fold cross-validation, but the small sample size, complete-case inclusion, and lack of standard predictive performance metrics limit robustness.",,Low Concern,"The paper directly studies machine-learning-assisted outcome prediction in heart transplant evaluation, albeit in a congenital heart disease subgroup rather than a general thoracic transplant population.",,Government/Public,Not Reported,Yes,Yes,No,NR,No,No,No,NR,NR,NR,No,NR,NR,NR,NR,NR,NR,NR,NR
5/26/26 21:33,Francesca Lunardi,01_Adedinsewo et al. - 2023 - Non-invasive detection of cardiac allograft rejection among heart transplant recipients using an ele,"Non-invasive detection of cardiac allograft rejection among heart transplant recipients using an electrocardiogram based deep learning model
Adedinsewo, D. et al.
Eur Heart J Digit Health / 2023",USA,Heart,Multi-center,1988,2021,Transplant Recipients (Post-op),1427,NR,28.9,Yes,Retrospective Cohort,Convolutional Neural Network (CNN),AI-ECG deep-learning model,Waveforms/Signals (ECG),Other,Internal Split (Train/Test),Not Reported,No,6074,758,Acute Rejection,0.84,NR,95,52.6,No,NR,,"The study included heart transplant recipients “at three Mayo Clinic US sites” and retrospectively identified patients “between January 1988 and April 2021.” The paper states support from NIH in the article end matter and includes an explicit disclosures/conflict statement section, so COI declaration was present. The data source was three Mayo Clinic sites rather than a registry.","The final retrospective study sample was “1427 unique heart transplant recipients and 7590 unique ECG-biopsy pairs.” Table 1 reports median age at last biopsy 58.3 years and female sex 28.9%, so mean age was not reported. Race/ethnicity and post-transplant comorbid conditions such as hypertension, diabetes, peripheral vascular disease, cerebrovascular disease, cancer, and connective tissue disease were reported in Table 1.","The paper says it “initially conducted a retrospective cohort study,” then a prospective proof-of-concept study after model development. The model was “a convolutional neural-network model” using the “12-lead ECG signal as input.” The retrospective data were split into training/validation/test sets. Figure 2 describes the architecture, and the paper states the best model was chosen after “a randomized hyperparameter search over optimizer, learning rates, class weights, batch size, and regularization.” The comparator was not a single clinical rule or human reader; the paper compares against standard ECG variables alone, which had inferior AUC 0.579.","Missing-data handling was not described for model inputs. Class imbalance was addressed at least in part because the hyperparameter search included “class weights.” Preprocessing was described: ECGs were digital 12-lead recordings at 500 Hz, and the model input was a “12 by 5000 array,” with random noise and translation layers. The paper does not report code release. The training and test sets contained “6074/758 unique ECG-biopsy pairs,” respectively.","Allograft rejection was defined as “moderate or severe acute cellular rejection (ACR).” On the held-out test set, the AI-ECG achieved “AUC of 0.84 (95% CI: 0.78–0.90),” sensitivity 95%, specificity 52.6%, PPV 5.1%, and NPV 99.7% using threshold 0.4. The prospective proof-of-concept study showed AUC 0.78 and sensitivity 100%, but the prompt asks for held-out test/validation-set metrics, so the primary extracted model performance is from the retrospective test set. Figure 3 shows the ROC curve, and Figure 4 shows subgroup AUC performance; performance was better within 7 days of biopsy (0.87) than >7 days (0.77). Calibration and DCA were not reported.",High Risk,"This was a retrospective study from “three Mayo Clinic US sites,” and patients were restricted to those with digital ECGs and EMBs within 30 days, which may limit representativeness and introduce selection bias.",,Low Risk,"Predictors were standardized 12-lead ECG waveforms acquired at 500 Hz and recorded before EMB, so the predictor measurement process was objective and clinically plausible.",,Low Risk,"ACR was defined using ISHLT criteria, and the final classification groups were “reviewed and approved by a cardiovascular pathologist and transplant cardiologist.”",,Unclear,"Strengths include patient-level partitioning, held-out testing, and hyperparameter search, but uncertainty remains because missing-data handling for clinical variables was not described, clustering was simplified by assuming repeated EMB independence, and no calibration analysis was reported.",,Low Concern,"The article directly addresses AI-based detection of heart transplant rejection using a non-invasive model in transplant recipients, which is closely aligned with the review question.",,Government/Public,NR,Yes,Yes,No,NR,Yes,NR,Yes,5.1,99.7,NR,No,NR,NR,NR,NR,NR,NR,NR,NR
5/26/26 21:37,Francesca Lunardi,21_Ismail-2025-Artificial intelligence-driven aut,"Artificial intelligence-driven automated lung sizing from chest radiographs
Ismail, M. K. et al.
Am J Transplant / 2025",USA,Lung,Single Center,NR,NR,Transplant Recipients (Post-op),50,59.4,30,Yes,Retrospective Cohort,Convolutional Neural Network (CNN),PSPNet-based 2-step framework for automated lung sizing,Imaging (CT/CXR/Echo),NR,Internal Split (Train/Test),Not Reported,Other,6500,50,Donor acceptance for transplantation,NR,NR,NR,NR,No,Not Applicable / Not Reported,,"The validation cohort came from “lung transplant recipients at the University of Pennsylvania,” making this a single-center U.S. study. Funding was “supported by National Institutes of Health grants HL155821.” The paper includes a disclosure section listing conflicts for two authors and stating all others had none. Study years for the recipient cohort were not reported.","The paper states that measurements were validated in “50 portable CXRs acquired in lung transplant recipients.” Table 1 reports age 59.4 ± 10.8 years, 35 males (70%), implying 30% female, and race categories. The cohort table did not report comorbidities or broader clinical history.","The system used a “2-step framework” with automatic lung segmentation using “PSPNet” and then computer-vision postprocessing to derive 6 size measurements from CXRs. The validation comparator was two radiologists in a blinded setting. The segmentation model was trained on the public Darwin dataset, then validated against radiologist measurements in the 50-recipient cohort. No SHAP/LIME-style explainability or explicit hyperparameter tuning was reported.","The segmentation model was trained on the “Darwin data set, comprising 6500 CXRs and lung masks,” and validated on 50 recipient CXRs. Preprocessing was described, including data augmentation and contrast-limited adaptive histogram equalization. Missing-data handling was not discussed. Class imbalance is not applicable for this measurement task. Code was made publicly available, but algorithm weights were not mentioned, so “Other” is the best fit.","The task was automated lung sizing to support donor-recipient size matching, so the closest allowed outcome category is Donor acceptance. The reported metrics were measurement-agreement metrics rather than classification metrics: average error <2.5% (<7.0 mm), Pearson correlation 0.97, and intraclass correlations mostly above 0.90. No AUC, sensitivity, specificity, PPV, NPV, F1-score, calibration, or DCA were reported.",High Risk,"This was a small pilot validation cohort of 50 lung transplant recipients from a single center, which limits representativeness.",,Low Risk,Predictors were standardized portable chest radiographs processed through a clearly described segmentation and feature-point extraction pipeline.,,Low Risk,The measured outcome was explicit and objective: 6 predefined lung size measurements validated against two radiologists’ independent measurements.,,Unclear,"Strengths include blinded radiologist comparison, quantitative agreement analysis, and public code availability; limitations include small sample size, single-center validation, and lack of larger external validation.",,Low Concern,"The study directly applies AI to lung transplant donor-recipient size matching, which is clearly relevant to thoracic transplantation AI.",,Government/Public,No (Declared no COI),Yes,No,No,NR,No,NR,Yes,NR,NR,NR,No,NR,NR,NR,NR,NR,NR,NR,NR
5/27/26 11:50,Francesca Lunardi,23_Kainuma et al. - 2022 - Predictors of 1-year outcome after cardiac re-transplantation Machine learning analysis,"Predictors of 1-year outcome after cardiac re-transplantation: Machine learning analysis
Kainuma, A. et al.
Clin Transplant / 2022",USA,Heart,National Registry,2000,2020,Transplant Recipients (Post-op),1294,NR,35.5,Yes,Retrospective Cohort,Random Forest,Random Survival Forests (RandomForestSRC) on Cox modeling,Tabular (EMR/Clinical data),Other,Not Reported,Complete Case Analysis (Excluded),No,NR,NR,1-year survival,NR,NR,NR,NR,No,NR,,The study “retrospectively reviewed the United Network for Organ Sharing registry” and included adult recipients undergoing cardiac re-transplantation “between January 2000 and March 2020.” I did not identify an explicit funding or conflict-of-interest statement in the retrieved text.,"Table 1 reports a total cohort of 1294 recipients, with 460 women (35.5%). Age was reported as median 45 years [30–57], not mean, so mean age is NR. Ethnicity and multiple clinical history variables were reported, including malignancy, smoking history, diabetes, creatinine, dialysis, bilirubin, ECMO, IABP, LVAD, TAH, ventilator dependence, PRA, functional status, and ICU stay.","The authors used the “random forest algorithm on Cox modeling” and the R package “RandomForestSRC” to calculate variable importance for 1-year mortality. Recipient and donor tabular variables from UNOS were included. A complementary Cox model was used to verify findings, so the comparator is best classified as Other. I did not find a reported train/test split, cross-validation scheme, SHAP/LIME-style interpretability, or hyperparameter tuning. Variable selection was clinically/manual in the sense that variables “known to be associated with risk of mortality after OHT” were included, with high-missingness variables excluded.","The paper states that variables with more than 10% missing data “were excluded from the machine learning analysis,” which is most consistent with complete-case style handling at the variable level rather than imputation. No class-imbalance handling or code availability statement was reported. I also did not find explicit preprocessing/normalization procedures or separate training/test sizes.","The target outcome was 1-year mortality after cardiac re-transplantation, which maps most closely to 1-year survival in the extraction framework. Figure 2 and the abstract report 1-year mortality of 40.6% in early versus 13.6% in late re-transplantation. RSF results were reported as variable-importance rankings, not AUROC or classification metrics. No calibration or DCA was reported.",Low Risk,"The cohort came from the national UNOS registry and included all adult cardiac re-transplant recipients meeting criteria between 2000 and 2020, which reduces single-center selection bias.",,Low Risk,"Predictors were clinically relevant recipient and donor factors measured at transplant, including end-organ function, support devices, hemodynamics, donor risk, and ischemic time.",,Low Risk,"The modeled outcome was clearly defined as time to 1-year mortality, analyzed with Kaplan–Meier, Cox modeling, and RSF variable importance for 1-year death.",,Unclear,"Strengths include national scope and complementary RSF plus Cox analyses, but no held-out validation metrics, calibration assessment, or external validation were reported in the retrieved text.",,Low Concern,"This article directly addresses machine-learning-based risk stratification in heart transplantation, specifically cardiac re-transplantation, and is closely aligned with the review question.",,Not Reported,Not Reported,Yes,Yes,No,NR,No,No,No,NR,NR,NR,No,NR,NR,NR,NR,NR,NR,NR,NR
5/27/26 11:51,Francesca Lunardi,24_Kampaktsis et al. - 2021 - State-of-the-art machine learning algorithms for the prediction of outcomes after contemporary heart,"State-of-the-art machine learning algorithms for the prediction of outcomes after contemporary heart transplantation: Results from the UNOS database
Kampaktsis, P. N. et al.
Clin Transplant / 2021",USA,Heart,National Registry,2010,2018,Transplant Recipients (Post-op),18625,53,27,Yes,Retrospective Cohort,Ensemble,"Adaboost, Logistic Regression, Decision Tree, Support Vector Machine, and K-nearest neighbor",Tabular (EMR/Clinical data),NR,Internal Split (Train/Test),Complete Case Analysis (Excluded),No,13969,4656,1-year survival,0.689,NR,NR,NR,No,NR,,The article used the “United Network for Organ Sharing (UNOS) database” and included adult heart transplant recipients “between 2010 and 2018.” I did not identify a funding statement or explicit conflict-of-interest disclosure in the retrieved text.,"The study cohort comprised “18 625 patients (53 ± 13 years, 73% males),” implying 27% female. Table 1 reports recipient ethnicity and multiple pre-transplant clinical variables, including diabetes, prior cardiac surgery, creatinine, HIV/CMV/EBV/HBV serology, diagnosis, inotropes, ventilation, and VAD use.","This was a retrospective UNOS analysis using “solely pre-transplant variables.” The dataset was split 3:1 into derivation and validation cohorts. Five supervised ML algorithms were trained after automated feature selection with “SVM-FuzCoC.” Hyperparameter optimization was explicitly performed, and LIME was used to explain the best-performing model. The IMPACT score served as a comparator for 1-year survival.","The authors excluded variables with “>10% missing values,” which is best classified here as complete-case style handling at the variable level rather than imputation. Class imbalance was addressed by “random oversampling.” Preprocessing was described, including exclusion criteria and conversion of categorical/textual variables to numerical format. Figure 1 reports training n = 13,969 and validation n = 4,656. No code release statement was identified.","The primary outcome was 1-year survival after heart transplantation. The abstract reports AUCs of 0.689, 0.642, 0.649, 0.637, and 0.526 for Adaboost, Logistic Regression, Decision Tree, SVM, and KNN, respectively, while IMPACT had AUC 0.569. Secondary analyses yielded AUCs of 0.629, 0.609, and 0.610 for 3-year survival, 5-year survival, and acute rejection. Although the paper states sensitivity, specificity, PPV, and NPV were evaluated, the exact model-specific values were not fully visible in the retrieved excerpts, so I have not guessed them. Calibration and DCA were not reported.",Low Risk,"The study used a large national UNOS registry cohort of 18,625 adult isolated heart transplant recipients, reducing single-center selection bias, though exclusions were applied.",,Low Risk,"Only pre-transplant recipient, donor, and transplant variables were used, which is appropriate for clinical prediction at or before transplant.",,Low Risk,"The primary endpoint was clearly defined as 1-year survival after heart transplantation, with secondary endpoints of 3-year survival, 5-year survival, and acute rejection.",,Unclear,"Strengths include feature selection, hyperparameter optimization, oversampling for class imbalance, internal validation, and comparison with IMPACT. Uncertainty remains because no external validation or calibration assessment was reported in the retrieved text.",,Low Concern,The article directly addresses machine-learning prediction of outcomes after heart transplantation using a contemporary national registry.,,Not Reported,Not Reported,Yes,Yes,"Yes (e.g., SHAP, LIME)",NR,Yes,NR,Yes,NR,NR,NR,No,NR,NR,NR,NR,NR,NR,NR,NR
5/27/26 12:36,Francesca Lunardi,25_Kampaktsis et al. - 2023 - Machine learning-based prediction of mortality after heart transplantation in adults with congenital,"Machine learning-based prediction of mortality after heart transplantation in adults with congenital heart disease: A UNOS database analysis
Kampaktsis, P. N. et al.
Clin Transplant / 2023",USA,Heart,National Registry,2000,2020,Transplant Recipients (Post-op),1033,NR,38.9,Yes,Retrospective Cohort,Gradient Boosting (XGBoost/LightGBM),CatBoost,Tabular (EMR/Clinical data),,Internal Split (Train/Test),Complete Case Analysis (Excluded),No,723,310,1-year survival,0.8,75.2,75,75,No,NR,,The authors queried the “United Network for Organ Sharing (UNOS) database” and identified ACHD patients who underwent isolated heart transplantation “from 2000 to 2020.” I did not identify an explicit funding or conflict-of-interest statement in the retrieved text.,"The study cohort included “1033 recipients (median age 34 years, 61% male),” implying female sex 38.9%. Age was reported as median, not mean, so mean age is NR. The text reports recipient characteristics such as dialysis, ECMO, mechanical ventilation, eGFR, bilirubin, HIV status, ischemic time, stroke, and post-transplant dialysis, so clinical history was included. Race/ethnicity was not reported in the retrieved excerpts I could verify.","The study used a “CatBoost ML model” with random splitting into derivation (70%) and validation (30%) cohorts. Input variables included recipient, donor, procedural, and post-transplant characteristics. Feature selection was performed using SHAP with recursive feature elimination, followed by expert review. Explainability was also done with SHAP summary and force plots. I did not see explicit hyperparameter-tuning details in the retrieved text.","The authors excluded variables with “>10% missing values,” which is best classified here as complete-case style handling at the variable level rather than imputation. Class imbalance was addressed by random oversampling. Preprocessing and random 70/30 splitting were described in Figure 1 and Methods. Based on the cohort of 1033, the training and validation sizes are approximately 723 and 310, respectively. I did not find a code-availability statement.","The primary modeled endpoint was 1-year mortality/survival after heart transplantation. The paper reports that the final 1-year CatBoost model achieved “AUC of .80,” “predictive accuracy of 75.2%,” “sensitivity of 75%,” “specificity of 75%,” “PPV of 42%,” and “NPV of 93%.” The 3-year model achieved AUC 0.69 and accuracy 74.2%. Calibration and DCA were not reported in the retrieved text.",Low Risk,"The study used a national UNOS cohort of ACHD heart-transplant recipients across the United States, which reduces single-center selection bias, although subgroup size remained modest.",,Unclear,"The model included recipient, donor, procedural, and post-transplant variables; this improves prediction but mixes pre- and post-transplant information, which may limit use as a strictly pre-transplant decision tool.",,Low Risk,The outcome was clearly defined as mortality at 1 year and 3 years after heart transplantation.,,Unclear,"Strengths include internal validation, oversampling, SHAP-based feature selection, and explainability. Uncertainty remains because external validation and calibration assessment were not reported in the retrieved text.",,Low Concern,The study directly addresses AI-based outcome prediction after heart transplantation in a clinically important ACHD subgroup and is clearly relevant to the review question.,,Not Reported,Not Reported,Not Reported,Yes,"Yes (e.g., SHAP, LIME)",NR,No,NR,Yes,42,93,NR,No,NR,NR,NR,NR,NR,NR,NR,NR
5/27/26 12:40,Francesca Lunardi,28_Lehr-2020-Extremes of Age Decrease Survival in,"Extremes of Age Decrease Survival in Adults After Lung Transplant
Lehr, C. J. et al.
Chest / 2020",USA,Lung,National Registry,2006,2015,Transplant Recipients (Post-op),14253,NR,NR,Yes,Retrospective Cohort,Random Forest,Random survival forest (RSF),Tabular (EMR/Clinical data),,Other,Other,No,NR,NR,5-year survival,NR,NR,NR,NR,No,NR,,"The study used the “Scientific Registry of Transplant Recipients” and included adult lung transplant recipients between “January 1, 2006, and February 19, 2015.” The paper explicitly states, “no funding was received for this study.” I did not identify an explicit COI declaration in the retrieved text.","The cohort included “14,253 patients,” with median age 59 years. Sex was reported by age subgroup in Table 1, but not as a single overall cohort percentage in the retrieved text, so I did not infer an overall female proportion. Table 1 reports multiple clinical/history variables including BMI, diagnosis group, tobacco use, chronic steroid use, functional status, ECMO, mechanical ventilation, creatinine clearance, bilirubin, dialysis, cardiac index, pCO2, FEV1, FVC, 6MWD, hospitalization, LAS, and transplant type. Race/ethnicity was not reported.","The paper states that “random-survival forest methodology was used to examine risk factors for death,” alongside a nonproportional hazard model. RSF used 96 variables to grow 500 trees, and “final selection of model variables was performed using bootstrap aggregation.” Inputs included recipient, donor, and paired donor-recipient variables. The analysis is better characterized as internal modeling/variable-importance analysis rather than a conventional train-test split or cross-validation framework, so validation is listed as Other.","The paper states that management of missing values is described in an appendix, but the retrieved main text does not provide enough detail to classify it as simple or multiple imputation with confidence, so I marked it as Other. No class-imbalance method or code release was reported. The RSF analysis used the full cohort with bootstrapping and 500 trees rather than a separate training and test split, so training/test sizes are NR. Explicit normalization/preprocessing steps typical of ML papers were not described in the retrieved text.","The paper focused on post-transplant survival across time, with particular emphasis on long-term survival beyond 5 years; the text notes that “increased age is associated with decreased long-term survival defined as greater than 5 years after lung transplant.” Figure 1 shows Kaplan-Meier survival by age group, and the text reports 5-year predicted survival of 64.5% for age 20, 81.2% for age 45, and 71.5% for age 65 in a hypothetical adjusted model. However, no AUC, accuracy, sensitivity, specificity, PPV, NPV, F1-score, calibration, or DCA were reported.",Low Risk,"This was a large national SRTR cohort of adult lung transplant recipients in the LAS era, minimizing single-center selection bias.",,Low Risk,"Predictor domains included recipient, donor, and donor-recipient matching variables available around listing/transplant, and RSF explicitly evaluated variable interactions with age.",,Low Risk,"Death was ascertained through SRTR linked to the Social Security Death Master File, with patients followed to death or end of follow-up and censored at retransplant.",,Unclear,"Strengths include national scope, complementary parametric and RSF modeling, bootstrap aggregation, and age-interaction analysis; uncertainty remains because conventional predictive validation metrics such as AUC and calibration were not reported in the retrieved text.",,Low Concern,The article directly studies machine-learning-assisted risk modeling for post-lung-transplant survival and is clearly relevant to the review question.,,,Not Reported,No,Yes,No,NR,No,No,No,NR,NR,NR,No,NR,NR,NR,NR,NR,NR,NR,NR
5/27/26 13:17,Francesca Lunardi,29_Linse-2023-A machine learning model for predic,"A machine learning model for prediction of 30-day primary graft failure after heart transplantation
Linse, B. et al.
Heliyon / 2023",Multi-national,Heart,International Registry,1994,2013,Transplant Recipients (Post-op),64964,51.4,22,Yes,Retrospective Cohort,"Artificial Neural Networks (ANN, MLP, NN)",Fully connected multilayer perceptron artificial neural network (ANN/MLP),Tabular (EMR/Clinical data),NR,Cross-Validation (k-fold),Multiple Imputation,Other,NR,NR,1-year survival,0.7,NR,NR,NR,No,NR,,"The study used the “ISHLT registry,” described as “a global collaborative effort and the largest repository of heart transplant data in the world,” and included transplants from “January 1, 1994, and December 31, 2013.” I did not identify explicit funding or COI statements in the retrieved text.","The final study population comprised “64,964 patients,” with mean age “51.4 ± 11.9 years” and “22% (N = 13,607) of the transplanted patients were female.” Table 2 reports extensive donor and recipient clinical-history variables, including diagnosis, vascular disease, stroke after listing, dialysis, ventilation, ECMO, prior transplantation, prior cardiac surgery, bilirubin, creatinine, PRA, donor hypertension, smoking, cocaine history, and cause of death. Race/ethnicity was not reported in the retrieved excerpts.","The authors developed “a non-linear artificial neural networks (ANN) model” using fully connected MLP architectures with up to three hidden layers, and compared it with the RADIAL model. The model used donor-recipient tabular variables available at transplant. Validation used an internal “nested K-fold cross-validation approach” with an outer and inner stratified 5-fold loop. Model selection used random search over hyperparameters. Variable selection was automated via permutation testing and model-based ranking. No SHAP/LIME-style interpretability was reported.","Missingness was substantial, and the authors explicitly evaluated “multiple probability imputation (MPI)” as well as mean imputation; MPI during training with mean imputation during validation is best aligned with multiple imputation among the restricted choices. Class imbalance was addressed with a weighted error function, where positive samples were weighted threefold. Preprocessing included normalization of continuous variables to zero mean/unit variance, binary coding, and one-hot encoding for categorical variables. Fixed train/test counts were not reported because validation used nested 5-fold cross-validation across the whole cohort. The software stack was reported (Theano, Lasagne, scikit-learn), but I did not see a public code-release statement, so code availability is marked Other rather than No.","The primary endpoint was PGF within 30 days, defined as death due to graft failure or cardiovascular causes, or retransplant within 30 days for causes other than rejection. In the extraction framework, PGF maps most closely to PGD. The best ANN achieved a test AUROC/C-index of “0.70 (95% CI: 0.68–0.71).” The paper also reports that the score-based RADIAL model had AUROC 0.53 and recalibrated RADIAL 0.61, both significantly worse. No classification accuracy, PPV, sensitivity, specificity, NPV, F1-score, calibration, or DCA were reported in the retrieved text.",Low Risk,"The cohort came from the ISHLT registry, “the largest repository of heart transplant data in the world,” with 64,964 adult recipients after prespecified exclusions, which reduces single-center selection bias.",,Low Risk,"Predictors were donor and recipient variables available “at the time of transplantation,” supporting appropriate timing of inputs for risk prediction.",,Low Risk,The primary endpoint was explicitly defined as PGF within 30 days based on death from graft failure/cardiovascular causes or retransplantation for non-rejection causes.,,Unclear,"Strengths include nested stratified 5-fold validation, hyperparameter search, imbalance weighting, and comparison with RADIAL. Uncertainty remains due to substantial missingness, mixed imputation strategies, and lack of external validation or calibration reporting.",,Low Concern,"This article directly addresses machine-learning prediction of early graft failure after heart transplantation using a large transplant registry, which is strongly aligned with the review question.",,Not Reported,Not Reported,No,Yes,No,NR,Yes,NR,Yes,NR,NR,NR,No,NR,NR,NR,NR,NR,NR,NR,NR
5/27/26 13:31,Francesca Lunardi,02_Agasthi et al. - 2020 - Machine learning helps predict long-term mortality and graft failure in patients undergoing heart tr,"Machine learning helps predict long-term mortality and graft failure in patients undergoing heart transplant
Agasthi, P. et al.
Gen Thorac Cardiovasc Surg / 2020",Multi-national,Heart,International Registry,2005,2009,Transplant Recipients (Post-op),15236,NR,NR,Yes,Retrospective Cohort,Gradient Boosting (XGBoost/LightGBM),Gradient-boosted machine (GBM),Tabular (EMR/Clinical data),,Internal Split (Train/Test),Complete Case Analysis (Excluded),No,12189,3047,5-year survival,0.717,NR,NR,NR,No,NR,,"The data source was the “ISHLT Registry,” described as including “223 centers in 18 countries,” making this an international registry study. The modeling cohort was restricted to OHTs “outside the window 2005–2009” being excluded, and the paper states, “Funding No funding was available” and “The authors have no conflict of interest to declare.”","The final study population included “15,236 OHT patients.” The article states continuous variables were summarized by mean/SD and categorical variables by count/percent, but the retrieved article text does not report an overall cohort table with mean age or female percentage in the main paper. Clinical history and transplant variables were included among the 342 initial variables and 87 modeled variables, including functional status, inotrope use, creatinine, bilirubin, graft function at discharge, and immunosuppressive therapy.","The paper describes a retrospective registry cohort and states that endpoints were evaluated “using the gradient-boosted machine (GBM) algorithm.” The dataset was split into “training cohort” 80% and “validation cohort” 20%, with “tenfold cross-validation repeated 5 times” used within training to tune hyperparameters. Feature selection was automated by removing variables with >50% missingness and near-zero variance, with recoding of sparse categories, resulting in 87 variables for modeling. No explicit clinical-rule comparator was tested in the main analysis.","Missingness was handled primarily by excluding variables with more than 50% missingness and filtering out patients missing survival/graft-failure time; blank categorical categories were recoded to “No” or equivalent, but no imputation was reported. Preprocessing steps were described, including exclusion filters, recoding, and near-zero-variance removal. The 80/20 split implies approximately 12,189 training and 3,047 validation/holdout patients from 15,236 total. The paper does not report code availability, and no class imbalance method was described.","The two primary endpoints were “all cause mortality and graft failure at 5 years after OHT.” Figure 1 and the Results report AUC 0.717 (95% CI 0.696–0.737) for 5-year mortality and 0.716 (95% CI 0.696–0.736) for graft failure. The user asked for tables and figures, and Figure 2 shows subgroup ROC analyses: graft-failure prediction was significantly better when recipient age was >60 years, and mortality prediction trended better when ischemic time was >4 hours. Although the methods say sensitivity, specificity, PPV, and NPV were provided, these numerical values were not present in the retrieved main-article text, so they are NR. Calibration and DCA were not reported.",Low Risk,"The cohort came from the ISHLT international registry with “223 centers in 18 countries,” which reduces single-center selection bias, although eligibility restrictions were applied.",,High Risk,"The model included both pre- and post-transplant variables, including “hospital length of stay,” “graft function at discharge,” and discharge immunosuppression, which limits interpretability for purely pre-transplant risk prediction and creates predictor-timing concerns.",,Low Risk,"The primary outcomes were explicitly defined as “all cause mortality and graft failure at 5 years after OHT,” and graft failure was further defined using the ISHLT reporting definition.",,High Risk,"The analysis treated each endpoint as a binary outcome and “time-to-event was not taken into account,” and patients lost to follow-up before year 5 were treated as not having had the event, which is a substantial risk of bias.",,Low Concern,"This article directly studies machine learning for heart transplant outcomes using donor-recipient and transplant variables, which is closely aligned with the review question.",,,NR,No,Yes,No,NR,Yes,No,Yes,NR,NR,NR,No,NR,NR,NR,NR,NR,NR,NR,NR
5/27/26 14:14,Francesca Lunardi,33_Ma-2025-Developing approaches to incorporate d,"Developing approaches to incorporate donor-lung computed tomography images into machine learning models to predict severe primary graft dysfunction after lung transplantation
Ma, W. et al.
Am J Transplant / 2025",USA,Lung,Single Center,2010,2019,Transplant Recipients (Post-op),160,NR,41.88,Yes,Retrospective Cohort,Convolutional Neural Network (CNN),3D ResNet (SE ResNet50 3D) with multimodal fusion; EfficientNetB7 and ResNet50 comparator imaging pipelines,Imaging (CT/CXR/Echo),,Cross-Validation (k-fold),Simple Imputation (Mean/Median),Not Reported,120,20,1-year survival,0.74,NR,NR,NR,No,Not Applicable / Not Reported,,"The study included patients undergoing bilateral lung transplantation “at Washington University in St. Louis between January 1, 2010 and December 31, 2019,” making this a U.S. single-center cohort. I did not identify explicit funding or COI statements in the retrieved text.","“In total, 160 patients were eligible for inclusion,” and Table 1 reports female sex in 67 of 160 recipients (41.88%). Age was reported as median 61 years rather than mean, so mean age is NR. Race, diagnosis, hospitalization status, ICU status, mechanical ventilation, ECMO, LAS, BMI, pulmonary artery pressure, and donor characteristics were reported.","The study tested four computer-vision architectures, including ResNet50 montage approaches, EfficientNetB7 slice-based extraction, and a pretrained “3D ResNet model (SE ResNet50 3D).” Clinical and imaging data were then fused by early, joint, and late fusion. Feature reduction used repeated LASSO with selection frequency thresholding. Model training used stratified 7-fold cross-validation plus held-out validation/test sets. Hyperparameters included focal-loss gamma testing and were selected during cross-validation.","The paper states, “Missing clinical data was median imputed,” which is simple imputation. The cohort was split “75%:12.5%:12.5% train:test:validation,” so for 160 patients this corresponds to about 120 training and 20 held-out test patients. Preprocessing included DICOM handling, grayscale normalization, automatic exclusion of the top 15% and bottom 5% of scan series, resizing/cropping, and feature ablation. Class imbalance was addressed using focal loss optimized for AUPRC. Code availability was not reported in the retrieved text.","The primary outcome was “severe PGD (grade 3) at any time within the first 72 hours after transplantation.” Among imaging-only approaches, the best model had median AUROC 0.63 and AUPRC 0.48. The best overall model was late fusion of imaging and clinical data, with median AUROC 0.74 and AUPRC 0.61, significantly better than clinical EHR data alone (AUROC 0.64, AUPRC 0.43). The paper also reports F1, recall, PPV, NPV, and accuracy in tables, but the provided excerpt does not show all final fused-model numeric values clearly enough for me to extract them without risk of error, so I leave them NR. Calibration and DCA were not reported.",High Risk,"This was a single-center cohort of only 160 recipients, restricted to transplanted donors with available CT scans, which limits representativeness and introduces selection risk.",,Low Risk,"Predictors were clinically relevant recipient/donor EHR data and routinely reviewed donor-lung CT scans, and the image preprocessing pipeline was explicitly described.",,Low Risk,Severe PGD was defined according to “International Society for Heart and Lung Transplantation criteria” and graded by two board-certified pulmonologists.,,Unclear,"Strengths include TRIPOD+AI reporting, held-out validation/test sets, bootstrap analysis, repeated LASSO, and multimodal comparison; uncertainty remains because the sample size is small for deep learning and external validation was not reported.",,Low Concern,"The article directly applies AI/ML to lung transplantation, specifically donor-CT-enhanced prediction of severe PGD after transplant, which is highly relevant to the review question.",,Not Reported,Not Reported,Yes,Yes,No,NR,Yes,NR,Yes,NR,NR,NR,No,NR,NR,NR,NR,NR,NR,NR,NR
5/27/26 16:16,Francesca Lunardi,35_McInnis-2022-Chronic lung allograft dysfunctio,"Chronic lung allograft dysfunction phenotype and prognosis by machine learning CT analysis
McInnis, M. C. et al.
Eur Respir J / 2022",Other,Lung,Single Center,2010,2019,Transplant Recipients (Post-op),88,47.3,51.1,Yes,Retrospective Cohort,Other,CALIPER-based Lung Texture Analysis tool (Imbio),Imaging (CT/CXR/Echo),NR,Other,Complete Case Analysis (Excluded),No,NR,NR,1-year survival,0.85,NR,90,70.1,No,Not Applicable / Not Reported,,"This was a “single-centre retrospective study” from the Toronto Lung Transplant Program, University Health Network, Toronto, Canada, including transplants from “ January 2010–December 2015” with CLAD censored “31 December 2019.” Funding and COI were not visible in the retrieved text.","The final CLAD cohort “consisted of 88 patients: 57 BOS, 12 RAS, eight mixed, eight undefined and three unclassified.” From Table 1, approximate weighted mean age at transplant is about 47.3 years, and females were 31 + 8 + 6 = 45 of 88 patients, or 51.1%. Race/ethnicity was not reported. Clinical history included native lung disease, CMV serostatus, time to CLAD onset, graft-failure type, immunologic variables, infection score, rejection score, and DSA status.","The study used the “Lung Texture Analysis tool (Imbio, Minneapolis, MN, USA) based on CALIPER,” previously trained outside the transplant cohort, to quantify CT textures and PVV. This was compared with independent scoring by two fellowship-trained thoracic radiologists. The work is best characterized as imaging biomarker evaluation rather than conventional train/test ML development on this cohort, so validation is “Other.” No SHAP/LIME or hyperparameter-tuning process was reported.","Patients were required to have a qualifying thin-section inspiratory CT near CLAD diagnosis, and cases with failed segmentation were excluded, which is most consistent with complete-case/exclusion-based handling. Preprocessing was described in detail: lung segmentation, removal of large airways/central vasculature, voxel texture assignment, radiologist review of overlays, and normalization of ML variables by CT total lung capacity. No class-imbalance method, code release, or train/test split was reported because this was not a new model-training study in this cohort.","The main diagnostic outcome was CLAD phenotyping. ROC analysis showed that GGOML, RETML, and especially PVVML identified the RAS/mixed phenotype, with PVV having the strongest AUC of 0.85. Using a 3% cut-point, PVV had sensitivity 90.0% and specificity 70.1% for RAS/mixed phenotyping. Machine-learning hyperlucent lung identified BOS on inspiratory CT alone with AUC 0.76. Prognostically, PVV was the strongest independent CT predictor of graft failure in multivariable Cox analysis (HR 1.23, 95% CI 1.05–1.44; p = 0.01). Accuracy, PPV, NPV, F1, calibration, and DCA were not reported.",High Risk,"This was a single-center retrospective CLAD cohort, and from 211 CLAD patients only 88 were included after CT availability/quality and segmentation exclusions, which creates substantial selection risk.",,Low Risk,Predictors were clearly defined CT-derived machine-learning texture variables and blinded radiologist scores obtained near CLAD diagnosis.,,Low Risk,"CLAD phenotype assignment was based on previously described methodology and considered the “gold standard,” and graft failure was explicitly defined as death or retransplantation.",,Unclear,"Strengths include blinded radiologist comparison, ROC analysis, interrater reliability assessment, and multivariable Cox models adjusted for key confounders. Uncertainty remains because this was a relatively small retrospective cohort without external validation.",,Low Concern,This article directly addresses AI-assisted CT phenotyping and prognosis in CLAD after lung transplantation and is highly relevant to the review question.,,Not Reported,Not Reported,No,Yes,No,NR,No,No,Yes,NR,NR,NR,No,NR,NR,NR,NR,NR,NR,NR,NR
5/27/26 16:22,Francesca Lunardi,36_Medved et al. - 2018 - Improving prediction of heart transplantation outcome using deep learning techniques,"Improving prediction of heart transplantation outcome using deep learning techniques
Medved, D. et al.
Sci Rep / 2018",USA,Heart,National Registry,1997,2011,Transplant Recipients (Post-op),27860,52,24,Yes,Retrospective Cohort,"Artificial Neural Networks (ANN, MLP, NN)",International Heart Transplantation Survival Algorithm (IHTSA); comparator IMPACT,Tabular (EMR/Clinical data),NR,NR,Complete Case Analysis (Excluded),Other,22263,5597,1-year survival,0.65,NR,NR,NR,Yes,NR,,"The study used “data from adult heart transplanted patients between January 1997 to December 2011… collected from the UNOS registry,” which is a U.S. national registry. I did not identify explicit funding or COI statements in the retrieved text.","The study included “27,860 heart transplantations, corresponding to 27,705 patients.” Recipient mean age was “52 ± 13 years,” and 76% were male, implying 24% female. Race and numerous clinical-history variables were reported, including diabetes, infection, dialysis, previous transplant, previous cardiac surgery, ICU status, ventilation, ECMO, IABP, VAD, bilirubin, creatinine, PRA, and diagnosis.","The paper compared the deep-learning IHTSA model with the logistic-regression-based IMPACT score. IHTSA used recipient and donor tabular registry variables, whereas IMPACT used recipient variables only. The study split cohorts into pre-2009 derivation and 2009–2011 temporal test cohorts, which is best classified as external temporal validation relative to the derivation era. The text mentions CART was used by IHTSA developers to assess relative feature importance, but not as a main explainability framework in this paper. Hyperparameter tuning was not described in the retrieved text.","The derivation cohort contained 22,263 transplants and the test cohort 5,597. The tables repeatedly report “N, number of transplants with non-missing values,” which indicates analysis on available cases rather than explicit imputation, so complete-case style handling is the best fit. No class-imbalance strategy or preprocessing/normalization details were reported. A web calculator for IHTSA is mentioned, but no code repository or released weights were identified, so code availability is marked Other.","In the 2009–2011 test cohort, recalibrated IHTSA achieved AUROC 0.65 (95% CI 0.63–0.68) for 1-year mortality, compared with 0.61 (0.58–0.63) for IMPACT. For long-term survival, recalibrated IHTSA had C-index 0.63 (0.61–0.65) versus 0.58 (0.56–0.61) for IMPACT. Calibration was reported through predicted versus actual mortality and Hosmer–Lemeshow statistics, with IHTSA closer to observed 1-year mortality than IMPACT. Accuracy, PPV, sensitivity, specificity, NPV, and F1-score were not reported.",Low Risk,This was a large UNOS national registry cohort of adult heart transplant recipients with explicit temporal separation into derivation and test eras.,,Low Risk,"Predictors were clinically relevant recipient and donor variables available in UNOS, and the models compared recipient-only versus recipient-plus-donor approaches.",,Low Risk,"The study explicitly modeled one-year mortality and long-term survival after heart transplantation, with follow-up summarized over 165,206 patient-years.",,Unclear,"Strengths include large scale, temporal test validation, comparison with an established score, ROC/C-index evaluation, and calibration analysis. Uncertainty remains because missing-data handling and full modeling details were not extensively described in the retrieved text.",,Low Concern,The article directly addresses AI/deep-learning prediction of post-heart-transplant survival and is highly relevant to the review question.,,Not Reported,Not Reported,Yes,Yes,No,NR,Not Reported,No,No,NR,NR,NR,No,NR,NR,NR,NR,NR,NR,NR,NR
5/27/26 16:35,Francesca Lunardi,37_Michelson-2024-Developing machine learning mod,"Developing machine learning models to predict primary graft dysfunction after lung transplantation
Michelson, A. P. et al.
Am J Transplant / 2024",USA,Lung,Single Center,2010,2019,Transplant Recipients (Post-op),576,NR,41.15,Yes,Retrospective Cohort,Other,"K-nearest neighbors (KNN), logistic regression (LR), extreme gradient boosting (XGB), and support vector classifier (SVC); final selected model = KNN",Tabular (EMR/Clinical data),,Internal Split (Train/Test),Simple Imputation (Mean/Median),Other,432,144,1-year survival,0.65,NR,NR,NR,Yes,Not Applicable / Not Reported,,"The cohort included bilateral lung transplant recipients “at our center between January 1, 2010, and December 31, 2019,” which makes this a U.S. single-center study. I did not identify explicit funding or COI statements in the retrieved text.","The final cohort “consisted of 576 patients.” Table 1 reports recipient sex as 237 female of 576 total recipients, or 41.15%. Recipient age was reported as median 59 years rather than mean, so mean age is NR. Race, BMI, diagnosis, LAS, ICU status, ventilation, ECMO, donor variables, and pulmonary artery pressure were reported.","The study used donor and recipient pretransplant structured data from UNOS, UNet, and the local EHR. Four prediction algorithms were trained: LR, KNN, XGB, and SVC. Feature reduction was done with lasso regression, and hyperparameters were optimized using 5-fold cross-validation with random grid search. Feature importance was assessed using SHAP. The cohort was split 75%/25% into train/test sets.","The paper states that “missing data were median imputed for continuous data and mode imputed for binary data,” which is simple imputation. Preprocessing included binary encoding of categorical variables and MinMax scaling fit on the training data and applied to the test data. The population was divided into a 75%/25% train-test split, which corresponds to about 432 training and 144 test patients from 576 total. I did not see explicit class-imbalance mitigation. The model was deployed on a secure website, but no source-code release was stated, so code availability is best classified as Other.","The primary outcome was “PGD grade 3 at any time within 72 hours of transplantation,” which maps to PGD. The abstract states that the final selected KNN model had “an area under the receiver operating characteristics curve of 0.65.” Table 3 shows KNN among the better-performing models, and Table 4/Figure 4 show explicit calibration assessment using Cox intercepts, slopes, and calibration curves before and after sigmoid calibration. The retrieved text does not provide clear final held-out PPV, sensitivity, specificity, NPV, or F1 values for the selected final KNN model, so I leave those as NR. DCA was not reported.",High Risk,"This was a retrospective single-center study of 576 recipients from one institution, which limits representativeness despite a decent sample size.",,Low Risk,"Predictors were donor and recipient variables “known at the time of donor offer acceptance,” making them appropriately timed and clinically relevant for prediction.",,Low Risk,PGD grade 3 was defined according to International Society for Heart and Lung Transplant criteria and graded by two board-certified pulmonologists.,,Unclear,"Strengths include lasso feature reduction, train/test splitting, 5-fold CV with random grid search, 50 bootstrap iterations, and formal calibration assessment. Uncertainty remains because discrimination was only modest and no external validation was reported.",,Low Concern,The study directly addresses AI/ML prediction of PGD after lung transplantation using donor-recipient clinical data and is highly relevant to the review question.,,Not Reported,Not Reported,Yes,Yes,"Yes (e.g., SHAP, LIME)",NR,Yes,No,Yes,NR,NR,NR,No,NR,NR,NR,NR,NR,NR,NR,NR
5/29/26 9:20,Francesca Lunardi,15_Glass-2024-A machine learning algorithm improv,"A machine learning algorithm improves the diagnostic accuracy of the histologic component of antibody mediated rejection (AMR-H) in cardiac transplant endomyocardial biopsies
Glass, M. et al.
Cardiovasc Pathol / 2024",USA,Heart,Single Center,2018,2021,Transplant Recipients (Post-op),300,NR,NR,Yes,Retrospective Cohort,Convolutional Neural Network (CNN),ResNet50 convolutional neural network with transfer learning,NR,NR,Internal Split (Train/Test),Not Reported,No,2948,842,Acute Rejection,0.995,98,NR,NR,No,Not Applicable / Not Reported,,"The biopsies were “previously as pAMR2 as part of routine standard of clinical care between 2018 and 2021 from Duke University Medical Center Department of Pathology,” so the data source was single-center in the USA. The paper includes a “Declaration of competing interest” stating “None.” I did not identify a funding statement in the retrieved text.","The study used “300 hematoxylin and eosin slides” from cardiac transplant endomyocardial biopsies. It did not report recipient mean age, sex distribution, race/ethnicity, or baseline comorbidity data in the retrieved text. The unit of model development was annotated biopsy regions rather than a clinical cohort table.","The study used annotated H&E pathology image patches and a “convolutional neural network approach utilizing transfer learning.” The ResNet50 model was initialized with pretrained weights and fine-tuned. The model was compared against blinded human pathologist review in a separate curated set of slides. Regions of interest were manually annotated by experts, which functions as manual/clinical feature selection at the region level. Training settings including Adam optimizer, learning rate 0.0001, cross-entropy loss, and stopping on validation-loss plateau were reported.","The dataset contained 4,212 annotations split 70%/10%/20% into training, validation, and testing. That corresponds to approximately 2,948 training annotations and 842 test annotations. The four classes were balanced at 1,053 regions each, so explicit class-imbalance correction was not reported and was likely unnecessary. Preprocessing was described through de-identification, whole-slide scanning at 40X, annotation, extraction of non-overlapping 224×224 windows, and train/validation/test splitting. Code availability was not reported. Missing-data handling was not relevant to image patches and was not described.","The task was histologic diagnosis of pAMR-H in cardiac transplant biopsies. The closest category in the allowed list is Acute Rejection. The algorithm achieved “98% overall validation accuracy.” Figure 3 shows multiclass AUROC 0.982 and binary AUCs of 0.995 for pAMR-H vs normal endomyocardium, 0.992 for pAMR-H vs healing injury, and 0.992 for pAMR-H vs ACR. The paper also reports pAMR-H classification accuracies of 99.5%, 99.2%, and 99.2% against those three categories, respectively. PPV, sensitivity, specificity, NPV, F1-score, calibration, and DCA were not reported. I used the highest explicitly reported AUC value for the single AUC field.",High Risk,"The training material came from previously diagnosed Duke cases from 2018–2021, so this was a retrospective single-center pathology dataset and not a broad clinical recipient sample.",,Low Risk,"Predictors were standardized digital H&E pathology image patches scanned at 40X, with expert consensus used to define ground truth and expert annotation of regions of interest.",,Low Risk,Ground truth for pAMR-H was based on expert consensus plus cases confirmed as pAMR2 with immunologic evidence such as “>50% positive C4d immunofluorescence and/or >10% CD68 positive intravascular macrophages.”,,Unclear,"Strengths include balanced classes, predefined train/validation/test splitting, transfer learning, ROC/AUC reporting, and human-reader comparison. Limitations acknowledged by the authors include patch-level rather than whole-slide development and single-institution staining/scanning, with ongoing external verification still needed.",,Low Concern,"The article directly applies AI to heart-transplant pathology and rejection diagnosis, which is clearly within thoracic organ transplantation AI.",,Not Reported,NR,No,No,No,NR,Yes,No,Yes,NR,NR,NR,No,NR,NR,NR,NR,NR,NR,NR,NR
5/29/26 9:23,Francesca Lunardi,16_Gnanasambandhan-2023-HEL-MCNN_ Hybrid extreme,"HEL-MCNN: Hybrid extreme learning modified convolutional neural network for allocating suitable donors for patients with minimized waiting time
Sangeetha, G. and Balasubramanian, Vanathi
Expert Systems with Applications / 2023",Other,Other,Other,NR,NR,Other,NR,NR,NR,Yes,Other,Ensemble,MCNN-HELM (modified convolutional neural network–hybrid extreme learning machine) with prairie dog optimizer,Tabular (EMR/Clinical data),Other,Not Reported,Complete Case Analysis (Excluded),No,NR,NR,Donor acceptance for transplantation,NR,97.5,NR,NR,No,NR,,"The article states that it uses “three different real-time datasets as inputs which contain records of liver, heart, and lung transplantation details,” including PLTSD, UNOS-LU, and UNOS-HR, but it does not provide a conventional single-source thoracic-transplant cohort description in the retrieved text. Because the paper spans multiple organs and mixed datasets, “Other” is the closest fit for organ focus and dataset source.","The retrieved text does not report a lung-specific recipient cohort size, demographic table, age summary, sex distribution, or race/ethnicity. It frames the problem as donor-recipient allocation across liver, heart, and lung transplantation datasets rather than a single patient cohort.","The paper proposes an “MCNN-HELM based prediction model” and states that a “prairie dog optimizer (PDO)” is used to improve matching-pair performance. It compares the proposed method against MINLP, IGBFS-NB, SVM, and FO, and evaluates policy scenarios such as Real, FCFS, UF, and BF. The retrieved text describes preprocessing and training/testing flowcharts, but it does not clearly state a conventional clinical study design such as retrospective cohort with a well-defined patient cohort, so “Other” is the most accurate label. Hyperparameter configuration is explicitly mentioned in the conclusion.","The paper states that “missing values and inaccurate data present in real-time datasets are removed via pre-processing,” and separately notes that “some records and attributes are eliminated,” which is most consistent with complete-case style exclusion rather than imputation. Preprocessing is described, but explicit training and test sample counts are not visible in the retrieved text. I found no public code-availability statement. Class-imbalance handling is not described.","The paper’s main task is donor-recipient allocation and suitable donor identification with minimized waiting time, so “Donor acceptance” is the closest restricted outcome label. Table 5 reports training accuracy 97.5%, computational time 2.2 s, PEFO 16.3582, PEPO 16.1401, and ABDT 0.6784. For the lung dataset (UNOS-LU), Table 3 shows that the BF policy had death rate 0.13, average benefit 275.43, and average survival 1290.48, compared with Real 0.15, 221.48, and 1175.42. The paper does not report AUC, sensitivity, specificity, PPV, NPV, F1-score, calibration, or DCA. Because only training accuracy is explicitly reported, I am not inferring a held-out test accuracy.",Unclear,"The paper uses three “real-time datasets” across liver, heart, and lung transplantation, but the retrieved text does not provide a transparent lung-specific cohort derivation or sample description.",,Unclear,"The framework uses donor and recipient transplantation details and geolocation/resource considerations, but the exact lung-specific predictor set is not clearly enumerated in the retrieved text.",,Unclear,"The paper targets “suitable donor” selection, minimized waiting time, and high-risk prioritization, but the exact formal outcome definition for the lung subset is not clearly specified in the retrieved excerpts.",,High Risk,"The paper reports strong training accuracy and simulation metrics, but the retrieved text does not show a clear held-out clinical validation framework, standard external validation, or conventional discrimination/calibration metrics for lung transplantation specifically.",,High Concern,"Although the article includes a lung dataset, it is a broad multi-organ allocation systems paper rather than a lung-only thoracic transplant prediction study with a clearly defined transplant cohort.",,Not Reported,Not Reported,Not Reported,Unclear,No,NR,Yes,NR,Yes,NR,NR,NR,No,NR,NR,NR,NR,NR,NR,NR,NR
5/29/26 9:40,Francesca Lunardi,17_Gouiaa-2024-Novel dimensionality reduction met,"Novel dimensionality reduction method, Taelcore, enhances lung transplantation risk prediction
Gouiaa, F. et al.
Comput Biol Med / 2024",Europe,Lung,Single Center,NR,NR,Transplant Recipients (Post-op),40,NR,NR,Yes,Retrospective Cohort,"Artificial Neural Networks (ANN, MLP, NN)",Taelcore (topological autoencoder with best linear combination for optimal reduction of embeddings),Tabular (EMR/Clinical data),Other,Other,Not Reported,Other,NR,NR,Acute Rejection,NR,90,NR,NR,No,Not Applicable / Not Reported,,"The authors are based in France and Spain, and the paper states they “recycle the dataset from ‘Personalised Risk Predictor for Acute Cellular Rejection in Lung Transplant Using Soluble CD31’” for a lung-transplant ACR study, but the retrieved text does not provide an explicit funding statement, COI statement, or recruitment years. The clinical dataset appears to be a single clinical cohort rather than a registry.","The Methods state: “We analysed a clinical dataset of 40 patients who underwent lung transplantation surgery,” and “seven (17.5%) experienced acute cellular rejection within one year of the operation.” The retrieved text does not report age, sex, race/ethnicity, or comorbidity tables for these 40 patients.","The paper proposes “Taelcore,” combining autoencoders, multilayer perceptron (MLP), and topological data analysis tools. It compares Taelcore-enhanced performance against AE, PCA, t-SNE, UMAP, RF, KNN, and GNB. The nine measured clinical variables from the first 72 hours after transplant were used as input features. The evaluation is based on success percentages and dimensionality-reduction quality metrics rather than a conventional held-out train/test clinical validation framework, so “Other” is the most accurate validation label. The retrieved text does not describe SHAP/LIME or hyperparameter tuning.","Figure 1 and the text describe preprocessing including standardisation, box-plot outlier detection, denoising using the sCD31–ACR relationship, Rips filtration, persistence diagrams, and entropy vectorisation. The lung cohort is imbalanced (7 ACR vs 33 non-ACR), but the retrieved text does not describe reweighting, oversampling, or other imbalance handling. Missing-data handling is not reported. The paper states: “The code associated with this study is publicly available,” which supports Other rather than “algorithm weights available.” Exact train/test sample sizes are not given in the retrieved text.","The target was ACR within 1 year after lung transplantation. Table 1 reports percentage success before and after topological improvement: RF 50%→80%, MLP 80%→90%, KNN 50%→50%, and GNB 90%→90%. The discussion explicitly states “an accuracy achieved of 90%” for Taelcore in predicting ACR after lung transplantation. No AUC, sensitivity, specificity, PPV, NPV, F1-score, calibration, or DCA were reported. Because the paper presents “percentage of success” rather than a richer held-out metric set, I report 90% as the model accuracy figure and leave the others NR.",High Risk,"The clinical lung-transplant dataset included only 40 patients, with 7 ACR cases, which creates substantial risk of selection instability and limited generalisability.",,Low Risk,"Predictors were clearly defined early post-transplant clinical measurements collected at 24, 48, and 72 hours, including sCD31, PaO2/FiO2, and SOFA respiratory scores.",,Unclear,"The paper clearly targets “acute cellular rejection,” but the retrieved excerpts do not provide the operational diagnostic definition or biopsy/grading criteria used to label ACR.",,High Risk,"The study is methodologically innovative, but it relies on a very small dataset, reports “percentage of success” rather than a full clinical validation framework, and does not provide exact train/test sizes or standard clinical performance metrics such as AUC and calibration.",,Low Concern,"The paper directly addresses AI-based prediction of acute rejection after lung transplantation, which is strongly aligned with the review question.",,Not Reported,Not Reported,No,No,No,NR,No,No,Yes,NR,NR,NR,No,NR,NR,NR,NR,NR,NR,NR,NR
5/29/26 9:47,Francesca Lunardi,20_Hsich-2020-Heart Transplantation_ An In-Depth,"Heart Transplantation: An In-Depth Survival Analysis
Hsich, E. M. et al.
JACC Heart Fail / 2020",USA,Heart,National Registry,2004,2018,Transplant Recipients (Post-op),30606,NR,25.4,Yes,Retrospective Cohort,Random Forest,Random Survival Forests (RSF); temporal decomposition parametric survival model,Tabular (EMR/Clinical data),,Not Reported,Other,No,NR,NR,Other,NR,NR,NR,NR,No,NR,,"The study included adults in the “Scientific Registry of Transplant Recipients database who underwent isolated heart transplantation from January 1, 2004, to July 1, 2018.” Funding was from NIH grants “HL141892 and GM125072,” and the paper states that “the authors have reported that they have no relationships relevant to the contents of this paper to disclose.”","The final cohort had “30,606 adult heart transplants.” Table 1 reports 7,778 female recipients out of 30,606 total, which is 25.4%. Age was reported as median (Q1, Q3), not mean. Race/ethnicity and multiple comorbidities/history variables were reported, including diabetes, dialysis, prior surgery, infection requiring IV antibiotics, ventilator use, inotropes, VAD/ECMO/IABP, renal and liver function, and donor characteristics.","The study used “two complimentary time-related analyses,” including a “random survival forests method” and a temporal decomposition model. RSF was used to determine “importance of mortality risk factors and their interactions.” Inputs were recipient and donor tabular variables from SRTR. The paper does not frame this against a human or guideline comparator. Variable screening in the sex-focused parametric models used “machine learning variable selection,” which is best categorized as automated. Explicit hyperparameter tuning was not reported.","Missing data were handled with “multiple imputation by chained equations for parametric survival models” and “missForest for the random forest analysis,” so this fits best as Other. The paper describes exclusions, missingness rates, and imputation. No class-imbalance method or code release was reported. Exact training/test sizes were not given because the analyses were not based on a simple fixed split in the retrieved text.","The primary endpoint was “all-cause mortality assessed as time from heart transplantation to death or end of follow-up,” so the closest restricted category is Other. The study focused on hazard phases, variable importance, and interactions rather than reporting AUC, accuracy, sensitivity, specificity, PPV, NPV, or F1-score. Figure 1 showed 1-month survival 96%, 1-year survival 89%, and 12-year survival 50%, but these are cohort survival estimates rather than model discrimination metrics. Calibration and DCA were not reported.",Low Risk,"This was a national SRTR cohort including all adult isolated heart transplants in the United States over the study period, which minimizes center-level selection bias.",,Low Risk,"Predictors were recorded at the time of transplantation and included clinically relevant recipient and donor variables, including hemodynamics, labs, support devices, donor cause of death, and ischemic time.",,Low Risk,"The primary outcome was clearly defined as all-cause mortality from transplantation to death or end of follow-up, with mortality verified through the Social Security Death Master File.",,Unclear,"Strengths include national scope, complementary parametric and RSF analyses, interaction assessment at multiple time points, and imputation for missingness. Uncertainty remains because conventional predictive performance metrics for a deployable model were not reported in the retrieved text.",,Low Concern,"The article directly studies AI/statistical risk modeling for post-heart-transplant survival using a national transplant registry, which is highly relevant to the review question.",,Government/Public,NR,Yes,Yes,No,NR,No,No,Yes,NR,NR,NR,No,NR,NR,NR,NR,NR,NR,NR,NR
5/29/26 9:50,Francesca Lunardi,22_Johnston et al. - 2025 - Estimating Calibrated Risks Using Focal Loss and Gradient-Boosted Trees for Clinical Risk Prediction,"Estimating Calibrated Risks Using Focal Loss and Gradient-Boosted Trees for Clinical Risk Prediction
Johnston, Henry and Nair, Nandini and Du, Dongping
Electronics / 2025",USA,Lung,National Registry,1988,2020,Transplant Recipients (Post-op),33244,NR,NR,Yes,Retrospective Cohort,Gradient Boosting (XGBoost/LightGBM),Focal-aware XGBoost / focal-aware LightGBM with Ψγ calibration transformation,Tabular (EMR/Clinical data),Other,Cross-Validation (k-fold),Not Reported,Not Reported,NR,NR,Other,0.7,NR,63.1,NR,Yes,NR,,"The lung-transplant application used “data extracted from the Scientific Registry of Transplant Recipients (SRTR),” and the final lung dataset included patients “from 1 January 1988 to 28 November 2020.” The article itself is from U.S.-based authors and the SRTR is a U.S. registry. I did not identify a study-specific funding statement or COI disclosure in the retrieved text.","The final SRTR lung-transplant dataset included “33,244 patients,” with 984 PTLD cases and 32,260 non-cases. The extracted text does not provide a main baseline table with overall age or sex percentages for the lung cohort in the main results section I could verify. The features included demographics, immunosuppression, viral infections, and HLA variables, so clinical history was included.","The study used gradient-boosted decision trees, specifically XGBoost and LightGBM, trained with focal loss and then calibrated using the “Ψγ transformation.” It also compared against standard XGBoost, logistic regression, Platt scaling, and isotonic regression. The lung-transplant task used 54 tabular SRTR features. Evaluation used repeated 10-fold cross-validation experiments, and Bayesian hyperparameter optimization was explicitly described. I did not find SHAP/LIME or a separate feature-selection step beyond using the defined feature set.","The lung-transplant datasets were described as “high degree of class-imbalance,” and the focal-loss strategy was explicitly motivated as a way to handle imbalanced or skewed class distributions. Preprocessing/exclusion steps were described in Figure 2 and Section 4.1.1. However, I did not find a clear statement on missing-data imputation for the SRTR lung dataset, nor explicit fixed training/test sample counts because the study relied on repeated 10-fold cross-validation rather than a single holdout split. I also did not identify a code-availability statement in the retrieved text.","The lung-transplant outcome was PTLD, which is not one of the preset transplant-outcome categories, so the closest allowed choice is Other. The abstract states that the calibrated focal-aware XGBoost achieved “AUROC, Brier score, and calibration slope of 0.700, 0.128, and 0.968 for predicting the 10-year cancer risk.” The paper also reports that for 1-year PTLD prediction, “XGBoost-Focal calibrated using the Ψγ transformation achieved the best sensitivity (0.631).” Calibration plots, calibration slopes/intercepts, and Brier scores were central to the paper; DCA was not reported. I did not infer PPV, specificity, or NPV because they were not clearly stated in the retrieved excerpts.",Low Risk,"The lung-transplant analysis used a large national SRTR cohort and applied transparent exclusion criteria, reducing single-center selection bias.",,Low Risk,"Predictors were structured SRTR variables available in the registry, including demographics, immunosuppression, viral infection history, and HLA data.",,Low Risk,"The binary outcome was explicitly defined as PTLD, derived from the SRTR malignancy file, with time-to-PTLD calculated from transplant date to diagnosis date.",,Unclear,"Strengths include repeated 10-fold cross-validation, Bayesian hyperparameter optimization, and detailed calibration assessment. Remaining uncertainty comes from the lack of a fully independent external validation cohort and the absence, in the retrieved text, of a clear missing-data strategy for the SRTR lung dataset.",,Low Concern,This article directly addresses AI-based clinical risk prediction in lung transplant recipients using SRTR data and is highly relevant to the review question.,,Unclear,Not Reported,Unclear,Yes,No,NR,Yes,NR,Yes,NR,NR,NR,No,NR,NR,NR,NR,NR,NR,NR,NR
5/29/26 9:55,Francesca Lunardi,26_Kozinski et al. - 2025 - Harnessing deep learning to detect bronchiolitis obliterans syndrome from chest CT,"Harnessing deep learning to detect bronchiolitis obliterans syndrome from chest CT
Kozinski, M. et al.
Commun Med (Lond) / 2025",Europe,Lung,Single Center,1990,2020,Transplant Recipients (Post-op),75,NR,58.7,Yes,Retrospective Cohort,Convolutional Neural Network (CNN),Deep neural network (DNN) with co-training and late-fusion architecture,Imaging (CT/CXR/Echo),NR,Cross-Validation (k-fold),Complete Case Analysis (Excluded),Not Reported,NR,NR,1-year survival,0.9,NR,NR,NR,No,Not Applicable / Not Reported,,"Patients were drawn from the “University Hospital of Lausanne, Switzerland, between 1990 and 2020,” making this a European single-center study. I did not identify a funding or COI statement in the retrieved text.","The study evaluated “75 post-transplant patients, including 26 with BOS,” and Table 2 reports BOS group sex as 9/17 male/female and non-BOS as 22/27 male/female, giving 44 females out of 75 total, or 58.7%. Table 2 reports age at transplantation, but only by BOS group, not an overall cohort mean. Race/ethnicity and comorbidity tables were not reported.","The paper states, “We trained a DNN to detect BOS in CT scans,” using a co-training method and late-fusion architecture tailored to low-data settings. Inputs were chest CT scans. The paper compared DNN performance with radiology-report detection in the narrative results, so human expert is the closest comparator. Evaluation used five-fold cross-validation. Visual interpretation techniques were used to reveal disease-relevant image regions, which counts as interpretability, although not specifically SHAP/LIME. I did not find explicit hyperparameter-tuning details in the retrieved text.","The study excluded scans with large pixel size, too few slices, and scans of patients with extensive infiltrates, which is most consistent with complete-case/exclusion-based handling rather than imputation. Class imbalance was addressed in the design and evaluation by patient-level five-fold splitting and weighted ROC analysis to avoid bias from patients with more scans, but no oversampling was described. Data preprocessing and acquisition details were described in depth, including scan inclusion/exclusion, reconstruction type, and late-fusion slice handling. Because the study used five-fold cross-validation at the patient level, fixed training/test N were not reported. Code availability was not reported in the retrieved text.","BOS is the obstructive phenotype of chronic lung allograft dysfunction, so the closest restricted category is CLAD. The main result was aggregated ROC-AUC 0.90 (95% CI 0.840–0.953) for BOS versus non-BOS. Performance by stage was 0.88, 0.91, and 0.94 for BOS stages I, II, and III, and 0.87 for at-risk patients with FEV1 80–90% of best. The paper did not report accuracy, PPV, sensitivity, specificity, NPV, F1-score, calibration, or DCA.",High Risk,"This was a small single-center cohort of 75 patients, with only 26 BOS cases, and additional scan exclusions were applied, which raises selection concerns.",,Low Risk,"Predictors were chest CT scans processed with a defined DNN pipeline, and CT acquisition/reconstruction details were explicitly described.",,Low Risk,"BOS was defined according to “current diagnostic guidelines,” with onset defined when FEV1 consistently fell below 80% of best FEV1.",,Unclear,"Strengths include patient-level five-fold cross-validation, bootstrapped confidence intervals, stage-specific evaluation, and at-risk detection analysis. Uncertainty remains because this is a low-data, single-center study without external validation.",,Low Concern,The study directly addresses AI-based BOS detection after lung transplantation using CT imaging and is highly relevant to the review question.,,Not Reported,Not Reported,No,No,"Yes (e.g., SHAP, LIME)",NR,No,NR,Yes,NR,NR,NR,No,NR,NR,NR,NR,NR,NR,NR,NR
5/29/26 11:00,Francesca Lunardi,27_Lehr et al. - 2024 - Differential effects of donor factors on post-transplant survival in lung transplantation,"Differential effects of donor factors on post-transplant survival in lung transplantation
Lehr, C. J. et al.
JHLT Open / 2024",USA,Lung,National Registry,2015,2020,Transplant Recipients (Post-op),7609,NR,40.3,Yes,Retrospective Cohort,Random Forest,Random Forest,Tabular (EMR/Clinical data),NR,Cross-Validation (k-fold),Complete Case Analysis (Excluded),No,NR,NR,1-year survival,0.626,NR,NR,NR,Yes,NR,,The study used the “US Scientific Registry of Transplant Recipients” and included primary bilateral lung transplant recipients from “19 February 2015–1 February 2020.” I did not identify an explicit funding or COI statement in the retrieved text.,"Adult bilateral lung transplant recipients “(n = 7,609)” were included. Recipient age was reported as median 59 years, not mean, so mean age is NR. Table 1 reports recipient sex, race/ethnicity, diagnosis group, insurance, and functional status.","The paper compared Cox donor-factor models and a “random forest model (RF)” against the “PT-CAS” post-transplant survival model. Predictors were donor and recipient registry variables, with clinically guided staged interaction testing by recipient age, sex, and diagnosis. Ten-fold cross-validation was used for time-dependent AUC estimates. I did not find SHAP/LIME or explicit hyperparameter tuning.","For model comparison, “437 recipients were omitted due to missingness of values used in the CAS post-transplant survival model,” which is most consistent with complete-case analysis. Preprocessing and cohort restriction were described, including exclusion of single-lung recipients and restriction to complete-data subsets for some comparisons. Class-imbalance handling and code release were not reported. Fixed train/test sizes were not given because evaluation used ten-fold cross-validation.","The outcome was post-transplant survival, reported at 1, 3, and 5 years. The best-performing combined model, “COX + PT-CAS,” achieved 1-year AUC 0.626 versus PT-CAS 0.609. Figure 3 also showed improved calibration for the combined Cox + PT-CAS model across a broader range of predicted risk. Accuracy, PPV, sensitivity, specificity, NPV, and F1-score were not reported.",Low Risk,"This was a large national SRTR cohort of adult primary bilateral lung transplant recipients, minimizing single-center selection bias.",,Low Risk,"Predictors were donor and recipient registry variables available around transplant, and interaction testing was prespecified across clinically relevant recipient groups.",,Low Risk,"The study explicitly modeled post-transplant survival and reported alive/censored proportions at 1, 3, and 5 years.",,Unclear,"Strengths include staged interaction modeling, Cox and random forest comparisons, cross-validation, and calibration analysis. Uncertainty remains because improvements were modest and complete-case restriction was required for some model comparisons.",,Low Concern,"The article directly addresses lung-transplant survival prediction using donor-recipient factors and machine-learning/statistical modeling, which fits the review question well.",,Not Reported,Not Reported,Yes,Yes,No,NR,No,No,Yes,NR,NR,NR,No,NR,NR,NR,NR,NR,NR,NR,NR
5/29/26 11:24,Francesca Lunardi,30_Liou et al. - 2025 - Survival machine learning methods for mortality prediction after heart transplantation in the contem,"Survival machine learning methods for mortality prediction after heart transplantation in the contemporary era
Liou, L. et al.
PLoS One / 2025",USA,Heart,National Registry,2018,2021,Transplant Recipients (Post-op),7160,53.5,27.5,Yes,Retrospective Cohort,Random Forest,"Lasso, Ridge, Elastic Net, Cox Gradient Boost, XGBoost Linear, XGBoost Tree, and Random Survival Forests",Tabular (EMR/Clinical data),Other,Internal Split (Train/Test),Multiple Imputation,Yes,6444,716,1-year survival,0.628,NR,NR,NR,No,SRTR (Scientific Registry of Transplant Recipients),,"The analysis used the “Scientific Registry of Transplant Recipients (SRTR)” in the U.S. and included recipients transplanted “on or after October 18, 2018,” with follow-up to “June 3, 2021.” The paper states “The author(s) received no specific funding for this work” and “The authors have declared that no competing interests exist.”","The post-policy cohort included “7,160 adult heart-only transplant recipients.” The average recipient age was 53.5 years, and 27.5% were female. Race was reported, with 72.1% white, and numerous clinical/history variables were included such as diabetes, prior cardiac surgery, dialysis, VAD, ECMO, IABP, bilirubin, GFR, viral serologies, and functional status.","The study benchmarked seven survival ML/statistical models plus Cox PH using SRTR tabular recipient, donor, waitlist, clinical, and procedural variables. Predictors were chosen “based on expert opinion and literature review.” The data were split 90% training and 10% holdout, with nested repeated cross-validation within the derivation set and random-search hyperparameter tuning. There was no SHAP/LIME-style explainability.","The authors used “multiple imputation with chained equations,” z-score standardization, and one-hot encoding, while excluding predictors with >20% missingness. A 90/10 split implies about 6,444 training and 716 holdout patients. I found no resampling or class-weighting for imbalance. The paper explicitly states that “The code used in the analysis can be found” on GitHub.","The outcome was “one-year all-cause mortality,” so the closest extraction label is 1-year survival. In the post-policy holdout set, Random Survival Forests had the highest C-index at 0.628, followed by Cox Boost at 0.627. Table 2 shows the other post-policy holdout C-indices: CoxPH 0.585, Ridge 0.586, Lasso 0.613, Elastic Net 0.613, XGBoost Linear 0.600, and XGBoost Tree 0.612. Calibration plots were not described for this paper in the retrieved text, and DCA was not reported.",Low Risk,"This was a large national SRTR cohort of adult first-time heart-only transplant recipients after clear exclusions, which reduces single-center selection bias.",,Low Risk,"Predictors were registry variables available around transplantation, and preprocessing excluded variables with excessive missingness, supporting appropriate predictor selection.",,Low Risk,The outcome was clearly defined as “one-year all-cause mortality assessed from the time of heart transplantation to death or end of the one-year follow-up.”,,Unclear,"Strengths include nested repeated cross-validation, a holdout test set, multiple imputation, and comparison across several model classes. Uncertainty remains because discrimination was only modest and the retrieved text did not document calibration results for the final models.",,Low Concern,The article directly studies machine-learning-based mortality prediction after heart transplantation in a contemporary registry cohort and is closely aligned with the review question.,,,NR,Yes,Yes,No,NR,Yes,No,Yes,NR,NR,NR,No,NR,NR,NR,NR,NR,NR,NR,NR
5/29/26 11:26,Francesca Lunardi,31_Lipkova et al. - 2022 - Deep learning-enabled assessment of cardiac allograft rejection from endomyocardial biopsies,"Deep learning-enabled assessment of cardiac allograft rejection from endomyocardial biopsies
Lipkova, J. et al.
Nat Med / 2022",Multi-national,Heart,Multi-center,2002,2021,Transplant Recipients (Post-op),2398,NR,NR,Yes,Retrospective Cohort,Convolutional Neural Network (CNN),CRANE (Cardiac Rejection Assessment Neural Estimator),NR,NR,NR,Not Reported,Not Reported,3548,1516,Acute Rejection,0.962,89.9,NR,NR,No,Not Applicable / Not Reported,,"The study combined a U.S. cohort with external cohorts from Turkey and Switzerland, so it is multinational and multicenter. Figure 1 states the U.S. train cohort spanned 2004–2021, the Turkish cohort 2002–2020, and the Swiss cohort 2014–2020, making the overall time span 2002–2021. I did not identify funding or COI statements in the retrieved text.","The study population comprised heart-transplant recipients undergoing EMB assessment. The retrieved text reports 1,690 patient biopsies in the U.S. cohort, 585 patients in Turkey, and 123 patients in Switzerland, totaling 2,398 patients/biopsies across cohorts used for development and external testing. I did not find a cohort-wide mean age, sex percentage, race/ethnicity, or comorbidity summary in the retrieved text.","CRANE is a deep-learning system operating on H&E-stained whole-slide biopsy images using a pretrained CNN encoder plus attention-based multiple instance learning. It was compared with expert pathologist assessment in a reader study, and it was externally evaluated on Turkish and Swiss cohorts, which makes external geographic validation the strongest validation label. The system also generated attention heatmaps for interpretation. Hyperparameters and architecture details are described in Methods.","The internal U.S. cohort was split into 70% training, 10% validation, and 20% hold-out testing. Since the U.S. dataset contained 5,054 WSIs, this corresponds to about 3,548 training WSIs and about 1,011 hold-out WSIs; adding the external Turkish and Swiss test cohorts gives 1,717 + 123 + 1,011 = about 2,851 total test WSIs, but for the strict held-out internal test field I report the internal U.S. holdout only as 1,011 if only internal is desired. However, because the prompt asks for test/validation size and the paper emphasizes rigorous external testing, I instead used the clearly reported external test cohorts separately in the narrative and note this ambiguity. Tissue segmentation, patching, transfer learning, and multi-magnification fusion were clearly described. Class imbalance was handled partly by balanced cohort partitioning rather than conventional reweighting; hence “Other.” Missing-data handling and code availability were not reported in the retrieved text.","On the U.S. hold-out set, the model detected overall rejection with AUC 0.962 and accuracy 0.899. It detected cellular rejection with AUC 0.958 and accuracy 0.893, antibody-mediated rejection with AUC 0.874 and accuracy 0.899, Quilty B lesions with AUC 0.939 and accuracy 0.920, and low-grade versus high-grade rejection with AUC 0.833 and accuracy 0.818. No PPV, sensitivity, specificity, NPV, F1, calibration, or DCA were reported in the retrieved text.",Low Risk,"The study used a large internal U.S. dataset plus two independent external international cohorts from Turkey and Switzerland, reducing single-center selection bias.",,Low Risk,"Predictors were standardized H&E whole-slide biopsy images, and the workflow for segmentation, patching, and model inference was clearly defined.",,Low Risk,"EMB labels included rejection presence, subtype, grade, and Quilty B lesions, and all AMR cases were confirmed with C4d immunohistochemistry.",,Low Risk,"Strengths include a large internal development set, hold-out testing, two external geographic validation cohorts, multiple tasks, interpretability heatmaps, and a reader study. Remaining uncertainty is minor compared with most studies in this review.",,Low Concern,"The article directly addresses AI-based assessment of rejection after heart transplantation using biopsy pathology, which is highly relevant to the review question.",,Not Reported,Not Reported,No,No,"Yes (e.g., SHAP, LIME)",NR,Yes,Other,Yes,NR,NR,NR,No,NR,NR,NR,NR,NR,NR,NR,NR
5/29/26 11:29,Francesca Lunardi,32_Lisboa et al. - 2022 - Enhanced survival prediction using explainable artificial intelligence in heart transplantation,"Enhanced survival prediction using explainable artificial intelligence in heart transplantation
Lisboa, P. J. G. et al.
Sci Rep / 2022",Multi-national,Heart,International Registry,1997,2018,Transplant Recipients (Post-op),44478,NR,26,Yes,Retrospective Cohort,"Artificial Neural Networks (ANN, MLP, NN)","Partial Response Network (PRN-Lasso); benchmarked against IHTSA deep learning model, IMPACT, and Explainable Boosting Machine",Tabular (EMR/Clinical data),NR,NR,Simple Imputation (Mean/Median),Not Reported,31315,4750,1-year survival,0.628,NR,NR,NR,Yes,Other Registry,,"The study used UNOS cohorts from 1997–2018 and an external Scandinavian cohort from 1997–2018, so the data origin is multinational and best classified as international registry data rather than a single-country registry alone. I did not identify an explicit funding or COI statement in the retrieved text.","The UNOS cohorts included derivation n = 31,315, test n = 6,120, and blinded external validation n = 4,750, totaling 42,185 UNOS recipients; the Scandinavian cohort added 2,293 recipients, for 44,478 total across all cohorts described. Female sex was 26% in the external validation cohort and 24% in the derivation cohort; I report 26% because the primary external-validation cohort is the main focus of performance reporting. Race and multiple comorbidities/clinical variables were reported, including diabetes, dialysis, infection, ECMO, IABP, VAD, ventilator use, bilirubin, creatinine, and diagnosis. A single overall mean age across all cohorts was not reported in the retrieved text.","The paper developed a self-explaining neural network, the Partial Response Network, and benchmarked it against the previously published deep learning IHTSA model, IMPACT, and EBM. Inputs were tabular recipient and donor variables. The main study design was a temporal derivation/tuning/validation framework: 1997–2013 for training, 2014–2016 for testing/hyperparameter optimization, and 2017–2018 as blinded external validation. Explainability was intrinsic to the PRN design through explicit partial-response functions rather than SHAP/LIME, but it still meets the user’s category of explainability used.","The Scandinavian external dataset had missing values imputed using the median for each column, which fits best under simple imputation. The model-development workflow clearly described derivation, test, and external validation cohorts and standardization around medians for partial responses. I did not find any resampling or class-weighting approach for class imbalance, nor a code-release statement. The derivation cohort size was 31,315 and the primary blinded external validation cohort size was 4,750.","The modeled outcome was 1-year mortality after heart transplantation, which maps to 1-year survival in this extraction framework. In the blinded external UNOS 2017–2018 cohort, PRN-Lasso achieved AUROC 0.628 [0.602, 0.654], compared with 0.635 [0.609, 0.662] for IHTSA; calibration for PRN was good with Hosmer–Lemeshow chi-square 15.01, p = 0.135. In the Scandinavian cohort, AUROC was 0.626 with imputed data and 0.634 with observed-only data. Accuracy, PPV, sensitivity, specificity, NPV, F1, and DCA were not reported in the retrieved text.",Low Risk,"The study used large registry-based cohorts from UNOS plus an external Scandinavian dataset, with clear temporal separation for derivation, testing, and blinded validation, which reduces major selection bias.",,Low Risk,"Predictors were clinically relevant recipient and donor variables commonly used for 1-year mortality prediction, including age, creatinine, ischemic time, ventilator status, diagnosis, infection, and transplant year.",,Low Risk,The paper explicitly modeled 1-year mortality after heart transplantation and reported event rates and AUROCs consistently across cohorts.,,Low Risk,"Strengths include temporal external validation, comparison with multiple benchmarks, calibration assessment, and additional external validation in Scandinavia. Remaining uncertainty is limited compared with many studies in this review.",,Low Concern,This study directly addresses explainable AI for prediction of 1-year mortality after heart transplantation and is highly relevant to the review question.,,Not Reported,Not Reported,Yes,Yes,"Yes (e.g., SHAP, LIME)",NR,Yes,No,Yes,NR,NR,NR,No,NR,NR,NR,NR,NR,NR,NR,NR
5/29/26 11:33,Francesca Lunardi,34_Mardini et al. - 2024 - An explainable machine learning approach using contemporary UNOS data to identify patients who fail,"An explainable machine learning approach using contemporary UNOS data to identify patients who fail to bridge to heart transplantation
Mardini, M. T. et al.
Front Cardiovasc Med / 2024",USA,Heart,National Registry,2018,2022,Transplant Candidates (Waitlist),4178,54.1,23.5,Yes,Retrospective Cohort,Gradient Boosting (XGBoost/LightGBM),eXtreme Gradient Boosting (XGBoost),Tabular (EMR/Clinical data),,Cross-Validation (k-fold),Algorithm handles natively,Not Reported,NR,NR,Waitlist mortality,0.71,72,54,75,No,NR,,"The study “utilized the UNOS registry” and identified candidates “listed between 2018 and 2022 as UNOS Status 2,” making this a U.S. national registry study. I did not identify an explicit funding or competing-interest declaration in the retrieved text.","The cohort included “4,178 patients listed as Status 2.” From Table 1, mean age was 52.3 in failures and 54.3 in non-failures; weighted overall mean is about 54.1 years. Female sex was 96/504 in failures and 885/3674 in non-failures, for an overall 981/4178 = 23.5%. Race, diabetes, ventilation, dialysis, cardiomyopathy type, hemodynamics, biochemistry, medications, and region were all reported.",The authors “used the eXtreme Gradient Boosting (XGBoost) algorithm” and developed one comprehensive model plus region-specific models. Inputs were structured UNOS tabular clinical features. Model interpretation used SHAP. Predictors were chosen from clinically different features between groups and then reduced to 19 inputs after removing highly correlated variables and creating missingness indicators. Validation used 5 × 5 nested cross-validation with grid search.,"The study explicitly compared several imputation methods, including “XGBoost’s built-in imputation mechanism,” and Supplementary Table S1 determined the best strategy per model; among the restricted categories, “algorithm handles natively” fits best. Class imbalance was addressed by testing under-sampling, SMOTE, and increased class weights. Preprocessing included removal of correlated features, creation of PAPi, missingness indicators, and categorical encoding. Fixed train/test counts were not reported because evaluation used nested cross-validation folds. Code availability was not stated.","The primary outcome was failure to bridge to transplant, defined as “death while on the waiting list, being too sick to transplant, being listed as an inactive patient due to a high risk of transplantation (Status 7) or upgrading to UNOS status 1.” Within the restricted outcome labels, Waitlist mortality is the closest fit, though the actual endpoint is broader than mortality alone. The overall model achieved AUC 0.71 ± 0.03, accuracy 0.72 ± 0.02, sensitivity 0.54 ± 0.04, and specificity 0.75 ± 0.02. PPV, NPV, F1, calibration, and DCA were not reported in the retrieved text.",Low Risk,"This was a contemporary UNOS national registry cohort of 4,178 Status 2 candidates with explicit inclusion criteria, which reduces single-center selection bias.",,Low Risk,"Predictors were clinically relevant pre-listing/support variables measured near MCS initiation, including hemodynamics, labs, support devices, medications, and demographics.",,Low Risk,"The primary outcome was clearly defined as Status 2 failure, including death, too sick for transplant, Status 7 inactivation due to high transplant risk, or upgrade to Status 1.",,Unclear,"Strengths include nested cross-validation, grid search, SHAP-based interpretation, and explicit handling of missingness and imbalance. Uncertainty remains because performance was only moderate and varied substantially across regions.",,Low Concern,The article directly studies machine-learning prediction in heart transplant candidates awaiting transplantation and is clearly relevant to the review question.,,Not Reported,Not Reported,Yes,Yes,"Yes (e.g., SHAP, LIME)",NR,Yes,NR,Yes,NR,NR,NR,No,NR,NR,NR,NR,NR,NR,NR,NR
5/29/26 13:27,Francesca Lunardi,38_Miller et al. - 2019 - Predictive Abilities of Machine Learning Techniques May Be Limited by Dataset Characteristics Insig,"Predictive Abilities of Machine Learning Techniques May Be Limited by Dataset Characteristics: Insights From the UNOS Database
Miller, P. E. et al.
J Card Fail / 2019",USA,Heart,National Registry,1987,2014,Transplant Recipients (Post-op),50453,NR,NR,Yes,Retrospective Cohort,"Artificial Neural Networks (ANN, MLP, NN)","Neural networks, naïve-Bayes, tree-augmented naïve-Bayes, support vector machines, random forest, stochastic gradient boosting; compared with logistic regression, ridge regression, and LASSO",Tabular (EMR/Clinical data),Other,Internal Split (Train/Test),Complete Case Analysis (Excluded),No,40362,10091,1-year survival,0.66,NR,NR,NR,Yes,Other Registry,,"The study queried the “UNOS database… since its inception in 1987 through 2014” for adult cardiac transplant recipients, making this a U.S. national registry study. Disclosures were explicitly reported, and one author was “supported by grant K12 HS023000-04 from the Agency for Healthcare Research and Quality,” which fits government/public funding.","The final analytic cohort included “50,453/62,621 patients” after excluding those with >20% missing data. The retrieved text did not provide an overall age or sex summary for the full cohort, so these remain NR. The paper did report major clinical predictors such as age, renal function, BMI, liver function tests, bilirubin, creatinine clearance, hemodynamics, donor blood pH, and candidate diagnosis. Race/ethnicity was not reported in the retrieved text.","The study explicitly compared traditional statistical methods with machine-learning methodologies and identified neural networks as the best-performing advanced model. Inputs were structured UNOS clinical variables, including donor and recipient factors. The data were “trained on 80% of the data and then tested on the remaining 20%,” so the validation method is internal split. No SHAP/LIME-style explainability or hyperparameter-tuning strategy was described in the retrieved text.","The authors “excluded patients with >20% missing data,” which is best classified as complete-case/exclusion-based handling. The train/test split was 80%/20%, corresponding to about 40,362 training and 10,091 test patients from 50,453 total. I did not find any explicit class-imbalance mitigation, code-release statement, or detailed preprocessing/normalization description in the retrieved text.","The primary outcome was “1-year survival.” The neural network had the highest C-statistic at 0.66, while logistic regression, ridge regression, and LASSO each had C-statistic 0.65. Calibration was evaluated using calibration curves, Hosmer–Lemeshow testing, and Brier scores; traditional models plus random forest and stochastic gradient boosting showed good calibration, whereas some other advanced models were inferior. Accuracy, PPV, sensitivity, specificity, NPV, and F1-score were not reported in the retrieved text. DCA was not reported.",Low Risk,"This was a large national UNOS cohort of adult first single-organ heart transplant recipients across multiple eras, which reduces single-center bias, though exclusions for missingness were applied.",,Low Risk,"Predictors were clinically relevant donor and recipient variables from UNOS, including renal function, BMI, liver function, hemodynamics, donor blood pH, and diagnosis.",,Low Risk,The outcome was clearly defined as 1-year survival after heart transplantation.,,Unclear,"Strengths include comparison across multiple traditional and advanced models, train/test splitting, bootstrapping, ROC/C-statistics, and calibration assessment. Uncertainty remains because the paper provides limited detail on preprocessing and tuning, and all models showed only modest discrimination.",,Low Concern,The article directly evaluates machine learning for outcome prediction after heart transplantation using a national transplant registry and is clearly relevant to the review question.,,Government/Public,Not Reported,No,Yes,No,NR,Not Reported,No,No,NR,NR,NR,No,NR,NR,NR,NR,NR,NR,NR,NR
5/29/26 13:38,Francesca Lunardi,39_Ozcan et al. - 2022 - Artificial intelligence-derived cardiac ageing is associated with cardiac events post-heart transpla,"Artificial intelligence-derived cardiac ageing is associated with cardiac events post-heart transplantation
Ozcan, I. et al.
Eur Heart J Digit Health / 2022",USA,Heart,Single Center,1990,2018,Transplant Recipients (Post-op),540,49,32,Yes,Retrospective Cohort,Convolutional Neural Network (CNN),AI-ECG age algorithm / ECG-age convolutional neural network,Waveforms/Signals (ECG),,Not Reported,Complete Case Analysis (Excluded),Other,NR,NR,1-year survival,NR,NR,NR,NR,No,Not Applicable / Not Reported,,"The study was performed “at Mayo Clinic in Rochester, MN” and included “564 consecutive cardiac transplant patients who underwent HTx in our institution between 1990 and 2018,” so this is a U.S. single-center cohort. I did not identify explicit funding or COI statements in the retrieved text.","“A total of 540 patients with available pre- and post-transplantation ECG data were included.” Table 1 reports recipient age 49 ± 14 years and recipient sex male in 366/540, implying 32% female. Race/ethnicity was not reported in the retrieved text. Clinical history included hypertension, diabetes mellitus, ischemic cardiomyopathy, lipid measures, ischemic time, immunosuppression, rejection, CAV grade, and pacemaker implantation.",The paper used “an AI-ECG algorithm that was previously developed and validated in the non-transplant population” and states that “the convolutional neural network model was developed using Keras with a TensorFlow and Python backend.” Raw 12-lead ECGs were input to estimate ECG age. The model was applied without additional training to this transplant cohort. No SHAP/LIME-type explainability or hyperparameter-tuning process for this study cohort was reported. Validation here is best marked as not reported because this paper is primarily an application/prognostic study of a previously developed model rather than a new derivation-validation paper.,"The analysis included only patients “with available pre- and post-transplantation ECG data,” which is most consistent with complete-case inclusion. The ECG-age algorithm had been previously trained on 774,783 subjects outside this study, but this paper did not retrain or provide study-specific train/test counts for the transplant cohort. Data handling was described, including averaging ECG ages from ECGs obtained within 1 year before and after HTx and excluding ECGs used in the original training/validation sets. Class imbalance is not applicable to this prognostic exposure analysis. The network architecture was “available on request,” so code availability is best classified as Other rather than Yes.","The study outcome was MACE, defined as “any incident of coronary revascularization, heart failure hospitalization, re-transplantation, and all-cause mortality,” so the closest allowed category is Adverse Events. During median follow-up of 8.8 years, 307 patients experienced MACE. The main reported performance/result metric was association strength rather than discrimination: ΔECG age ≥ 0 was associated with MACE in multivariable Cox analysis, HR 1.58 (95% CI 1.18–2.10, P = 0.002). No AUC, accuracy, sensitivity, specificity, PPV, NPV, F1, calibration, or DCA were reported.",High Risk,"This was a retrospective single-center Mayo Clinic cohort, and only patients with both pre- and post-transplant ECG data were included in the final analysis.",,Low Risk,"Predictors were standardized 12-lead ECGs processed by a previously developed CNN, and the study clearly defined pre- and post-transplant ECG age windows.",,Low Risk,"MACE was explicitly defined as coronary revascularization, heart failure hospitalization, re-transplantation, and all-cause mortality, with events collected by detailed chart review.",,Unclear,"Strengths include multivariable Cox models, competing-risk analysis, and long follow-up. Uncertainty remains because this was a prognostic application of an existing AI tool rather than a full derivation/validation study within the transplant cohort, and no discrimination/calibration metrics were reported.",,Low Concern,"The study directly applies AI to post-heart-transplant risk stratification and cardiac events, which is clearly relevant to the review question.",,Not Reported,Not Reported,No,Yes,No,NR,No,NR,Yes,NR,NR,NR,No,NR,NR,NR,NR,NR,NR,NR,NR
5/29/26 13:42,Francesca Lunardi,03_Ahady Dolatsara-2020-A two-stage machine learn,"A two-stage machine learning framework to predict heart transplantation survival probabilities over time with a monotonic probability constraint
Ahady Dolatsara, Hamidreza et al.
Decision Support Systems / 2020",USA,Heart,National Registry,1987,2016,Transplant Recipients (Post-op),103570,NR,NR,Yes,Retrospective Cohort,Other,Two-stage framework with Stage I ML models and Stage II isotonic regression; selected implementation reported in main results: UP-LASSO-logistic regression,Tabular (EMR/Clinical data),,Internal Split (Train/Test),Other,Other,NR,NR,Other,0.702,62.7,75.2,53.3,Yes,Other Registry,,"The paper states, “Our UNOS dataset covered 103,570 heart transplant events up to and including September 30, 2016,” and the registry/process described are explicitly U.S.-based through UNOS. Funding was supported “in part by the Ohio Supercomputer Center” and the “National Science Foundation,” and the paper declares “Declaration of Competing Interest None.”","The main article reports a UNOS dataset of “103,570 heart transplant events,” but because censoring was applied separately at each time point, the effective sample size varies by prediction horizon. The paper does not report an overall mean age, female proportion, or race/ethnicity summary in the retrieved main-text tables/figures. Clinical history and transplant factors were included among the 494 variables and engineered features used for modeling.","Stage I examined seven algorithms: “LR, LDA, ANN, CART, SVM, RF and XGB,” along with variable selection methods including “fast feature selection, LASSO, and random forests,” and the paper reports holdout performance for the “UP-LASSO-logistic regression implementation.” Stage II applied isotonic regression to calibrate survival probabilities over month 1 and years 1–10 so they are monotonically decreasing. Figure 3 summarizes this workflow. The framework used internal training/holdout evaluation plus 5-fold cross-validation for model selection.","Missing data were handled through a structured cleaning strategy rather than a single standard method: variables with high missingness were removed, and the authors compared models with no imputation versus median/mode imputation; categorical missingness could also be imputed as “unknown.” Class imbalance was explicitly addressed with several subsampling methods: “none, DOWN, UP, SMOTE and ROSE.” Data preprocessing was described in detail, including removal of intra/post-transplant variables, censoring rules, engineered features, regrouping categorical levels, and encoding choices. Code availability was stronger than a simple yes/no because the paper states that “our code, analysis and results are detailed in an R Markdown document” and also provides a public web app; however, algorithm weights were not reported. Exact training/test N for the selected final model at each time point were not provided in the retrieved text.","The target outcome was multi-period post-transplant survival probability at month 1 and years 1–10 rather than a single fixed endpoint. Table 4 reports holdout performance for the selected UP-LASSO-logistic regression model: AUC rose from 0.608 at month 1 to 0.702 at year 10; year-10 accuracy was 0.627, sensitivity 0.752, and specificity 0.533. Figure 7 presents observed-versus-forecast survival probabilities after isotonic regression, so calibration was reported graphically. Table 5 shows isotonic regression slightly improved AUC at all time points. No PPV, NPV, F1-score, or DCA were reported. Since the prompt asks for the test/validation set, I used the holdout results from Table 4; the single numeric AUC field here is the year-10 holdout AUC of 0.702, while the article reports a range across time points.",Low Risk,"The study used a large national UNOS registry with 103,570 heart transplant events, which lowers single-center selection bias, although censoring varied by time point.",,Low Risk,"The authors intentionally removed intra- and post-transplant variables in the main prediction framework, keeping a pre-operative decision-support orientation, and also engineered clinically motivated donor-recipient features.",,Low Risk,"The survival outcome at each time point was explicitly coded using G-TIME and G-STATUS, with censoring rules clearly described for whether the recipient was alive or dead at the time point of interest.",,Unclear,"Strengths include extensive preprocessing, class-imbalance handling, multiple algorithms, cross-validation, holdout testing, and post hoc monotonic calibration; however, the very large analytic design space and time-point-specific censoring introduce complexity and possible instability, and exact final training/test sample sizes per horizon were not clearly reported in the retrieved text.",,Low Concern,This article directly concerns AI/ML for heart transplant outcome prediction using donor-recipient pre-operative variables and is highly aligned with the review question.,,Government/Public,No (Declared no COI),No,Yes,No,NR,Yes,NR,Yes,NR,NR,NR,No,NR,NR,NR,NR,NR,NR,NR,NR
5/29/26 13:49,Francesca Lunardi,40_Pelzer-2023-The Accuracy of Initial U.S. Heart,"The Accuracy of Initial U.S. Heart Transplant Candidate Rankings
Pelzer, K. M. et al.
JACC Heart Fail / 2023",USA,Heart,National Registry,2010,2020,Transplant Candidates (Waitlist),32294,53,26.3,Yes,Retrospective Cohort,Random Forest,Random survival forest (RSF); comparator Cox proportional hazards (CPH),Tabular (EMR/Clinical data),Other,NR,Multiple Imputation,No,27200,5094,Waitlist mortality,0.76,NR,NR,NR,Yes,SRTR (Scientific Registry of Transplant Recipients),,"The data source was the “Scientific Registry of Transplant Recipients,” with a prepolicy training set from “2010-2017” and a postpolicy test set from “November 1, 2018, and March 1, 2020.” I did not identify an explicit funding or COI statement in the retrieved text.","The final cohort contained “32,294 adult heart transplant candidates (mean age: 53.0 years; 73.7% male),” implying 26.3% female. Race/ethnicity was not reported in the retrieved text. Clinical history included malignant disease, cerebrovascular disease, tobacco use, diabetes, diagnosis categories, and supportive treatments.","The study compared therapy-based “6-status” ranking with two multivariable methods: “Cox proportional hazards models and random survival forest models.” Predictors were clinically chosen listing-time variables including age, diagnosis, laboratory measurements, hemodynamics, and supportive treatment. Models were trained on prepolicy data and evaluated on a later postpolicy cohort, which is best classified as external temporal validation. No SHAP/LIME-style interpretability or hyperparameter-tuning details were reported in the retrieved text.","“Other missing data were imputed with the multiple imputation by chained equations algorithm,” so missing-data handling is multiple imputation. The prepolicy training cohort included 27,200 candidates and the postpolicy test cohort 5,094. The authors also specified assumptions for missing indicator variables and exclusion of obvious data-entry errors. I did not identify class-imbalance mitigation or code release.","The primary outcome was “death before receipt of a heart transplant,” which maps to waitlist mortality. In the postpolicy test set, the best-performing model was the Cox model with treatment variables, C-index 0.76, followed by the random survival forest with treatment variables, C-index 0.74; the 6-status system had C-index 0.67. Calibration was assessed with Kaplan–Meier survival by predicted 90-day risk groups and Brier scores. Accuracy, PPV, sensitivity, specificity, NPV, and F1-score were not reported. DCA was not reported.",Low Risk,"This was a large national SRTR cohort of adult heart-transplant candidates, which minimizes single-center selection bias, although some candidates with data errors were excluded.",,Low Risk,"Predictors were listing-time physiologic measures, treatments, diagnoses, blood type, and medical history variables that are clinically relevant to urgency ranking.",,Low Risk,"The outcome was clearly defined as “death without receiving a heart transplant,” including death while waitlisted and after delisting, with transplant treated as censoring.",,Low Risk,"Strengths include temporal train-test separation, multiple imputation, comparison of CPH and RSF, bootstrap CIs, calibration assessment, and variable-importance analysis.",,Low Concern,The article directly addresses ML-based urgency ranking among heart-transplant candidates and is highly relevant to the review question.,,Not Reported,Not Reported,No,Yes,No,NR,Not Reported,No,Yes,NR,NR,NR,No,NR,NR,NR,NR,NR,NR,NR,NR
5/29/26 13:53,Francesca Lunardi,41_Raji and Safna - 2022 - Computational methods for predicting the outcome of thoracic transplantation,"Computational methods for predicting the outcome of thoracic transplantation
Raji, C. G. and Safna, A. K.
Journal of Big Data / 2022",USA,Other,National Registry,NR,NR,Transplant Recipients (Post-op),485,NR,NR,Yes,Retrospective Cohort,"Artificial Neural Networks (ANN, MLP, NN)",Multilayer Perceptron (MLP) with back-propagation; Radial Basis Function (RBF) network,Tabular (EMR/Clinical data),Other,Other,Not Reported,No,NR,NR,Other,NR,97.1,96.6,98.4,No,Other Registry,,"The study states that data were collected from the “United Network for Organ Sharing database,” so the source is a U.S. national registry. The paper says “Funding: Not applicable,” but also notes the OPTN data source support contract in the ethics section; I therefore classify the study-specific funding as None. The exact calendar years of the included thoracic transplant records were not reported in the retrieved text. The paper uses the broad term “thoracic transplantation,” not a clearly separated heart-only or lung-only cohort.","The paper reports an initial UNOS thoracic dataset of 148,509 records, then after removing pediatric cases and validation steps, “24 important attributes with 485 records were extracted.” Age, donor age, creatinine, serum albumin, ECMO, IABP, rejection episodes, ischemic time, HLA mismatch, infection resistance, and graft-failure cause were included, so clinical history was incorporated. Mean age, sex distribution, and race/ethnicity were not reported for the final 485-case dataset.","The paper’s main proposed model is the “multi-layer perceptron algorithm,” and it also implemented “the Radial Basis Function Network model to prove the accuracy of proposed model.” Inputs were donor, recipient, and transplantation tabular variables selected from UNOS using InfoGain Attribute Eval with ranker search. The comparison was against an earlier published computational system rather than a clinical guideline or human reader. The paper discusses “validation” but the retrieved text does not clearly describe a standard split or CV protocol, so I classify validation as Other rather than guessing. No SHAP/LIME-style interpretability or explicit hyperparameter tuning was reported.","Data preprocessing was described extensively: multi-organ records were filtered to thoracic transplantation, pediatric records were removed, relevant attributes were selected, and InfoGain-based ranking reduced the feature space to 24 inputs. However, the retrieved text does not describe a missing-data method, class-imbalance handling, public code release, or explicit train/test counts. Because those details were not reported clearly, I left them as NR/No rather than inferring them.","The study outcome was graft/survival status after thoracic transplantation, represented by GRF_STAT, but the exact clinical horizon was not clearly specified in the retrieved text, so the safest category is Other. The paper reports “accuracy of 97.1%” for the MLP and “92.37%” for the RBF model. Table 6 reports sensitivity 0.966 and specificity 0.984 for the proposed MLP. AUC/C-statistic, PPV, NPV, F1, calibration, and DCA were not reported in the retrieved text.",High Risk,"Although the source was UNOS, the final analytic sample was reduced from a very large registry to only 485 records after multiple filtering and validation steps, and the paper does not clearly describe cohort assembly in a clinically transparent way.",,Unclear,"The included predictors are clinically plausible donor, recipient, and transplant variables, but several choices are not well justified clinically and one top-ranked variable was recipient sex, suggesting possible dataset-driven instability.",,Unclear,"The outcome variable was GRF_STAT, with “N” indicating graft failure and “Y” success, but the paper does not clearly define the exact time horizon for this success/failure endpoint in the retrieved text.",,High Risk,"The reported accuracy is very high, but the retrieved text does not clearly document dataset split strategy, external validation, calibration, or robust modern reporting standards, which creates substantial risk of optimistic performance estimation.",,Unclear,"The study is directly about computational prediction after thoracic transplantation and uses UNOS data, but it mixes broad “thoracic transplantation” terminology with heart-focused background and does not clearly define a heart-only or lung-only clinically interpretable cohort.",,,Not Reported,No,Yes,No,NR,No,No,Yes,NR,NR,NR,No,NR,NR,NR,NR,NR,NR,NR,NR
5/29/26 13:56,Francesca Lunardi,42_Rodriguez et al. - 2022 - A Framework for Using Real-World Data and Health Outcomes Modeling to Evaluate Machine Learning-Base,"A Framework for Using Real-World Data and Health Outcomes Modeling to Evaluate Machine Learning-Based Risk Prediction Models
Rodriguez, P. J. et al.
Value Health / 2022",USA,Lung,National Registry,2012,2016,Transplant Candidates (Waitlist),4247,NR,NR,Yes,Retrospective Cohort,Ensemble,Super learner ensemble ML model for 2-year mortality; patient-level microsimulation framework,Tabular (EMR/Clinical data),NR,Internal Split (Train/Test),Multiple Imputation,No,6368,4247,Other,0.914,NR,NR,NR,Yes,Other Registry,,"The real-world cohort came from the “Cystic Fibrosis Foundation Patient Registry” linked to UNOS data, and the cohort was followed “until December 31, 2016,” with simulation starting January 1, 2012. I did not identify an explicit funding or conflict-of-interest statement in the retrieved text.","The patient-level simulation used the “40% validation set (n = 4247).” The retrieved text does not report a cohort-wide mean age or sex percentage for this validation sample. Clinical history and longitudinal disease data were included through repeated encounter-level CFFPR variables, including lung function, contraindications, visit history, waitlist status, and transplant outcomes. Race/ethnicity was not reported in the retrieved text.","The ML referral policy used a previously developed “super learner, an ensemble ML approach that optimally combined multiple underlying models (lasso, elastic net, ridge, XGboost, random forest, and support vector machine).” It was compared against referral based on FEV1 and usual care. The 40% validation set was used for the simulation, so internal split is the best validation label. The paper focuses on downstream clinical utility rather than interpretability, and I did not find a clear feature-selection or hyperparameter-tuning description in the retrieved text.","The cohort of 10,615 adults was previously split into training (60%) and validation (40%) sets; this corresponds to about 6,368 training and 4,247 validation/test patients. The paper describes imputation of missing ABO and LAS-related variables and synthetic extension of trajectories, and explicitly uses “multiple imputation by chained equations” for some modeled quantities, so multiple imputation is the best fit. I did not find any class-imbalance strategy or code-release statement.","The modeled clinical decision was lung-transplant referral, and the downstream patient outcome was 5-year survival under different referral policies; because this does not map neatly to the preset categories, the best label is Other. The ML model’s baseline AUROC for 2-year mortality was 0.914 versus 0.876 for FEV1. Calibration is discussed because the paper states that the ML model had “better calibration than FEV1.” The paper’s main outcome results were survival and referral consequences in simulation rather than standard test-set accuracy, PPV, sensitivity, specificity, NPV, or F1. DCA was not reported.",Low Risk,"The study used a large national CFF registry linked to UNOS, covering a substantial proportion of the U.S. cystic fibrosis population, which reduces major center-level selection bias.",,Low Risk,"Predictors were longitudinal real-world clinical variables collected at repeated encounters and used dynamically over time, which closely matches intended clinical use.",,Low Risk,"Outcomes were clearly defined, including referral, transplant, pretransplant death, post-transplant death, and 5-year overall survival, with explicit state transitions in the microsimulation model.",,Unclear,"Strengths include linked real-world registries, dynamic decision modeling, patient-level microsimulation, and explicit accounting for organ supply and heterogenous treatment effects. Uncertainty remains because many downstream effects were simulated rather than directly observed, and results depend on structural assumptions such as organ allocation and post-transplant survival modeling.",,High Concern,"Although the paper is highly relevant to lung transplantation and ML-based referral decisions, the population is adults with cystic fibrosis rather than a general thoracic transplant candidate population, and the article is mainly a methodological framework rather than a standard transplant prediction-model development paper.",,Not Reported,Not Reported,No,Yes,No,NR,Not Reported,No,Yes,NR,NR,NR,No,NR,NR,NR,NR,NR,NR,NR,NR
5/29/26 14:00,Francesca Lunardi,43_Sage et al. - 2023 - A machine-learning approach to human ex vivo lung perfusion predicts transplantation outcomes and pr,"A machine-learning approach to human ex vivo lung perfusion predicts transplantation outcomes and promotes organ utilization
Sage, A. T. et al.
Nat Commun / 2023",Other,Lung,Single Center,2008,2022,Organ (ex-vivo perfusion),725,46,35,Yes,Retrospective Cohort,Gradient Boosting (XGBoost/LightGBM),InsighTx; eXtreme Gradient Boosting (XGBoost),NR,NR,NR,Not Reported,Not Reported,504,221,1-year survival,0.85,NR,NR,NR,No,Not Applicable / Not Reported,,"The study used EVLP data “collected in our center over the past decade,” specifically from the Toronto Lung Transplant Program/University Health Network, Toronto, Canada, with cases spanning “2008 to 2022.” I did not identify explicit funding or COI statements in the retrieved text.","The cohort included “n = 725 eligible clinical EVLP cases.” From Table 1, donor mean age was 45, 48, and 47 years across the three cohorts, which is approximately 46 overall. Male sex was 65%, 64%, and 64% across cohorts, implying about 35% female overall. This is an organ-assessment cohort rather than a recipient cohort. Race/ethnicity and comorbidity history were not reported in the retrieved text.","The paper states that the authors “evaluated eXtreme Gradient Boosting (XGBoost)” and developed “our ML model, termed InsighTx,” using donor features plus biological, physiological, and biochemical EVLP assessments. The model was then examined in a retrospective blinded implementation study involving EVLP specialists, so human expert is the best comparator. Because the development cohort preceded two later consecutive validation cohorts, external temporal is the best validation category. SHAP importance values were explicitly used to assess feature importance. The retrieved text does not describe a separate feature-selection stage or explicit hyperparameter tuning.","The development dataset contained 504 EVLP cases, and the two independent temporal validation cohorts contained 97 and 124 cases, totaling 221 test cases. Data preprocessing is described at a high level through donor plus EVLP biological/physiological/biochemical feature extraction and temporal cohort separation. I did not find a clear missing-data strategy, class-imbalance method, or code-availability statement in the retrieved text.","The model predicted EVLP suitability and post-transplant duration of mechanical ventilation; within the extraction framework, the closest postoperative adverse-outcome category is PGD because the paper also linked predictions to PGD grade 3 at 72 h. For the overall model, the best held-out AUROC was 85 ± 3% in test dataset 2. For unsuitable lungs, AUROC reached 95 ± 2%, and for extubation <72 h it reached 83 ± 4%. The paper reports model precision of 81% for identifying any unsuitable donor lung and 72% for suitable donor lungs. For donor lungs predicted to have extubation <72 h, the NPV for PGD grade 3 at 72 h was 88%. Calibration and DCA were not reported.",Unclear,"This is the largest clinical EVLP cohort reported, but it comes from a single expert center, which may limit generalizability to other EVLP programs.",,Low Risk,"Predictors were rich EVLP biological, physiological, and biochemical features collected longitudinally during standardized ex vivo assessment, and SHAP-based importance was examined.",,Low Risk,"Outcomes were clearly defined as three clinically meaningful categories after EVLP—extubation <72 h, extubation ≥72 h, and declined for transplant—with additional linkage to PGD grade 3 at 72 h.",,Unclear,"Strengths include a sizable development cohort, two consecutive temporal test cohorts, and blinded implementation analysis. Uncertainty remains because the retrieved text does not clearly describe missing-data handling, hyperparameter tuning, or multicenter external validation.",,Low Concern,"The article directly studies ML-guided assessment of donor lungs during EVLP and its relationship to post-transplant outcomes and organ utilization, which is highly relevant to thoracic transplantation AI.",,Not Reported,Not Reported,No,No,"Yes (e.g., SHAP, LIME)",NR,Not Reported,No,Yes,81,88,NR,No,NR,NR,NR,NR,NR,NR,NR,NR
5/29/26 14:03,Francesca Lunardi,44_Seraphin-2023-Prediction of heart transplant r,"Prediction of heart transplant rejection from routine pathology slides with self-supervised deep learning
Seraphin, T. P. et al.
Eur Heart J Digit Health / 2023",Europe,Heart,Multi-center,1999,2021,Transplant Recipients (Post-op),325,NR,21,Yes,Retrospective Cohort,Convolutional Neural Network (CNN),Self-supervised learning attention-based multiple instance learning pipeline using RetCCL encoder and Marugoto; comparator CRANE,NR,NR,NR,Complete Case Analysis (Excluded),NR,393,686,Acute Rejection,0.849,NR,NR,NR,No,Not Applicable / Not Reported,,"The data came from “three different medical centres in Germany,” with cohorts from Regensburg, Hamburg, and Aachen. Table 1 shows recruitment years spanning 1999–2014, 2016–2018, and 2019–2021, so the overall study period was 1999–2021. I did not identify explicit funding or COI statements in the retrieved text.","The four cohorts included 107, 95, 86, and 37 patients, totaling 325 patients, with 1,079 slides. Age was reported as median by cohort, not as a single mean. Table 1 reports female:male per slides as 55:338, 55:301, 70:121, and 47:94, which totals 227 female slide-labels out of 1,079, about 21%; patient-level female percentage was not directly reported. Race/ethnicity and comorbidity summaries were not reported in the retrieved text.","The authors trained “our own deep learning pipeline using an SSL-based feature extractor combined with attention-based MIL” on H&E whole-slide pathology images and compared it against the CRANE method. The ground truth came from “two expert pathologists… grading the degree of rejection in consensus,” so human expert is the best comparator. Validation included hold-out and separate cohorts from other German centers, so external geographic is the strongest label. Interpretability came from attention maps and Grad-CAM visualizations. The paper reports optimizer choice, learning-rate finding, early stopping, and training settings, which count as hyperparameter/training-procedure reporting.","Only samples “with information on ISHLT grading” were eligible, which is most consistent with complete-case inclusion. The primary training cohort had 393 slides, and the three validation cohorts had 356, 189, and 141 slides, totaling 686 test slides. The paper describes digitization, tessellation, patch extraction, feature extraction, bag construction, and training procedures. No class-imbalance correction was described. The code repositories for preprocessing and deep learning are explicitly provided, satisfying code availability. The retrieved text did not explicitly mention released trained weights, but the available option set requires one of the listed labels; code availability is clearly affirmative.","The target was cellular cardiac allograft rejection on endomyocardial biopsy, which fits Acute Rejection. In cross-validation, the binary rejection yes/no AUROC was 0.849. External AUROCs were 0.734, 0.729, and 0.716. For multiclass ISHLT grades, the cross-validated AUROCs were 0.835 for 0R, 0.633 for 1R, and 0.905 for 2/3R. Although the methods mention calculation of accuracy, precision, recall, and F1-score, I did not see explicit numeric values for these in the retrieved text, so I leave them NR. Calibration and DCA were not reported.",Unclear,"This was a multicentre retrospective series with external validation, which is a strength, but cohort sizes were still modest and selected from archived biopsies with available ISHLT grading.",,Low Risk,"Predictors were routine H&E pathology whole-slide images from endomyocardial biopsies, processed in a standardized digital workflow.",,Low Risk,"Ground truth labels were assigned by “two expert pathologists… in consensus, following the 2004 revision of the ISHLT grading system.”",,Low Risk,"Strengths include repeated three-fold cross-validation, three external validation cohorts, comparison with CRANE, bootstrapped confidence intervals, and code availability. Remaining limitations are mainly sample size and reduced external performance, not major analytic flaws.",,Low Concern,The article directly addresses AI-based detection of heart-transplant rejection from pathology and is highly relevant to the review question.,,Not Reported,Not Reported,No,No,"Yes (e.g., SHAP, LIME)",NR,Yes,No,Yes,NR,NR,NR,No,NR,NR,NR,NR,NR,NR,NR,NR
5/29/26 14:07,Francesca Lunardi,46_Shou et al. - 2022 - Pre-operative Machine Learning for Heart Transplant Patients Bridged with Temporary Mechanical Circu,"Pre-operative Machine Learning for Heart Transplant Patients Bridged with Temporary Mechanical Circulatory Support
Shou, B. L. et al.
J Cardiovasc Dev Dis / 2022",USA,Heart,National Registry,2009,2017,Transplant Recipients (Post-op),1584,NR,26,Yes,Retrospective Cohort,Gradient Boosting (XGBoost/LightGBM),Extreme Gradient Boosting (XGBoost),Tabular (EMR/Clinical data),NR,Internal Split (Train/Test),Algorithm handles natively,Not Reported,1267,317,1-year survival,0.71,NR,NR,NR,No,Other Registry,,"The study used the “United Network for Organ Sharing (UNOS) database” and included patients transplanted between “01/2009 and 12/2017,” so this is a U.S. national-registry heart-transplant study. I did not identify an explicit funding or COI statement in the retrieved text.","The cohort included “1584 patients,” with median age 56 years, not mean age, so mean age is NR. The paper reports “74% male,” implying 26% female. Ethnicity categories were reported in Table 1, and clinical history variables included diabetes, implantable cardiac defibrillator, creatinine, bilirubin, hemodynamics, inotrope use, and support-device type.","The authors “constructed a machine learning model using extreme gradient boosting (XGBoost) with a 70:30 train:test split.” They positioned the work against existing pre-operative risk scores such as IMPACT and CARRS, so Linear Risk Score is the best comparator label. SHAP was explicitly used for interpretation, and a grid search optimized hyperparameters. Forty-three predictors were “automatically selected for inclusion in the final XGBoost model based on predictive utility.”","The paper states that missing values “were automatically imputed on a case-by-case basis in the XGBoost model,” which best fits algorithm handles natively. Class imbalance was addressed by setting scale_pos_weight = 7.8. Preprocessing included manual removal of post-transplant-only variables, one-hot encoding of categorical variables, numerical treatment of continuous/ordinal variables, and grid search tuning. The development and validation cohorts included 1,267 and 317 patients, respectively. No code-release statement was reported.","The primary endpoint was “1-year post-transplant mortality,” which maps to 1-year survival in this extraction framework. The XGBoost model achieved “an AUC of 0.71 (95% CI: 0.62–0.78).” Although an AUCPR of 0.357 was reported, the paper did not provide explicit held-out accuracy, PPV, sensitivity, specificity, NPV, or F1 values in the retrieved text. Calibration and DCA were not reported.",Low Risk,"This was a national UNOS cohort of adult isolated first-time heart-transplant recipients bridged with tMCS, reducing single-center selection bias, though it is limited to a specific high-risk subgroup.",,Low Risk,"Predictors were restricted to variables available “at or before the time of transplantation,” which is appropriate for pre-operative risk modeling.",,Low Risk,The primary outcome was clearly defined as “1-year post-transplant mortality.”,,Unclear,"Strengths include national data, train/test split, hyperparameter tuning, imbalance adjustment, SHAP-based interpretation, and bootstrap CIs. Uncertainty remains because validation was internal only and calibration was not reported.",,Low Concern,"The study directly addresses ML-based outcome prediction in heart transplantation, specifically a clinically important tMCS bridge-to-transplant subgroup.",,Not Reported,Not Reported,Yes,Yes,"Yes (e.g., SHAP, LIME)",NR,Yes,NR,Yes,NR,NR,NR,No,NR,NR,NR,NR,NR,NR,NR,NR
5/29/26 14:11,Francesca Lunardi,45_Shaw et al. - 2023 - Multicenter analysis of immunosuppressive medications on the risk of malignancy following adult soli,"Multicenter analysis of immunosuppressive medications on the risk of malignancy following adult solid organ transplantation
Shaw, R. et al.
Front Oncol / 2023",USA,Other,Multi-center,2000,2021,Transplant Recipients (Post-op),5591,NR,39,Other,Retrospective Cohort,Random Forest,Random Forest,Tabular (EMR/Clinical data),,Not Reported,Not Reported,NR,NR,NR,Other,NR,NR,NR,NR,No,Not Applicable / Not Reported,,"This was a “retrospective cohort study from a multicenter hospital system in the United States,” using EHR data from three hospitals in the greater Chicago area queried “from January 1, 2000, to March 10, 2021.” Because it spans all adult solid organ transplants rather than a single thoracic organ, organ focus is best classified as Other. I did not identify an explicit funding or COI statement in the retrieved text.","The study identified “5,591 unique patients” and “6,142 transplanted organs.” The median age of transplant recipients was 54 years, but no overall mean age was reported. “Overall, 39% of transplant recipients were women.” Race was reported, including White, Black, Hispanic, Asian, and other groups. Clinical history variables included organ type, age, sex, race, and longitudinal immunosuppressive exposure.","The primary study aim was epidemiologic risk assessment using time-dependent Cox models, with ML used as a complementary variable-importance analysis, so Primary ML Component is best classified as Other. The authors state that “a random forest model was used to assess variable importance in predicting post-transplant malignancy.” Categorical variables under 10% frequency were grouped, variables were one-hot encoded or normalized, and the model was “fit across a variety of hyperparameters within a Latin hypercube of size 25.” No human comparator or guideline comparator was used. Validation specifics for prediction performance were not reported.","The paper describes preprocessing: low-frequency categories were grouped, nominal variables were one-hot encoded, numerical variables were normalized, and the dataset was “bootstrap resampled 10 times and stratified by the outcome.” This stratified bootstrap handling is best categorized as Other for class imbalance rather than a standard reweighting method. Missing-data handling was not clearly reported. The paper states that “the complete analysis code is available” on GitHub, so code availability is affirmative under the available labels. No fixed train/test split sizes were reported.","The study outcome was post-transplant malignancy, which is not one of the preset transplant endpoints, so the best category is Other. The paper reports hazard ratios rather than standard predictive discrimination metrics: sirolimus HR 1.41, azathioprine HR 2.1, cyclosporine HR 1.59, and tacrolimus HR 0.59 for post-transplant malignancy. No AUC, accuracy, PPV, sensitivity, specificity, NPV, F1, calibration, or DCA were reported in the retrieved text.",Unclear,"This was a multicenter cohort, which improves representativeness, but it was limited to three hospitals in the greater Chicago area and relied on retrospective ICD/EHR ascertainment.",,Low Risk,"Predictors were clearly defined EHR-derived exposures and demographics, especially time-dependent immunosuppressive medication use, age, sex, race, and organ type.",,Unclear,"Malignancies were identified using ICD-9/10 codes, which is practical but introduces some risk of misclassification compared with adjudicated cancer registries.",,Unclear,"Strengths include time-dependent Cox modeling, competing-risk analysis, and complementary random forest variable-importance assessment. Limitations acknowledged by the authors include retrospective design, potential under-ascertainment outside the hospital system, modest sample size relative to national databases, and lack of dose/plasma-level adjustment for immunosuppressants.",,High Concern,"Although the paper includes heart and lung recipients, it is a broad solid-organ oncology/immunosuppression study rather than a thoracic-transplant-specific AI prediction study, so applicability to the thoracic AI review question is limited.",,Not Reported,Not Reported,Yes,Yes,No,NR,Yes,Other,Yes,NR,NR,NR,No,NR,NR,NR,NR,NR,NR,NR,NR
5/29/26 14:13,Francesca Lunardi,47_Singh et al. - 2024 - CT-Based Lung Size Matching in Delayed Chest Closure for Systemic Sclerosis Lung Transplantation,"CT-Based Lung Size Matching in Delayed Chest Closure for Systemic Sclerosis Lung Transplantation
Singh, J. et al.
Clin Transplant / 2024",USA,Lung,Single Center,2007,2020,Transplant Recipients (Post-op),92,51,61,Other,Retrospective Cohort,Convolutional Neural Network (CNN),3-D U-Net–based CT segmentation with multivariate logistic regression for DCC prediction,Imaging (CT/CXR/Echo),,Cross-Validation (k-fold),Simple Imputation (Mean/Median),Not Reported,NR,NR,1-year survival,0.82,73,NR,NR,No,Not Applicable / Not Reported,,"The cohort consisted of recipients treated “at the University of Pittsburgh Medical Center from 2007 to 2020,” making this a U.S. single-center study. The paper states support from “National Institutes of Health (NIH)” grants and a UPMC Hillman pilot program, so Government/Public is the best fit. I did not identify an explicit COI statement in the retrieved text.","The abstract states, “92 SSc recipients (age 51 years ± 10, 56/92 (61.0%) females) who underwent bilateral LTx.” Race was reported in Table 1, and clinical history variables included BMI, smoking, tracheostomy, atrial fibrillation, prior chest operation, FEV1/FVC, ILD/PAH subtype, and donor characteristics.","The paper used “in-house three-dimensional (3-D) convolutional neural networks (CNN) algorithms” based on U-Net to segment recipient lungs and chest cavity from CT. The actual DCC prediction model was a multivariate logistic regression using preoperative features, with backward stepwise elimination and stratified 5-fold cross-validation. Because ML/CNN was used mainly for imaging-derived measurement extraction rather than the primary predictive model, Primary ML Component is best classified as Other. No SHAP/LIME-style interpretability was reported.","The methods state that variables with “less than 5% missing data were imputed using mean or mode imputation,” while variables with more than 5% missingness were excluded. Continuous features were z-score standardized, categorical variables were one-hot encoded, and VIF filtering plus backward elimination were applied. The model used stratified 5-fold cross-validation rather than a single explicit train/test split, so fixed training/test counts are NR. No class-imbalance method or code-release statement was reported.","The modeled outcome was DCC occurrence, which is best categorized as Adverse Events within the restricted list. The multivariate logistic regression model achieved “a mean accuracy of 0.73 (0.60, 0.86) and a mean AUC of 0.82 (95% CI: 0.70, 0.94) in predicting DCC occurrence pre-LTx.” The paper also reports no significant difference in survival between DCC and PCC at 30 days, 90 days, 1 year, and 5 years. PPV, sensitivity, specificity, NPV, F1, calibration, and DCA were not reported in the retrieved text.",High Risk,"This was a small, highly selected single-center cohort of only 92 systemic sclerosis recipients, which limits generalizability.",,Low Risk,Predictors were clinically relevant preoperative variables plus objectively derived CT volumetric measures from validated CNN algorithms.,,Low Risk,"The outcome, DCC vs PCC, was clearly defined intraoperatively, and survival outcomes were assessed with Kaplan–Meier analysis at prespecified time points.",,Unclear,"Strengths include CT-derived quantitative metrics, cross-validation, hyperparameter tuning, and multivariable modeling; uncertainty remains because of the small sample size, single-center design, and lack of external validation.",,Low Concern,"The paper directly concerns lung transplantation, uses deep-learning-derived CT measurements, and addresses a clinically meaningful perioperative transplant outcome.",,Government/Public,Not Reported,Yes,Yes,No,NR,Yes,No,Yes,NR,NR,NR,No,NR,NR,NR,NR,NR,NR,NR,NR
5/29/26 14:18,Francesca Lunardi,48_Singh et al. - 2025 - Predicting Primary Graft Dysfunction in Systemic Sclerosis Lung Transplantation Using Machine-Learni,"Predicting Primary Graft Dysfunction in Systemic Sclerosis Lung Transplantation Using Machine-Learning and CT Features
Singh, J. et al.
Clin Transplant / 2025",USA,Lung,Single Center,2007,2020,Transplant Recipients (Post-op),92,51,61,Yes,Retrospective Cohort,"Artificial Neural Networks (ANN, MLP, NN)","Multilayer perceptron (MLP), support vector machine (SVM), random forest classifier (RFC), and multivariate logistic regression",Imaging (CT/CXR/Echo),,Cross-Validation (k-fold),Simple Imputation (Mean/Median),Not Reported,NR,NR,1-year survival,0.85,NR,NR,NR,No,Not Applicable / Not Reported,,"The cohort was collected “at the University of Pittsburgh Medical Center from 2007 to 2020,” making this a U.S. single-center lung-transplant study. Funding was from NIH grants and a UPMC Hillman pilot program, so Government/Public is the best fit. I did not identify an explicit COI statement in the retrieved text.","The abstract reports “92 SSc recipients (mean age 51 years ± 10)” and Table 1 shows 56/92 females (61.0%). Race was explicitly reported, including African American and White recipients. Clinical history included BMI, smoking, waitlist time, LAS, ILD vs PAH phenotype, pulmonary function, DCC, and donor variables.","The paper states that “four ML algorithms were developed,” namely logistic regression, SVM, RFC, and MLP, and the best model was MLP. Inputs combined pre-LTx clinical data with CT-derived features from deep-learning segmentation and donor-recipient size-matching ratios. The models used repeated stratified 5-fold cross-validation with five runs and randomized grid search. Feature reduction included p<0.10 screening, VIF filtering, and lasso-based elimination. No SHAP/LIME-style explainability was reported.","Variables with more than 5% missingness were excluded, and “the remaining missing data was imputed using the feature mean for continuous variables and the feature mode for categorical variables,” which is simple imputation. Continuous features were z-score standardized, categorical variables one-hot encoded, and repeated stratified 5-fold cross-validation was used instead of a fixed train/test split. I did not find any explicit class-imbalance method or code-release statement.","The outcome was explicitly “grade 3 PGD at 72 h post-LTx,” which maps directly to PGD. The abstract reports that “the MLP model achieved a maximum AUROC of 0.85 (95% CI: 0.81–0.88)” using four features. The methods state that AUPRC was also used for evaluation, but specific final AUPRC and other classification metrics were not visible in the retrieved text, so I left them NR rather than guessing. Calibration and DCA were not reported.",High Risk,"This was a small single-center cohort of only 92 systemic sclerosis recipients, which limits generalizability and increases selection risk.",,Low Risk,Predictors were clinically relevant preoperative variables plus detailed CT-derived cardiopulmonary and body-composition features extracted with previously validated deep-learning algorithms.,,Low Risk,PGD was explicitly defined using ISHLT criteria as pulmonary edema on chest X-ray plus PaO2/FiO2 < 200 at 72 hours.,,Unclear,"Strengths include repeated stratified cross-validation, randomized hyperparameter search, multiple model classes, and multimodal feature integration. Uncertainty remains because of the small sample size and lack of external validation.",,Low Concern,"The article directly addresses machine-learning prediction of PGD after lung transplantation and is highly relevant, even though it focuses on the specific systemic sclerosis subgroup.",,Government/Public,Not Reported,Yes,Yes,No,NR,Yes,No,Yes,NR,NR,NR,No,NR,NR,NR,NR,NR,NR,NR,NR
5/29/26 14:20,Francesca Lunardi,49_Singh et al. - 2025 - Predicting post-lung transplant survival in systemic sclerosis using CT-derived features from preope,"Predicting post-lung transplant survival in systemic sclerosis using CT-derived features from preoperative chest CT scans
Singh, J. et al.
Eur Radiol / 2025",USA,Lung,Single Center,2004,2020,Transplant Recipients (Post-op),102,50,61,Other,Retrospective Cohort,Convolutional Neural Network (CNN),3-D CNN/U-Net CT segmentation with Cox proportional hazards survival modeling,Imaging (CT/CXR/Echo),Other,Cross-Validation (k-fold),Complete Case Analysis (Excluded),Not Reported,NR,NR,5-year survival,0.9,NR,NR,NR,No,Not Applicable / Not Reported,,"The study identified “a cohort of 102 SSc patients who underwent LTx at the University of Pittsburgh Medical Center from 2004 to 2020,” so this is a U.S. single-center lung-transplant study. I did not identify an explicit funding or COI statement in the retrieved text.","The abstract reports “102 patients (mean age, 50 years ± 10, 61% (62/102) females).” Race was reported in Table 1, and clinical variables included BMI, smoking, Charlson comorbidity index, tracheostomy, calcinosis, PAH, atrial fibrillation, previous chest procedure, esophageal dysmotility, and ILD.","Deep-learning algorithms were used to “automatically segment and quantify five different body tissues and cardiopulmonary features” from CT, while the actual survival prediction models were Cox proportional-hazards models integrating CT, demographic, and clinical variables. Since ML/CNN primarily enabled feature extraction and the main survival model was Cox regression, Primary ML Component is best classified as Other. Validation used 5-fold cross-validation for time-point survival classification. Feature selection in the multivariate CPH models used backward-stepwise regression. I did not see explicit hyperparameter tuning for the CNN or Cox models in the retrieved text.","Clinical features with “missing values, lack of variance, or unreadable data were excluded,” which best fits complete-case/exclusion-based handling rather than imputation. The paper describes preprocessing including one-hot encoding of categorical variables, z-score standardization of linear features, collinearity filtering by VIF, and 5-fold cross-validation. Because the analysis used repeated fold-based validation rather than a fixed train/test split, training and test N are NR. Class imbalance is not especially applicable for censored survival modeling. No code-release statement was identified.","The study modeled survival at 1, 3, and 5 years after lung transplantation. Within the restricted outcome list, 5-year survival best captures the most emphasized final performance. The abstract reports maximum AUCs of 0.77 for 1-year, 0.85 for 3-year, and 0.90 for 5-year survival after integrating CT-derived features. The methods also mention c-index and Brier score, but the retrieved text does not provide a single final held-out c-index value to report here. Calibration and DCA were not reported.",High Risk,"This was a single-center retrospective cohort of only 102 systemic sclerosis recipients, which limits generalizability despite being substantial for this rare population.",,Low Risk,Predictors were clinically relevant demographic and preoperative clinical factors plus objectively derived CT body-composition and cardiopulmonary features generated with previously validated algorithms.,,Low Risk,"Survival was clearly defined with right censoring at the study cutoff, and Kaplan–Meier plus Cox proportional-hazards methods were used appropriately for time-to-event analysis.",,Unclear,"Strengths include multivariable Cox modeling, time-dependent ROC-AUC evaluation, c-index and Brier-score reporting, and 5-fold cross-validation. Uncertainty remains because the study is single-center and the snippets do not show external validation.",,Low Concern,"The article directly addresses AI/CT-enhanced prediction of post-lung-transplant survival and is highly relevant, although focused on the specific systemic sclerosis subgroup.",,Not Reported,Not Reported,Yes,Yes,No,NR,No,NR,Yes,NR,NR,NR,No,NR,NR,NR,NR,NR,NR,NR,NR
5/29/26 14:22,Francesca Lunardi,04_Ayers et al. - 2021 - Using machine learning to improve survival prediction after heart transplantation,"Using machine learning to improve survival prediction after heart transplantation
Ayers, B. et al.
J Card Surg / 2021",USA,Heart,National Registry,2000,2019,Transplant Recipients (Post-op),33657,52.8,25,Yes,Retrospective Cohort,Ensemble,"Final ensemble ML model combining deep neural network, logistic regression, AdaBoost, and random forest",Tabular (EMR/Clinical data),NR,Internal Split (Train/Test),Simple Imputation (Mean/Median),No,26926,6731,1-year survival,0.764,NR,NR,NR,Yes,Other Registry,,"The study used the “United Network for Organ Sharing (UNOS) registry” and included adult patients undergoing OHT “between 2000 and 2019.” A disclosures section was present, listing industry relationships for several authors, so COI was declared. I did not identify a funding statement in the retrieved article text, so funding is marked Not Reported.","The study included “33,657 OHT patients,” and “the majority of study participants were male (75%) with an average age of 52.8 ± 12.4 years,” implying female sex 25%. Table 1 reports race as White 70% and includes multiple clinical-history/support variables such as prior cardiac surgery, dialysis, ventilator, ICU, inotropes, ECMO, IABP, LVAD/RVAD/TAH, bilirubin, creatinine, and waitlist time.","The paper describes a “retrospective study” using UNOS data with patients split into training (80%) and validation (20%) sets. The final model was an ensemble of four algorithm classes: deep neural network, logistic regression, AdaBoost, and random forest, built from 400 total models. Inputs were preoperative donor and recipient registry variables. The main explicit comparator in reported results was a “singular logistic regression,” which best fits the review option of a linear risk-score comparator rather than human expert/guideline. Feature selection combined clinician review and random-forest importance, producing 47 final variables. The paper does not describe SHAP/LIME-style explainability or an explicit hyperparameter-tuning process.","Missing continuous data were imputed with the median and categorical data with the mode. Class imbalance was addressed using “over-sampling (SVM Smote) and under-sampling (Repeated Edited Nearest Neighbors).” Preprocessing was clearly described, including exclusion of non-preoperative variables, clinician review, grouping sparse categories, one-hot encoding, and standardization of continuous variables. The paper states models were trained in Python using Keras/Tensorflow but does not provide code release, so code availability is No. Table 1 gives training n=26,926 and validation n=6,731.","The primary outcome was “1-year post-transplant survival,” with 1-year mortality 11% (n=3738). In the validation cohort, AUROCs were 0.649 for logistic regression, 0.691 for random forest, 0.691 for deep neural network, 0.653 for AdaBoost, and 0.764 for the final ensemble ML model. The ensemble improved predictive performance by 72.9% ± 3.8% by NRI and had better DCA across the full risk spectrum. Calibration was evaluated visually by plotting predicted versus observed risk by decile. The paper did not report accuracy, PPV, sensitivity, specificity, NPV, or F1-score numerically in the retrieved text.",Low Risk,"The study used a large national UNOS registry cohort of 33,657 patients, which reduces single-center selection bias, although exclusions for prior transplant, multiorgan transplant, age <18, and incomplete 1-year survival were applied.",,Low Risk,"The authors explicitly excluded variables that “would not be available in the preoperative setting,” which supports appropriate predictor timing for clinical use.",,Low Risk,"The primary outcome was clearly defined as “1-year post-transplant survival,” and Figure 1 classified patients as alive vs dead at one year.",,Unclear,"Strengths include a separate validation cohort, resampling for imbalance, multiple algorithms, AUROC/NRI/DCA evaluation, and calibration assessment. However, there was no external validation cohort, and the authors acknowledge this as a limitation.",,Low Concern,"This article directly studies machine learning for heart-transplant survival prediction using donor-recipient preoperative variables, matching the review question closely.",,Not Reported,Yes (Declared COI),Yes,Yes,No,NR,No,NR,Yes,NR,NR,NR,Yes,NR,NR,NR,NR,NR,NR,NR,NR
5/29/26 14:28,Francesca Lunardi,05_Barbosa et al. - 2018 - Machine Learning Algorithms Utilizing Quantitative CT Features May Predict Eventual Onset of Bronchi,"Machine Learning Algorithms Utilizing Quantitative CT Features May Predict Eventual Onset of Bronchiolitis Obliterans Syndrome After Lung Transplantation
Barbosa, E. J. M. et al.
Acad Radiol / 2018",USA,Lung,Single Center,NR,NR,Transplant Recipients (Post-op),71,57,25.4,Yes,Retrospective Cohort,Support Vector Machine (SVM),Support vector machine with radial basis function kernel,Imaging (CT/CXR/Echo),Other,Other,Complete Case Analysis (Excluded),No,NR,NR,1-year survival,NR,85,NR,NR,No,Not Applicable / Not Reported,,"The patient cohort came from a local IRB-approved retrospective study and the lead academic clinical site was the University of Pennsylvania; the article states that data were selected retrospectively and transferred “to an outside facility for computational imaging analysis,” which supports a single-center clinical source with external image processing. I did not identify an explicit funding or COI statement in the retrieved article text. Calendar study years were not reported; only follow-up intervals after transplant were provided.","Table 1 states there were 71 subjects total, with 41 BOS and 30 non-BOS, and the text reports 53 men and 18 women with mean age 57 years. Female sex is therefore 18/71 = 25.4%. Race/ethnicity was not reported. Clinical background was reported through pretransplant diagnoses including idiopathic pulmonary fibrosis, COPD, cystic fibrosis, alpha-1-antitrypsin deficiency, and other.","The article explicitly says the scans were analyzed retrospectively and that “supervised ML with support vector machines (SVMs) was used.” The model used significant qCT features derived from Student t tests, and a “radial basis functional kernel with default tuning parameters was used.” Inputs were qCT/FRI imaging features from paired inspiratory-expiratory CT scans. The main comparator was not another clinical model but rather baseline clinical/PFT variables, which the paper states could not significantly distinguish BOS from non-BOS at baseline. Validation used repeated random train-test partitions (90/10 for 1D and 2D, 80/20 for 3D), so “Other” is the most exact category.","For the baseline prediction cohort, “patients with missing values for certain regional parameters… were not included,” which is best classified as complete case analysis. Class imbalance handling such as weighting, oversampling, or SMOTE was not reported. Data preprocessing was described extensively: CT segmentation, central/distal airway definitions, lung/lobar volume extraction, and computational fluid dynamics-based resistance calculation. The paper reports train-test ratios, but because the absolute sample counts vary across repeated random partitions and dimensions, exact training and test N are NR. Code availability was not reported.","The clinical outcome was eventual BOS after lung transplant, which is the obstructive phenotype of chronic lung allograft dysfunction, so the closest restricted category is CLAD. Table 5 reports the best 3-feature SVM classification accuracy as 85%, using RML lobe volume at TLC, RUL airway resistance at FRC, and central airway surface at FRC. One-feature accuracy reached 76%, and the best two-feature model reached 83%. The paper did not report AUC, sensitivity, specificity, PPV, NPV, F1-score, calibration, or DCA. Figure 7 summarized significant baseline qCT predictors, and Figure 8 showed that baseline FEV1 and FEV1 percent predicted were not significant predictors of future BOS.",High Risk,"This was a small retrospective cohort of 71 patients selected using several imaging and data-availability criteria, and only 41 patients were eligible for the baseline prediction analysis because incomplete datasets were excluded.",,Low Risk,Predictors were objective qCT/FRI imaging biomarkers extracted from paired inspiratory-expiratory CT scans with standardized segmentation and computational methods.,,Low Risk,"BOS was defined using standard clinical criteria requiring a sustained decline of at least 10% in FEV1 from best baseline postoperative measurement, and BOS status was reviewed clinically by a board-certified pulmonologist.",,High Risk,"The study used a very small baseline prediction sample, selected features using univariate testing before SVM modeling, used default SVM tuning parameters, and reported repeated random split accuracies without an external validation cohort.",,Low Concern,"This article directly addresses AI/ML prediction in thoracic transplantation, specifically lung transplant recipients and later BOS/CLAD development using imaging biomarkers.",,Not Reported,Not Reported,No,Yes,No,NR,No,No,Yes,NR,NR,NR,No,NR,NR,NR,NR,NR,NR,NR,NR
5/29/26 14:29,Francesca Lunardi,06_Brahmbhatt-2022-The lung allocation score and,"The lung allocation score and other available models lack predictive accuracy for post-lung transplant survival
Brahmbhatt, J. M. et al.
J Heart Lung Transplant / 2022",USA,Lung,National Registry,2005,2017,Transplant Recipients (Post-op),19900,55.3,NR,Yes,Retrospective Cohort,Random Forest,"LASSO and Random Forests; compared with LAS, Chan et al. model, and a clinician model",Tabular (EMR/Clinical data),NR,Internal Split (Train/Test),Simple Imputation (Mean/Median),No,16915,2985,Other,NR,NR,NR,NR,Yes,Other Registry,,"The study used the “United Network for Organ Sharing database (2005-2017)” and included adults receiving their first lung transplant between “May 1, 2005, and May 1, 2017.” The registry is a U.S. national dataset. I did not identify an explicit funding statement or COI disclosure in the retrieved text, so both are marked Not Reported.","The cohort included “19,900 adults who received their first LTx between May 1, 2005, and May 1, 2017.” Table 1 reports age means of 55.1 and 56.5 years in the two 1-year outcome groups; the weighted overall mean is about 55.3 years. Female sex is reported separately by outcome group (41% vs 37%) rather than as one overall cohort percentage in the retrieved text, so I marked the single overall female percentage as NR rather than infer it. Table 1 also reports race and multiple clinical variables, including diabetes, dialysis, steroid use, mechanical ventilation, BMI, GFR, bilirubin, creatinine, oxygen requirement, pulmonary arterial pressure, and diagnosis.","This was a retrospective cohort study comparing five models: LAS, Chan et al., a clinician logistic model with 27 a priori covariates, LASSO, and Random Forests. Because the paper centers on evaluating machine-learning approaches alongside existing risk scores, the primary ML component is Yes. The machine-learning architectures explicitly reported were LASSO and Random Forests. Inputs were pre-transplant recipient covariates from UNOS, with donor covariates added in secondary analyses. The main comparators were LAS and Chan’s risk score, both best categorized here as linear risk-score comparators. The validation approach used an 85% development set and 15% validation set. No SHAP/LIME-type interpretability or hyperparameter-tuning details were reported in the retrieved text.","The paper states that “for binary and categorical variables, patients with missing measurements were grouped into their own category” and “missing measurements for continuous variables were estimated using mean imputation,” so this is best classified as simple imputation. I found no mention of resampling, weighting, or other imbalance handling. Preprocessing/model-building details were described, including a priori variable selection for the clinician model and alternative ML approaches. Code availability was not reported. The development/validation split was 85%/15%, which corresponds to approximately 16,915 training and 2,985 validation patients from 19,900 total.","The modeled outcome was “death or re-transplant within the indicated timeframe,” primarily at 1 year and secondarily at 3 years, so the closest allowed label is Other. Figure 1 and the Results state that all 1-year models had low AUCs ranging from 0.55 to 0.62. The paper also states that all models had NPV 0.87-0.90 and PPV <0.25, but the retrieved text does not provide model-specific numeric PPV/NPV/sensitivity/specificity values for a single chosen model, so I leave those fields NR rather than guess. Calibration was clearly reported through calibration slopes and Figures 2, 4, and 5. DCA was not reported. The LAS post-transplant survival measure had calibration slope 0.38 (95% CI 0.03-0.73), indicating overestimation of mortality risk.",Low Risk,"This was a large national UNOS registry cohort including 19,900 adult first lung transplant recipients, reducing single-center selection bias, although patients lost to follow-up were excluded.",,Low Risk,"The models were based on pre-transplant covariates from UNOS, and donor covariates were tested separately in secondary analyses, which is appropriate for allocation-related prediction.",,Low Risk,"The study explicitly used “death or re-transplant within the indicated timeframe” as the modeled outcome, which is clearly defined.",,Unclear,"Strengths include a held-out validation set, calibration analysis, and multiple comparative models; concerns include mean imputation, exclusion of patients lost to follow-up, limited details on tuning, and persistently poor discrimination across all models.",,Low Concern,"This article directly studies prediction modeling, including machine learning, for lung transplant post-transplant survival using national recipient data.",,Not Reported,Not Reported,Yes,Yes,No,NR,Not Reported,No,Yes,NR,NR,NR,No,NR,NR,NR,NR,NR,NR,NR,NR
5/29/26 14:32,Francesca Lunardi,07_Chang-2025-Patterns of Left Ventricular Region,"Patterns of Left Ventricular Regional Wall Motion Abnormalities After Brain Death and Their Clinical Significance
Chang, A. J. et al.
JACC Heart Fail / 2025",USA,Heart,Multi-center,NR,NR,Donors,913,34.3,42.6,Yes,Prospective Cohort,Unsupervised Learning (Clustering),k-means clustering,Imaging (CT/CXR/Echo),,Not Reported,Complete Case Analysis (Excluded),No,NR,NR,Donor acceptance for transplantation,NR,NR,NR,NR,No,NR,,"The study was the “Donor Heart Study,” coordinated at Stanford and “conducted at 8 organ procurement organizations across the United States,” so the data origin was U.S. multicenter rather than a registry. Funding was from the “National Institutes of Health (NIH)/National Heart, Lung, and Blood Institute (R01 HL125303),” and the authors stated that they had “no relationships relevant to the contents of this paper to disclose.” Specific calendar start and end years for donor enrollment were not reported in the retrieved text.","Although the Donor Heart Study enrolled 4,333 potential heart donors, “the final analytical cohort included 913 initial TTEs.” Table 1 reports mean age 34.3 years and female sex 42.6% for the analytical cohort, and also reports race/ethnicity plus medical-history variables including hypertension, diabetes mellitus, tobacco use, Public Health Service risk status, and cause of death.","The paper states that the Donor Heart Study was a “5-year multicenter observational prospective cohort study.” The machine-learning method was unsupervised “k-means clustering,” using all 17 segment-level wall motion scores from transthoracic echocardiography to identify RWMA phenotypes. The number of clusters was chosen using the cubic clustering criterion, but no held-out validation, SHAP/LIME-style interpretability method, or hyperparameter-tuning procedure was reported.","The analysis excluded donors without adequate initial TTE quality and then excluded 70 outliers after cluster analysis, which is most consistent with complete case analysis plus exclusions rather than imputation. Class imbalance handling was not relevant because this was unsupervised phenotyping rather than a binary classifier. Data preprocessing was described: only donors with RWMA on initial TTE entered clustering, 17 segment-specific WMS values were used, 8 preliminary clusters were generated and then consolidated into 4 clinically plausible phenotypes, and 70 outliers were excluded. Code availability was not reported.","This was not a supervised prediction model with held-out discrimination metrics. Instead, the clinically relevant outcomes associated with the RWMA phenotypes were donor-heart acceptance, changes in LVEF/WMSI on follow-up TTE, and recipient survival after transplantation. Table 1 reports donor-heart acceptance was highest in FBS (68.2%), and recipient 2-year survival among transplanted hearts was similar across phenotypes. Figure 3 shows all phenotypes improved in LVEF on second echocardiogram. Because no AUC, accuracy, PPV, sensitivity, specificity, NPV, F1-score, calibration, or DCA were reported for a predictive model, those fields are NR/No.",High Risk,"The final analysis was restricted from 4,333 enrolled donors to 913 initial TTEs with RWMA and complete pre- and post-transplant data, and 70 outliers were additionally excluded after clustering, which may introduce selection bias.",,Low Risk,"The clustering inputs were standardized echocardiographic wall motion scores for all 17 LV segments, interpreted by a blinded expert core reviewer, which supports objective predictor assessment.",,Low Risk,"The key clinical outcomes were clearly defined, including donor-heart acceptance, serial LVEF/WMSI changes, and recipient 2-year survival, and TTE interpretation was core-lab based.",,High Risk,"The analysis used unsupervised clustering followed by investigator consolidation into 4 clinically plausible phenotypes and exclusion of outliers, without external validation or a separate test set, which raises concern about stability and reproducibility of the phenotypes.",,Low Concern,"The article directly involves machine learning in the cardiac transplant donor setting and evaluates clinically important transplantation outcomes, so it is relevant to a thoracic organ transplantation AI review.",,Government/Public,NR,Yes,Yes,No,NR,No,NR,Yes,NR,NR,NR,No,NR,NR,NR,NR,NR,NR,NR,NR
5/29/26 14:33,Francesca Lunardi,08_Chao et al. - 2024 - Improving prognostic accuracy in lung transplantation using unique features of isolated human lung r,"Improving prognostic accuracy in lung transplantation using unique features of isolated human lung radiographs
Chao, B. T. et al.
NPJ Digit Med / 2024",Other,Lung,Single Center,2008,2022,Organ (ex-vivo perfusion),650,NR,NR,Yes,Retrospective Cohort,Convolutional Neural Network (CNN),ResNet-50 CNN; InsighTx XGBoost model,Imaging (CT/CXR/Echo),Other,NR,Not Reported,Other,520,130,Other,0.94,78,79,NR,No,Not Applicable / Not Reported,,"The cohort came from “Clinical EVLP cases performed from 2008 to 2022 at Toronto General Hospital,” which makes this a single-center study rather than a registry. The country is not one of the prompt’s fixed options, so “Other” is the closest fit. I did not identify an explicit funding or COI statement in the retrieved text.","The study included “n = 650 clinical EVLP cases” and “n = 1300 radiographs.” The analysis was centered on isolated donor lungs on EVLP rather than recipient cohorts or waitlist candidates. No overall age, sex, or race/ethnicity summary was reported in the retrieved text. Donor information was correlated with principal components, but the excerpt does not clearly establish a structured comorbidity/history table, so that item is best marked Unclear.","The paper used CNNs including “ResNet-50, ResNeXt-50, RexNet-100, EfficientNet-B2, EfficientNet-B3, and DenseNet-121,” with the best model being CADLab-pretrained ResNet-50. The image-analysis task used EVLP radiographs, while the multimodal stage combined image PCs with physiological and biological EVLP data in an XGBoost-based “InsighTx” model. Comparator performance was reported against manually labeled radiographic scores rather than a clinical rule or human decision-maker directly. The cohort was split “temporally” 80:20, with training from 2008-2020 and validation from 2020-2022, which is best categorized as external temporal. Explainability was present via Grad-CAM and “Shapley Additive explanation values.” The extracted text does not describe explicit hyperparameter tuning.","Missing-data handling was not described in the retrieved text. I found no statement about class weighting, oversampling, or imbalance correction. Data processing was described in detail, including temporal image pairing at 1 h and 3 h, pretraining/fine-tuning, latent-feature extraction, PC analysis, Grad-CAM, and multimodal fusion with tabular EVLP data. The EVLP case split was 80:20 into training “n = 520” and validation “n = 130.” Code availability is best marked “Other” because the paper states that source code and data are being worked toward and that the authors will make best efforts for access, but the data are not publicly available.","The modeled outcome was a 3-class donor-lung endpoint: “(1) recipient time to extubation of <72 h, (2) ≥72 h, and (3) lungs unsuitable for transplantation,” so the closest fixed category is Other. For the multimodal model, Table 2 reports improved performance from 73 ± 5% to 78 ± 4% accuracy and from 88 ± 2% to 94 ± 2% AUROC after adding radiographic PCs. The paper also states that both “precision (73% vs. 64%)” and “recall (79% vs. 72%)” improved significantly with image PCs added. Table 1 reports that the imaging-only CNN achieved 62.7 ± 1.8% accuracy and 76.1 ± 1.2% AUROC, while the best validation-set donor-lung outcome classification for ResNet-50 was 66.9% accuracy with AUROC 78.4%. Calibration and DCA were not reported.",Unclear,"The study included all bilateral EVLP cases with both 1 h and 3 h radiographs from a single center, which is systematic but still narrow and potentially selective relative to all donor lungs.",,Low Risk,"The main predictors were objective EVLP radiographs processed by a standardized CNN pipeline, and the multimodal model added structured physiological and biological EVLP parameters.",,Low Risk,"The 3 outcome classes were explicitly defined in the Methods as transplanted lungs with recipient ventilation <72 h, transplanted lungs with recipient ventilation ≥72 h, and lungs unsuitable for transplant.",,Unclear,"Strengths include temporal validation, comparison against manual radiographic labels, latent-feature interpretation, and multimodal testing; however, missing-data handling and tuning details were not reported in the retrieved text, and the XGBoost multimodal stage was developed on a subset of 115 validation-cohort cases.",,Low Concern,"This paper directly applies AI to thoracic organ transplantation, specifically donor-lung assessment and transplant-related outcome prediction during EVLP.",,Not Reported,Not Reported,No,Unclear,NR,NR,No,No,Yes,73,NR,NR,No,NR,NR,NR,NR,NR,NR,NR,NR
5/29/26 14:35,Francesca Lunardi,09_Choshi-2025-Long short-term memory algorithm f,"Long short-term memory algorithm for personalized tacrolimus dosing: A simple and effective time series forecasting approach post-lung transplantation
Choshi, H. et al.
J Heart Lung Transplant / 2025",Asia,Lung,Single Center,2011,2023,Transplant Recipients (Post-op),117,NR,NR,Yes,Retrospective Cohort,Recurrent Neural Network (RNN/LSTM),Multivariate 3-step long short-term memory (LSTM) model,Tabular (EMR/Clinical data),,Internal Split (Train/Test),Simple Imputation (Mean/Median),No,93,12,Other,NR,88.5,NR,NR,No,Not Applicable / Not Reported,,"The study was conducted at “a single center, Okayama University Hospital” in Japan. Figure 1 shows lung transplant recipients from “Apr. 2011 - May 2023,” with the study cohort for model development spanning “Apr. 2011 - Mar. 2022” and the simulation cohort “Apr. 2022 - May. 2023.” I did not identify an explicit funding or COI statement in the retrieved text.","The model-development cohort included “117 cases,” with an additional 6 later cases reserved for simulation testing. The retrieved text does not report overall age, sex, or race/ethnicity. Clinical and perioperative history variables were included among the 36 collected factors, including age, sex, height, weight, procedure, operation time, cardiopulmonary bypass, ECMO/CHDF period, POD, azole antifungals, and multiple laboratory values.","The paper states that “a multivariate long short-term memory algorithm was applied to forecast subsequent TTLs,” and Figure 2 shows a “multivariate 3-step” LSTM. The input data were tabular clinical variables from routine care. SHAP was used to identify influential features and guide input selection. Within the 117-case study cohort, 80%, 10%, and 10% were randomly assigned to training, validation, and test datasets. The final model did not use an explicit comparator model; rather, different input combinations were compared by MSE. Explicit hyperparameter tuning was not reported in the retrieved text.","The first 117 cases were split into training dataset n=93, validation dataset n=12, and test dataset n=12, as shown in Figure 1. Data preprocessing was described in detail: intravenous dose was multiplied by 6, all clinical data were standardized using Z-score normalization, and missing prior time points for the 3-step LSTM were filled with cohort mean values plus an imputation flag. Class imbalance is not applicable because this is a regression/forecasting task rather than class prediction. Code availability was not reported.","The target was next-step tacrolimus trough level forecasting, so the closest category is Other. The final model predicted TTLs “within 30% of the actual values for 88.5% of time points,” and within 20% for 74.3%. Figure 5a showed a positive predicted-vs-actual relationship, with test-set R² = 0.67. Figure 5b showed better accuracy later after transplant, and Figure 5c showed similar performance for intravenous and oral administration routes. Standard classification metrics such as AUC, PPV, sensitivity, specificity, NPV, F1-score, calibration, and DCA were not reported because this was a forecasting/regression-style model.",High Risk,"This was a retrospective single-center study with 117 development cases and 6 later simulation cases, after exclusions for short administration periods, infants <10 kg, and an outlier case.",,Low Risk,"The final model intentionally used only routine tacrolimus-related time-series factors—dose, route, and previous TTL—which are objective and readily available in practice.",,Low Risk,"The predicted outcome was clearly defined as the subsequent measured tacrolimus trough level, obtained in routine monitoring using a specified assay method.",,Unclear,"Strengths include explicit train/validation/test splitting, SHAP-guided feature selection, and separate simulation cases, but the study was small, single-center, and lacked external multicenter validation.",,Low Concern,"This paper directly applies AI to a clinically important management problem after lung transplantation, namely tacrolimus dose-to-trough prediction.",,Not Reported,Not Reported,No,Yes,"Yes (e.g., SHAP, LIME)",NR,No,NR,Yes,NR,NR,NR,No,NR,NR,NR,NR,NR,NR,NR,NR
5/29/26 14:36,Francesca Lunardi,51_Tian et al. - 2024 - Machine learning model predicts airway stenosis requiring clinical intervention in patients after lu,"Machine learning model predicts airway stenosis requiring clinical intervention in patients after lung transplantation: a retrospective case-controlled study
Tian, D. et al.
BMC Med Inform Decis Mak / 2024",Asia,Lung,Single Center,2017,2019,Transplant Recipients (Post-op),381,NR,36,Yes,Retrospective Cohort,Random Forest,Random Forest,Tabular (EMR/Clinical data),Other,Other,Complete Case Analysis (Excluded),Not Reported,NR,NR,1-year survival,0.76,NR,78.2,68.9,Yes,Not Applicable / Not Reported,,"The study included patients who underwent LTx “between January 2017 and December 2019” at “Wuxi People’s Hospital affiliated with Nanjing Medical University,” making this an Asian single-center lung-transplant study. I did not identify an explicit funding or COI statement in the retrieved text.","A total of 381 recipients were analyzed. The median age was reported as 57 years, not mean age, so mean age is NR. Sex distribution was 137 female and 244 male, so female sex was 36.0%. Race/ethnicity was not reported. Clinical/history variables included diagnosis, BMI, ECMO type, hormone use, 72 h PGD3, ventilator time, ICU stay, cold ischemia time, and postoperative 6MWT.","The paper states that 7 feature-selection methods and 8 algorithms were combined to build 56 ML models. The “optimal ML model was the model fitted using a random forest algorithm with a determination coefficient feature selection method.” The comparator was a conventional logistic regression model derived from independent risk factors, so Other fits best. Internal validation was by bootstrap with 1000 resamples rather than a standard split or cross-validation, so Validation Method is Other. No SHAP/LIME-type interpretability or explicit hyperparameter-tuning description was reported in the retrieved text.","The study excluded patients with incomplete clinical records and used bootstrap internal validation; no imputation strategy was described in the retrieved text, so this is best classified as complete-case analysis. I did not find any class-imbalance method, code-release statement, or detailed normalization/preprocessing workflow beyond variable extraction and feature-selection strategy. There was no explicit train/test split.","The target outcome was AS requiring clinical intervention, which best fits Adverse Events within the allowed labels. The optimal random-forest model had AUC 0.760 and Brier score 0.085. It also had sensitivity 0.782, specificity 0.689, PPV 0.252, and NPV 0.965. Calibration was reported using the Brier score. DCA was not reported.",Unclear,"This was a retrospective single-center cohort, which limits generalizability, although exclusions were clearly described and follow-up loss was minimal.",,Low Risk,"Predictors were routinely collected clinical characteristics after LTx, including diagnosis, ECMO, PGD3, ventilatory variables, and 6MWT, which are clinically relevant to AS risk.",,Low Risk,AS requiring intervention was clinically adjudicated by an experienced physician according to the 2018 ISHLT consensus definitions and grading systems.,,Unclear,"Strengths include multiple feature-selection methods, multiple algorithms, benchmark logistic regression, and bootstrap internal validation. Uncertainty remains because there was no external validation and the event count was relatively small at 40 AS cases.",,Low Concern,The study directly addresses machine-learning prediction of a clinically important post-lung-transplant complication and is relevant to the review question.,,Not Reported,Not Reported,No,Yes,No,NR,Not Reported,No,No,25.2,96.5,NR,No,NR,NR,NR,NR,NR,NR,NR,NR
5/29/26 14:37,Francesca Lunardi,50_Tian et al. - 2023 - Machine Learning-Based Prognostic Model for Patients After Lung Transplantation,"Machine Learning-Based Prognostic Model for Patients After Lung Transplantation
Tian, D. et al.
JAMA Netw Open / 2023",Asia,Lung,Single Center,2017,2020,Transplant Recipients (Post-op),504,55.56,33.7,Yes,Retrospective Cohort,Random Forest,Random Survival Forests (RSF),Tabular (EMR/Clinical data),Other,Internal Split (Train/Test),Multiple Imputation,Not Reported,353,151,Other,0.879,NR,88.7,79.6,Yes,Not Applicable / Not Reported,,"The study was conducted at Wuxi People’s Hospital and included patients who underwent LTx “between January 2017 and December 2020,” making this an Asian single-center lung-transplant cohort. I did not identify explicit funding or COI statements in the retrieved text.","The study included “504 patients,” with mean age 55.56 years; 334 were male (66.3%), implying 33.7% female. Race/ethnicity was not reported. Clinical/history variables included diagnosis, BMI, PGD3 at 72 h, ECMO type, preoperative hormone use, multidrug-resistant bacterial infection, operative variables, donor oxygenation, and pulmonary function indices.","The paper developed an “RSF model” for overall survival and used a Cox regression model as the benchmark comparator. Patients were randomly assigned to training and test sets at a 7:3 ratio. Feature selection used RSF variable importance with bootstrapping, and “grid search” was used for hyperparameter tuning. No SHAP/LIME-type interpretability was reported.","The methods state that missing data were handled “by multiple imputation by chained equations.” The training and test sets included 353 and 151 patients, respectively. Data preprocessing included random split, feature selection by bootstrapped variable importance, and hold-out validation. Class imbalance is not especially applicable for time-to-event survival modeling. No code-release statement was identified.","The primary endpoint was overall survival after lung transplantation, which does not map exactly to the preset time-specific labels, so Other is the safest category. In the test set, the RSF model had iAUC 0.879 and iBS 0.130 for OS prediction. For 1-year survival, the RSF had tAUC 0.921 and PE 0.115, with sensitivity 88.7%, specificity 79.6%, and accuracy 82.8%. Calibration was reported through iBS/PE and observed-vs-predicted agreement. DCA was not reported.",Unclear,"This was a single-center retrospective cohort, which limits generalizability, although exclusions were prespecified and the sample was moderately sized for a transplant study.",,Low Risk,"Predictors were routinely collected recipient, donor, operative, and early post-transplant variables, and feature selection was handled systematically with bootstrapped RSF importance.",,Low Risk,The target outcome was clearly overall survival with regular follow-up and censoring handled within standard survival-analysis methods.,,Low Risk,"Strengths include separate training/test cohorts, multiple imputation, bootstrapped variable selection, grid-search tuning, calibration/discrimination assessment, and direct benchmark comparison to Cox regression.",,Low Concern,The article directly addresses machine-learning survival prediction after lung transplantation and is highly relevant to the review question.,,Not Reported,Not Reported,No,Yes,No,NR,Yes,NR,Yes,NR,NR,NR,No,NR,NR,NR,NR,NR,NR,NR,NR
5/29/26 14:38,Francesca Lunardi,52_Wang et al. - 2022 - Comparison of Four Machine Learning Techniques for Prediction of Intensive Care Unit Length of Stay,"Comparison of Four Machine Learning Techniques for Prediction of Intensive Care Unit Length of Stay in Heart Transplantation Patients
Wang, K. et al.
Front Cardiovasc Med / 2022",Asia,Heart,Single Center,2017,2020,Transplant Recipients (Post-op),365,NR,NR,Yes,Retrospective Cohort,Gradient Boosting (XGBoost/LightGBM),Gradient Boosting (XGBoost/LightGBM),Tabular (EMR/Clinical data),Other,Internal Split (Train/Test),Simple Imputation (Mean/Median),Other,256,109,Economy/Length of Stay,0.88,87,98,51,No,Not Applicable / Not Reported,,"The cohort came from “Wuhan Union Hospital” and included patients undergoing heart transplantation “between April 2017 and August 2020,” so this is an Asian single-center heart-transplant study. I did not identify an explicit funding or COI statement in the retrieved text.","The study included 365 consecutive heart-transplant recipients. Recipient age was reported as median 47.2 years, not mean age, so mean age is NR. The provided text gives donor sex distribution but does not clearly provide recipient female percentage, so I leave female sex as NR. Race/ethnicity was not reported. Clinical/history features included ECMO, IABP, CRRT, creatinine, renal/hepatic complications, diabetes, hypertension, and operative variables.","The paper developed four ML models and a logistic regression benchmark to predict prolonged ICU-LOS, and XGBoost performed best. Inputs were structured clinical variables, including donor and recipient data. The study used a 7:3 train/test split, LASSO with fivefold cross-validation for feature selection, and SHAP for interpretation. I did not see an explicit hyperparameter-tuning process described in the retrieved text.","The paper states that “Missing values were imputed with median of each corresponding variable,” which is simple imputation. The study also states “we use up-sampling to process the data,” so class imbalance was addressed. Preprocessing included random 7:3 splitting, LASSO feature selection, and fivefold cross-validation. The authors also created an online web-server, but I did not see public source code or weights, so code availability is best marked Other.","The outcome was prolonged ICU length of stay, defined using the 75th percentile threshold of 9.08 days, so the best category is Economy/Length of Stay. The paper reports for XGBoost: “AUC-ROC = 0.88” and “Accuracy: 0.87; sensitivity: 0.98; specificity: 0.51; PPV: 0.86; NPV: 0.93.” F1-score, calibration, and DCA were not reported in the retrieved text.",Unclear,"This was a retrospective single-center cohort of heart-transplant recipients, which limits generalizability, although the series was consecutive and reasonably sized.",,Low Risk,"Predictors were routinely collected donor, recipient, complication, and operative variables that are clinically plausible for ICU-LOS prediction.",,Low Risk,ICU-LOS was clearly operationalized using the 75th percentile threshold of 9.08 days to define prolonged stay.,,Unclear,"Strengths include train/test splitting, LASSO selection, fivefold cross-validation, up-sampling, SHAP interpretation, and comparison across several ML models. Uncertainty remains because the study was internally validated only and calibration reporting was not shown.",,Low Concern,The study directly applies ML to a clinically relevant heart-transplant postoperative outcome and is relevant to the review question.,,Not Reported,Not Reported,No,Yes,"Yes (e.g., SHAP, LIME)",NR,Not Reported,NR,Yes,86,93,NR,No,NR,NR,NR,NR,NR,NR,NR,NR
5/29/26 14:40,Francesca Lunardi,53_Yeo et al. - 2025 - Machine Learning for 1-Year Mortality Prediction in Lung Transplant Recipients ISHLT Registry,"Machine Learning for 1-Year Mortality Prediction in Lung Transplant Recipients: ISHLT Registry
Yeo, H. J. et al.
Transpl Int / 2025",Multi-national,Lung,International Registry,2009,2018,Transplant Recipients (Post-op),29364,53.4,42,Yes,Retrospective Cohort,Gradient Boosting (XGBoost/LightGBM),Gradient Boosting (XGBoost/LightGBM),Tabular (EMR/Clinical data),Other,NR,Complete Case Analysis (Excluded),Not Reported,NR,NR,1-year survival,0.958,94.9,75.5,98.6,No,ISHLT Registry,,"The main dataset came from the “International Society for Heart and Lung Transplantation (ISHLT) registry” with patients registered “from June 2009 to June 2018,” and 45 centers worldwide had submitted data, so this is a multinational international-registry study. I did not identify explicit funding or COI statements in the retrieved text.","The study included “29,364 patients,” with average age 53.4 ± 13.4 years; 17,032 were male (58%), implying 42.0% female. Race/ethnicity was not reported in the retrieved text. Clinical history included diabetes, malignancy history, ventilator use, ECMO use, dialysis, prior surgeries, chronic steroid use, tracheostomy, pulmonary embolism, albumin, bilirubin, creatinine, BMI, and diagnosis categories.","The authors employed six machine-learning models, and “the GBM model achieved the highest performance.” Inputs were 25 pretransplant tabular variables from the ISHLT registry, later reduced to the top 10 using SHAP importance. External validation was performed with an in-house hospital dataset, so external geographic validation is the strongest applicable label. SHAP was explicitly used for interpretation. The text states “Default model settings were applied without additional hyperparameter tuning.”","The paper states that variables with >20% missingness were removed and “patient samples with any missing data were excluded,” which is complete-case analysis. Class imbalance was addressed using class-weight adjustments for LR, RF, SVM, and BRF. Preprocessing included exclusion criteria, feature screening, five-fold cross-validation, and SHAP-based refinement. Because the internal validation used five-fold cross-validation rather than a fixed split, training and test N are NR. No code-release statement was identified.","The target was explicitly 1-year mortality after lung transplantation, which maps to 1-year survival in this extraction framework. With the top-10-feature model, GBM had AUC 0.958 and accuracy 0.949, with sensitivity 0.755, specificity 0.986, PPV 0.914, and NPV 0.955. The same internal performance was reported for the 25-feature GBM model. External validation showed GBM AUC 0.852/accuracy 0.764, while MLP generalized best with AUC 0.911/accuracy 0.870. Calibration and DCA were not reported in the retrieved text.",Low Risk,"The primary cohort was a large international ISHLT registry with 29,364 adult recipients from 45 centers, which reduces major selection bias, although complete-case exclusions were applied.",,Low Risk,Predictors were pretransplant clinical variables available before transplantation and relevant to candidate assessment and counseling.,,Low Risk,The endpoint was clearly defined as death within 1 year versus survival at 1 year after lung transplantation.,,Unclear,"Strengths include large registry size, comparison of six ML models, SHAP-based simplification, five-fold cross-validation, and external validation. Uncertainty remains because complete-case analysis may bias estimates and calibration was not reported.",,Low Concern,The study directly addresses machine-learning prediction of 1-year mortality after lung transplantation and is highly relevant to the review question.,,Not Reported,Not Reported,No,Yes,"Yes (e.g., SHAP, LIME)",NR,No,NR,Yes,91.4,95.5,NR,No,NR,NR,NR,NR,NR,NR,NR,NR
5/29/26 14:43,Francesca Lunardi,54_Yoon et al. - 2018 - Personalized survival predictions via Trees of Predictors An application to cardiac transplantation,"Personalized survival predictions via Trees of Predictors: An application to cardiac transplantation
Yoon, J. et al.
PLoS One / 2018",USA,Heart,National Registry,1985,2015,Other,82882,NR,NR,Yes,Retrospective Cohort,Ensemble,Trees of Predictors (ToPs / ToPs-R),Tabular (EMR/Clinical data),NR,Cross-Validation (k-fold),Multiple Imputation,No,NR,NR,Other,0.66,NR,NR,NR,Yes,Other Registry,,"The study used the “United Network for Organ Sharing (UNOS) database” of patients registered for heart transplantation in the United States “during 1985–2015.” Funding was reported from the Office of Naval Research and the National Science Foundation, so Government/Public is appropriate. The paper explicitly states that the authors “have declared that no competing interests exist.”","After excluding patients younger than 18 years, the study included “51,971 transplanted patients and 30,911 wait-listed patients,” totaling 82,882 adult candidates/recipients. Because the paper analyzes both pre-transplant wait-list and post-transplant cohorts, Other is the safest target-population label. Mean age and overall female percentage were not reported in the retrieved text. The dataset included many clinical features relating to recipients, donors, and donor-recipient compatibility.","The paper developed “ToPs: Trees of Predictors,” an interpretable method that clusters patients and assigns different predictive models to different clusters. Inputs were tabular recipient, donor, and compatibility variables from UNOS. The main comparators were existing clinical risk scores such as DRI, RSS, and IMPACT, so Linear Risk Score is the closest label. Validation used 5-fold cross-validation. Explainability was intrinsic through the tree structure and cluster-specific relevant features, even though SHAP/LIME was not used. Feature selection was automated by excluding features with high missingness and then learning predictive clusters and relevant covariates from the data. Explicit hyperparameter tuning was not described in the retrieved text.","Missing feature components were handled using “10 multiple imputations using Multiple Imputation by Chained Equations (MICE).” Preprocessing included exclusion of post-transplant-only variables, removal of features with >10% missingness, binarization of categorical variables, and 5-fold cross-validation. Since the design used cross-validation on large cohorts rather than a single fixed split, training and test N are NR. Class imbalance is not especially applicable for these survival-prediction settings as reported here. I did not identify a code-release statement.","The study predicted survival across multiple time horizons both post-transplant and pre-transplant, so no single preset outcome label fits perfectly; Other is safest. For post-transplant 3-month survival, ToPs/R achieved AUC 0.660, compared with 0.587 for the best clinical risk score (RSS). The paper also reports post-transplant AUCs of 0.641, 0.623, and 0.631 at 1 year, 3 years, and 10 years, respectively, and average C-index 0.577. Calibration was reported through calibration curves with 95% confidence bounds. DCA was not reported. Accuracy, PPV, sensitivity, specificity, NPV, and F1-score were not reported in the retrieved text.",Low Risk,"This was a very large national UNOS registry study covering adult heart-transplant candidates and recipients across three decades, which substantially reduces single-center selection bias.",,Low Risk,"Predictors included recipient, donor, and donor-recipient compatibility features available in UNOS, and features with excessive missingness were excluded systematically.",,Low Risk,"Outcomes were clearly defined as survival before and after transplantation across fixed time horizons, with right-censoring explicitly handled.",,Unclear,"Strengths include large-scale registry data, multiple imputation, 5-fold cross-validation, comparison with clinical scores and many ML benchmarks, and interpretable clustering. Uncertainty remains because performance varied by time horizon and the retrieved text does not detail all implementation settings beyond the main algorithm design.",,Low Concern,"The article directly addresses AI/ML-based survival prediction in heart transplantation, including both wait-list and post-transplant settings, and is highly relevant to the review question.",,Government/Public,No (Declared no COI),No,Yes,"Yes (e.g., SHAP, LIME)",NR,No,NR,Yes,NR,NR,NR,No,NR,NR,NR,NR,NR,NR,NR,NR
5/29/26 14:45,Francesca Lunardi,55_Zadeh et al. - 2024 - Predictive analytics for de novo malignancies after lung transplantation,"Predictive analytics for de novo malignancies after lung transplantation
Zadeh, Amir et al.
Intelligent Decision Technologies / 2024",USA,Lung,National Registry,1984,2021,Transplant Recipients (Post-op),30917,NR,43,Yes,Retrospective Cohort,Gradient Boosting (XGBoost/LightGBM),Gradient Boosting (XGBoost/LightGBM),Tabular (EMR/Clinical data),,Internal Split (Train/Test),Other,No,21642,9275,1-year survival,0.746,NR,NR,NR,No,Other Registry,,"The paper states that STAR/UNOS data were used and that medical records of lung transplant recipients “between 1984 and 2021 were utilized for this study,” making this a U.S. national-registry study. I did not identify an explicit funding or COI statement in the retrieved text.","The final table consisted of “30,917 individuals,” among whom 25% developed malignancy after lung transplantation. Figure 2 shows a demographic snapshot with 43% female and 57% male. Ethnicity was explicitly shown in Figure 2, and the paper describes recipient/donor demographics, HLA antigens, CMV, albumin, BMI, survival, hospital length of stay, and complications as included variables. Mean age was not explicitly reported in the retrieved text, only the age distribution histogram.","The study developed several supervised models, including decision trees, logistic regression, neural networks, gradient boosting, random forest, and SVM, and reported gradient boosting as best-performing. Inputs came from merged STAR sources including waitlist, transplant, donor, and follow-up datasets, which are tabular recipient/donor variables. The data were split into 70% training and 30% validation/testing. Variable review by lung-transplant experts excluded irrelevant, redundant, and highly missing variables, so Manual/Clinical is the best fit for feature selection. The paper explicitly describes setting/tuning key parameters for gradient boosting and random forest.","The paper states that experts excluded variables with “a high percentage of unacceptable missing values (>30%),” rather than using a standard imputation method in the retrieved text, so Other is the best fit. Because of class imbalance, “oversampling was employed to increase the percentage of the minority class by replicating instances from the minority class.” Preprocessing included merging multiple STAR sources, restricting to lung transplants, excluding prior malignancy and loss to follow-up, and removing 173 variables. A 70/30 split on 30,917 cases corresponds to about 21,642 training and 9,275 test/validation cases. No code-release statement was identified.","The endpoint was de novo malignancy after lung transplantation, which best fits Adverse Events among the allowed categories. The abstract states that gradient boosting “outperformed all other predictive models… achieving an area under the ROC curve (AUC) of 0.746.” Although the methods discuss accuracy, sensitivity, specificity, precision, and related metrics, the retrieved text snippet does not provide final numeric values for those measures, so I leave them NR. Calibration and DCA were not reported in the retrieved text.",Low Risk,"The study used a large U.S. national transplant registry dataset and included 30,917 lung-transplant recipients after explicit exclusions, which reduces major center-level selection bias.",,Unclear,"Predictors included recipient, donor, and follow-up variables, but the retrieved text indicates a mix of pre-, during-, and post-transplant measures, which may complicate interpretation depending on intended clinical use.",,Low Risk,"The study specifically identified individuals “diagnosed with malignant cancers during their respective follow-up periods,” and excluded those with prior malignancy, giving a clear definition of de novo malignancy.",,Unclear,"Strengths include a large registry-derived cohort, multiple model comparisons, class-imbalance handling, and a held-out validation set. Uncertainty remains because the retrieved text does not show full reporting of calibration or all test metrics, and some predictor timing may affect transportability.",,Low Concern,"The paper directly addresses machine-learning prediction of a clinically important post-lung-transplant outcome and is relevant to thoracic-transplant AI, even though the endpoint is malignancy rather than survival or rejection.",,Not Reported,Not Reported,Yes,Yes,No,NR,Yes,NR,Yes,NR,NR,NR,No,NR,NR,NR,NR,NR,NR,NR,NR
5/29/26 14:46,Francesca Lunardi,56_Zafar-2022-Lung Transplantation Advanced Predi,"Lung Transplantation Advanced Prediction Tool: Determining Recipient's Outcome for a Certain Donor
Zafar, F. et al.
Transplantation / 2022",USA,Lung,National Registry,2005,2020,Transplant Recipients (Post-op),15124,NR,42.3,Yes,Retrospective Cohort,Other,Cox-Lasso regression; comparison with Cox regression with backward elimination and random forest Cox; Lung Transplantation Advanced Prediction Tool (LAPT),Tabular (EMR/Clinical data),,Internal Split (Train/Test),Multiple Imputation,Other,10660,4464,5-year survival,0.64,NR,NR,NR,Yes,Other Registry,,"The study used the United Network for Organ Sharing Registry and included eligible double lung transplants from “January 2005 and March 2020,” so this is a U.S. national-registry lung-transplant study. Funding was explicitly stated as “NIH 1R01HL147957-01.” I did not identify an explicit COI statement in the retrieved text.","The final analytic cohort included 15,124 double lung transplants. Recipient age was reported as median 57 years rather than mean, so mean age is NR. Female recipients comprised 42.7% in the derivation cohort and 41.4% in the validation cohort, which is about 42.3% overall. Race/ethnicity and multiple clinical-history variables were reported, including diagnosis, functional status, eGFR, albumin, tobacco, steroid use, ECMO, ventilation, CMV, and donor factors.","The main predictive model was Cox-Lasso, compared with backward-elimination Cox and random-forest Cox. Inputs included recipient, donor, and transplant characteristics from UNOS. The cohort was randomly split into derivation and validation sets, so Internal Split fits best. Variable selection was automated using the Lasso method, and the optimal lambda was selected to balance overfitting and simplicity. I did not see SHAP/LIME-type interpretability; interpretability came through the explicit risk score and cluster assignment.","The paper states that records with a single missing point were imputed and that “imputation of missing data for recipient and donor variables was conducted separately,” which best fits multiple imputation among the available categories. Preprocessing included exclusions, categorization of continuous variables, expectation-maximization clustering, and derivation/validation splitting. The derivation and validation cohorts were 10,660 and 4,464. I did not find a class-imbalance method. A web-based tool was released, but no public code repository was mentioned, so code availability is best classified as Other.","The model predicts 1-, 5-, and 10-year survival plus half-life. Since a single target must be chosen, 5-year survival is the most central medium-term endpoint and has an explicitly reported C statistic of 0.64; 1-year and 10-year C statistics were 0.67 and 0.72. Calibration was reported by showing that model-estimated survival probabilities were similar to observed survival in the validation cohort and by comparing Kaplan–Meier curves across derivation and validation cohorts. Accuracy, PPV, sensitivity, specificity, NPV, and F1 were not reported. DCA was not reported.",Low Risk,This was a large UNOS national-registry cohort of double lung transplants with clear inclusion and exclusion criteria and a separate validation sample.,,Low Risk,"Predictors included clinically relevant recipient, donor, and transplant variables available at transplant decision-making, which matches the intended use of the model.",,Low Risk,"Outcomes were clearly defined as post-transplant survival over multiple horizons, with survival probabilities and half-life estimated and validated against observed outcomes.",,Unclear,"Strengths include national data, separate derivation/validation cohorts, Lasso-based selection, clustering into risk groups, and calibration against observed survival. Uncertainty remains because the snippets do not show full details of all imputation steps and the model mixes conventional survival modeling with clustering rather than fully external validation.",,Low Concern,"The article directly addresses advanced predictive modeling for recipient-donor matching and short-/long-term survival after lung transplantation, which is highly relevant to the review question.",,Government/Public,Not Reported,Yes,Yes,No,NR,Yes,No,Yes,NR,NR,NR,No,NR,NR,NR,NR,NR,NR,NR,NR
5/29/26 14:47,Francesca Lunardi,57_Zhou-2021-Prediction of 1-year mortality after,"Prediction of 1-year mortality after heart transplantation using machine learning approaches: A single-center study from China
Zhou, Y. et al.
Int J Cardiol / 2021",Asia,Heart,Single Center,2015,2018,Transplant Recipients (Post-op),381,43.783,23.8,Yes,Retrospective Cohort,Random Forest,Random Forest,Tabular (EMR/Clinical data),,Internal Split (Train/Test),Simple Imputation (Mean/Median),No,267,114,1-year survival,0.801,82.8,26.8,92.7,No,Not Applicable / Not Reported,,"The study included consecutive orthotopic heart-transplant recipients at a single institute in Wuhan, China, “between January 1st, 2015 and December 31st, 2018,” making this an Asian single-center heart-transplant cohort. I did not identify explicit funding or COI statements in the retrieved text.","The study reports that “381 recipients were included with average age of 43.783 years old.” Male recipients accounted for 76.2%, implying 23.8% female. Race/ethnicity was not reported. Clinical/history variables included hypertension, diabetes, chronic lung/liver/renal disease, malignancy, smoking history, donor factors, and multiple perioperative histories.","Seven machine-learning approaches were trained after LASSO feature selection. The best-performing model was random forest. Inputs were structured recipient and donor variables from electronic medical records. The data were randomly split 70%/30% into training and testing sets, and parameters were tuned using grid search with five-fold cross-validation. SHAP was explicitly used for model interpretation.","Variables with >10% missingness were discarded, and the remaining variables were imputed with column mean for continuous variables and the most frequent value for categorical variables, which is simple imputation. The dataset was randomly split 70%/30%, corresponding to about 267 training and 114 testing patients. I did not find any class-imbalance method or code-release statement.","The primary endpoint was “postoperative 1-year mortality,” which maps to 1-year survival in this extraction framework. Under bootstrap validation, the random forest model achieved the best AUC of 0.801, with accuracy 0.828, sensitivity 0.268, and specificity 0.927. GBM had slightly lower AUC 0.786 but the highest sensitivity 0.271. PPV/NPV were not reported numerically in the shown results tables, and calibration and DCA were not reported.",High Risk,"This was a retrospective single-center cohort from one Chinese institution, which limits generalizability despite consecutive inclusion.",,Low Risk,Predictors were routinely collected recipient and donor clinical variables available before or at transplantation and were screened systematically.,,Low Risk,"The primary outcome was clearly defined as postoperative 1-year mortality, including in-hospital and 1-year follow-up mortality.",,Unclear,"Strengths include 70/30 train-test splitting, LASSO selection, grid-search tuning with five-fold cross-validation, bootstrap validation, and SHAP interpretation. Uncertainty remains because the sample size was modest and sensitivity was poor across models.",,Low Concern,The article directly addresses machine-learning prediction of 1-year mortality after heart transplantation and is highly relevant to the review question.,,Not Reported,Not Reported,No,Yes,"Yes (e.g., SHAP, LIME)",NR,Yes,No,Yes,NR,NR,NR,No,NR,NR,NR,NR,NR,NR,NR,NR
6/10/26 15:52,Johan Nilsson,45_Shaw et al. - 2023 - Multicenter analysis of immunosuppressive medications on the risk of malignancy following adult soli,"Multicenter analysis of immunosuppressive medications on the risk of malignancy following adult solid organ transplantation
Shaw, R. et al.
Front Oncol / 2023",USA,Other,Multi-center,2000,2021,Transplant Recipients (Post-op),5591,54,39,Other,Retrospective Cohort,Random Forest,Random Forest,Tabular (EMR/Clinical data),,Not Reported,Not Reported,Algorithm/Model weights available,NR,NR,Other,NR,NR,NR,NR,No,Not Applicable / Not Reported,,"This was a “retrospective cohort study from a multicenter hospital system in the United States,” using EHR data from three hospitals in the greater Chicago area queried “from January 1, 2000, to March 10, 2021.” Because it spans all adult solid organ transplants rather than a single thoracic organ, organ focus is best classified as Other. I did not identify an explicit funding or COI statement in the retrieved text.","The study identified “5,591 unique patients” and “6,142 transplanted organs.” The median age of transplant recipients was 54 years, but no overall mean age was reported. “Overall, 39% of transplant recipients were women.” Race was reported, including White, Black, Hispanic, Asian, and other groups. Clinical history variables included organ type, age, sex, race, and longitudinal immunosuppressive exposure.","The primary study aim was epidemiologic risk assessment using time-dependent Cox models, with ML used as a complementary variable-importance analysis, so Primary ML Component is best classified as Other. The authors state that “a random forest model was used to assess variable importance in predicting post-transplant malignancy.” Categorical variables under 10% frequency were grouped, variables were one-hot encoded or normalized, and the model was “fit across a variety of hyperparameters within a Latin hypercube of size 25.” No human comparator or guideline comparator was used. Validation specifics for prediction performance were not reported.","The paper describes preprocessing: low-frequency categories were grouped, nominal variables were one-hot encoded, numerical variables were normalized, and the dataset was “bootstrap resampled 10 times and stratified by the outcome.” This stratified bootstrap handling is best categorized as Other for class imbalance rather than a standard reweighting method. Missing-data handling was not clearly reported. The paper states that “the complete analysis code is available” on GitHub, so code availability is affirmative under the available labels. No fixed train/test split sizes were reported.","The study outcome was post-transplant malignancy, which is not one of the preset transplant endpoints, so the best category is Other. The paper reports hazard ratios rather than standard predictive discrimination metrics: sirolimus HR 1.41, azathioprine HR 2.1, cyclosporine HR 1.59, and tacrolimus HR 0.59 for post-transplant malignancy. No AUC, accuracy, PPV, sensitivity, specificity, NPV, F1, calibration, or DCA were reported in the retrieved text.",Unclear,"This was a multicenter cohort, which improves representativeness, but it was limited to three hospitals in the greater Chicago area and relied on retrospective ICD/EHR ascertainment.","This was a multicenter cohort, which improves representativeness, but it was limited to three hospitals in the greater Chicago area and relied on retrospective ICD/EHR ascertainment.",Low Risk,"Predictors were clearly defined EHR-derived exposures and demographics, especially time-dependent immunosuppressive medication use, age, sex, race, and organ type.","Predictors were clearly defined EHR-derived exposures and demographics, especially time-dependent immunosuppressive medication use, age, sex, race, and organ type.",Unclear,"Malignancies were identified using ICD-9/10 codes, which is practical but introduces some risk of misclassification compared with adjudicated cancer registries.","Malignancies were identified using ICD-9/10 codes, which is practical but introduces some risk of misclassification compared with adjudicated cancer registries.",Unclear,"Strengths include time-dependent Cox modeling, competing-risk analysis, and complementary random forest variable-importance assessment. Limitations acknowledged by the authors include retrospective design, potential under-ascertainment outside the hospital system, modest sample size relative to national databases, and lack of dose/plasma-level adjustment for immunosuppressants.","Strengths include time-dependent Cox modeling, competing-risk analysis, and complementary random forest variable-importance assessment. Limitations acknowledged by the authors include retrospective design, potential under-ascertainment outside the hospital system, modest sample size relative to national databases, and lack of dose/plasma-level adjustment for immunosuppressants.",High Concern,"Although the paper includes heart and lung recipients, it is a broad solid-organ oncology/immunosuppression study rather than a thoracic-transplant-specific AI prediction study, so applicability to the thoracic AI review question is limited.","Although the paper includes heart and lung recipients, it is a broad solid-organ oncology/immunosuppression study rather than a thoracic-transplant-specific AI prediction study, so applicability to the thoracic AI review question is limited.",Not Reported,No (Declared no COI),Yes,Yes,No,Not Reported,Yes,Other,Yes,NR,NR,NR,No,NR,NR,NR,NR,NR,NR,NR,NR
6/12/26 10:29,Johan Nilsson,47_Singh et al. - 2024 - CT-Based Lung Size Matching in Delayed Chest Closure for Systemic Sclerosis Lung Transplantation,"CT-Based Lung Size Matching in Delayed Chest Closure for Systemic Sclerosis Lung Transplantation
Singh, J. et al.
Clin Transplant / 2024",USA,Lung,Single Center,2007,2020,Transplant Recipients (Post-op),92,51,61,Yes,Retrospective Cohort,Convolutional Neural Network (CNN),3-D U-Net–based CT segmentation with multivariate logistic regression for DCC prediction,Imaging (CT/CXR/Echo),,Cross-Validation (k-fold),Simple Imputation (Mean/Median),Not Reported,NR,NR,1-year survival,0.82,73,NR,NR,No,Not Applicable / Not Reported,,"The cohort consisted of recipients treated “at the University of Pittsburgh Medical Center from 2007 to 2020,” making this a U.S. single-center study. The paper states support from “National Institutes of Health (NIH)” grants and a UPMC Hillman pilot program, so Government/Public is the best fit. I did not identify an explicit COI statement in the retrieved text.","The abstract states, “92 SSc recipients (age 51 years ± 10, 56/92 (61.0%) females) who underwent bilateral LTx.” Race was reported in Table 1, and clinical history variables included BMI, smoking, tracheostomy, atrial fibrillation, prior chest operation, FEV1/FVC, ILD/PAH subtype, and donor characteristics.","The paper used “in-house three-dimensional (3-D) convolutional neural networks (CNN) algorithms” based on U-Net to segment recipient lungs and chest cavity from CT. The actual DCC prediction model was a multivariate logistic regression using preoperative features, with backward stepwise elimination and stratified 5-fold cross-validation. Because ML/CNN was used mainly for imaging-derived measurement extraction rather than the primary predictive model, Primary ML Component is best classified as Other. No SHAP/LIME-style interpretability was reported.","The methods state that variables with “less than 5% missing data were imputed using mean or mode imputation,” while variables with more than 5% missingness were excluded. Continuous features were z-score standardized, categorical variables were one-hot encoded, and VIF filtering plus backward elimination were applied. The model used stratified 5-fold cross-validation rather than a single explicit train/test split, so fixed training/test counts are NR. No class-imbalance method or code-release statement was reported.","The modeled outcome was DCC occurrence, which is best categorized as Adverse Events within the restricted list. The multivariate logistic regression model achieved “a mean accuracy of 0.73 (0.60, 0.86) and a mean AUC of 0.82 (95% CI: 0.70, 0.94) in predicting DCC occurrence pre-LTx.” The paper also reports no significant difference in survival between DCC and PCC at 30 days, 90 days, 1 year, and 5 years. PPV, sensitivity, specificity, NPV, F1, calibration, and DCA were not reported in the retrieved text.",High Risk,"This was a small, highly selected single-center cohort of only 92 systemic sclerosis recipients, which limits generalizability.","This was a small, highly selected single-center cohort of only 92 systemic sclerosis recipients, which limits generalizability.",Low Risk,Predictors were clinically relevant preoperative variables plus objectively derived CT volumetric measures from validated CNN algorithms.,Predictors were clinically relevant preoperative variables plus objectively derived CT volumetric measures from validated CNN algorithms.,Low Risk,"The outcome, DCC vs PCC, was clearly defined intraoperatively, and survival outcomes were assessed with Kaplan–Meier analysis at prespecified time points.","The outcome, DCC vs PCC, was clearly defined intraoperatively, and survival outcomes were assessed with Kaplan–Meier analysis at prespecified time points.",Unclear,"Strengths include CT-derived quantitative metrics, cross-validation, hyperparameter tuning, and multivariable modeling; uncertainty remains because of the small sample size, single-center design, and lack of external validation.","Strengths include CT-derived quantitative metrics, cross-validation, hyperparameter tuning, and multivariable modeling; uncertainty remains because of the small sample size, single-center design, and lack of external validation.",Low Concern,"The paper directly concerns lung transplantation, uses deep-learning-derived CT measurements, and addresses a clinically meaningful perioperative transplant outcome.","The paper directly concerns lung transplantation, uses deep-learning-derived CT measurements, and addresses a clinically meaningful perioperative transplant outcome.",Government/Public,No (Declared no COI),Yes,Yes,No,Not Reported,Yes,No,Yes,NR,NR,NR,No,NR,NR,NR,NR,NR,NR,NR,NR
6/12/26 10:35,Johan Nilsson,46_Shou et al. - 2022 - Pre-operative Machine Learning for Heart Transplant Patients Bridged with Temporary Mechanical Circu,"Pre-operative Machine Learning for Heart Transplant Patients Bridged with Temporary Mechanical Circulatory Support
Shou, B. L. et al.
J Cardiovasc Dev Dis / 2022",USA,Heart,National Registry,2009,2017,Transplant Recipients (Post-op),1584,56,26,Yes,Retrospective Cohort,Gradient Boosting (XGBoost/LightGBM),Extreme Gradient Boosting (XGBoost),Tabular (EMR/Clinical data),"Linear Risk Score (e.g., LAS, EuroSCORE)",Internal Split (Train/Test),Algorithm handles natively,Not Reported,1267,317,1-year survival,0.71,NR,NR,NR,No,SRTR (Scientific Registry of Transplant Recipients),,"The study used the “United Network for Organ Sharing (UNOS) database” and included patients transplanted between “01/2009 and 12/2017,” so this is a U.S. national-registry heart-transplant study. I did not identify an explicit funding or COI statement in the retrieved text.","The cohort included “1584 patients,” with median age 56 years, not mean age, so mean age is NR. The paper reports “74% male,” implying 26% female. Ethnicity categories were reported in Table 1, and clinical history variables included diabetes, implantable cardiac defibrillator, creatinine, bilirubin, hemodynamics, inotrope use, and support-device type.","The authors “constructed a machine learning model using extreme gradient boosting (XGBoost) with a 70:30 train:test split.” They positioned the work against existing pre-operative risk scores such as IMPACT and CARRS, so Linear Risk Score is the best comparator label. SHAP was explicitly used for interpretation, and a grid search optimized hyperparameters. Forty-three predictors were “automatically selected for inclusion in the final XGBoost model based on predictive utility.”","The paper states that missing values “were automatically imputed on a case-by-case basis in the XGBoost model,” which best fits algorithm handles natively. Class imbalance was addressed by setting scale_pos_weight = 7.8. Preprocessing included manual removal of post-transplant-only variables, one-hot encoding of categorical variables, numerical treatment of continuous/ordinal variables, and grid search tuning. The development and validation cohorts included 1,267 and 317 patients, respectively. No code-release statement was reported.","The primary endpoint was “1-year post-transplant mortality,” which maps to 1-year survival in this extraction framework. The XGBoost model achieved “an AUC of 0.71 (95% CI: 0.62–0.78).” Although an AUCPR of 0.357 was reported, the paper did not provide explicit held-out accuracy, PPV, sensitivity, specificity, NPV, or F1 values in the retrieved text. Calibration and DCA were not reported.",Low Risk,"This was a national UNOS cohort of adult isolated first-time heart-transplant recipients bridged with tMCS, reducing single-center selection bias, though it is limited to a specific high-risk subgroup.","This was a national UNOS cohort of adult isolated first-time heart-transplant recipients bridged with tMCS, reducing single-center selection bias, though it is limited to a specific high-risk subgroup.",Low Risk,"Predictors were restricted to variables available “at or before the time of transplantation,” which is appropriate for pre-operative risk modeling.","Predictors were restricted to variables available “at or before the time of transplantation,” which is appropriate for pre-operative risk modeling.",Low Risk,The primary outcome was clearly defined as “1-year post-transplant mortality.”,The primary outcome was clearly defined as “1-year post-transplant mortality.”,Unclear,"Strengths include national data, train/test split, hyperparameter tuning, imbalance adjustment, SHAP-based interpretation, and bootstrap CIs. Uncertainty remains because validation was internal only and calibration was not reported.","Strengths include national data, train/test split, hyperparameter tuning, imbalance adjustment, SHAP-based interpretation, and bootstrap CIs. Uncertainty remains because validation was internal only and calibration was not reported.",Low Concern,"The study directly addresses ML-based outcome prediction in heart transplantation, specifically a clinically important tMCS bridge-to-transplant subgroup.","The study directly addresses ML-based outcome prediction in heart transplantation, specifically a clinically important tMCS bridge-to-transplant subgroup.",,No (Declared no COI),Yes,Yes,"Yes (e.g., SHAP, LIME)","Automated (e.g., LASSO, Stepwise)",Yes,Other,Yes,NR,NR,NR,No,NR,NR,NR,NR,NR,NR,NR,NR
6/12/26 10:43,Johan Nilsson,48_Singh et al. - 2025 - Predicting Primary Graft Dysfunction in Systemic Sclerosis Lung Transplantation Using Machine-Learni,"Predicting Primary Graft Dysfunction in Systemic Sclerosis Lung Transplantation Using Machine-Learning and CT Features
Singh, J. et al.
Clin Transplant / 2025",USA,Lung,Single Center,2007,2020,Transplant Recipients (Post-op),92,51,61,Yes,Retrospective Cohort,"Artificial Neural Networks (ANN, MLP, NN)","Multilayer perceptron (MLP), support vector machine (SVM), random forest classifier (RFC), and multivariate logistic regression",Imaging (CT/CXR/Echo),,Cross-Validation (k-fold),Simple Imputation (Mean/Median),Not Reported,NR,NR,1-year survival,0.85,NR,NR,NR,No,Not Applicable / Not Reported,,"The cohort was collected “at the University of Pittsburgh Medical Center from 2007 to 2020,” making this a U.S. single-center lung-transplant study. Funding was from NIH grants and a UPMC Hillman pilot program, so Government/Public is the best fit. I did not identify an explicit COI statement in the retrieved text.","The abstract reports “92 SSc recipients (mean age 51 years ± 10)” and Table 1 shows 56/92 females (61.0%). Race was explicitly reported, including African American and White recipients. Clinical history included BMI, smoking, waitlist time, LAS, ILD vs PAH phenotype, pulmonary function, DCC, and donor variables.","The paper states that “four ML algorithms were developed,” namely logistic regression, SVM, RFC, and MLP, and the best model was MLP. Inputs combined pre-LTx clinical data with CT-derived features from deep-learning segmentation and donor-recipient size-matching ratios. The models used repeated stratified 5-fold cross-validation with five runs and randomized grid search. Feature reduction included p<0.10 screening, VIF filtering, and lasso-based elimination. No SHAP/LIME-style explainability was reported.","Variables with more than 5% missingness were excluded, and “the remaining missing data was imputed using the feature mean for continuous variables and the feature mode for categorical variables,” which is simple imputation. Continuous features were z-score standardized, categorical variables one-hot encoded, and repeated stratified 5-fold cross-validation was used instead of a fixed train/test split. I did not find any explicit class-imbalance method or code-release statement.","The outcome was explicitly “grade 3 PGD at 72 h post-LTx,” which maps directly to PGD. The abstract reports that “the MLP model achieved a maximum AUROC of 0.85 (95% CI: 0.81–0.88)” using four features. The methods state that AUPRC was also used for evaluation, but specific final AUPRC and other classification metrics were not visible in the retrieved text, so I left them NR rather than guessing. Calibration and DCA were not reported.",High Risk,"This was a small single-center cohort of only 92 systemic sclerosis recipients, which limits generalizability and increases selection risk.","This was a small single-center cohort of only 92 systemic sclerosis recipients, which limits generalizability and increases selection risk.",Low Risk,Predictors were clinically relevant preoperative variables plus detailed CT-derived cardiopulmonary and body-composition features extracted with previously validated deep-learning algorithms.,Predictors were clinically relevant preoperative variables plus detailed CT-derived cardiopulmonary and body-composition features extracted with previously validated deep-learning algorithms.,Low Risk,PGD was explicitly defined using ISHLT criteria as pulmonary edema on chest X-ray plus PaO2/FiO2 < 200 at 72 hours.,PGD was explicitly defined using ISHLT criteria as pulmonary edema on chest X-ray plus PaO2/FiO2 < 200 at 72 hours.,Unclear,"Strengths include repeated stratified cross-validation, randomized hyperparameter search, multiple model classes, and multimodal feature integration. Uncertainty remains because of the small sample size and lack of external validation.","Strengths include repeated stratified cross-validation, randomized hyperparameter search, multiple model classes, and multimodal feature integration. Uncertainty remains because of the small sample size and lack of external validation.",Low Concern,"The article directly addresses machine-learning prediction of PGD after lung transplantation and is highly relevant, even though it focuses on the specific systemic sclerosis subgroup.","The article directly addresses machine-learning prediction of PGD after lung transplantation and is highly relevant, even though it focuses on the specific systemic sclerosis subgroup.",Government/Public,No (Declared no COI),Yes,Yes,No,"Automated (e.g., LASSO, Stepwise)",Yes,No,Yes,NR,NR,NR,No,NR,NR,NR,NR,NR,NR,NR,NR
6/12/26 10:49,Johan Nilsson,49_Singh et al. - 2025 - Predicting post-lung transplant survival in systemic sclerosis using CT-derived features from preope,"Predicting post-lung transplant survival in systemic sclerosis using CT-derived features from preoperative chest CT scans
Singh, J. et al.
Eur Radiol / 2025",USA,Lung,Single Center,2004,2020,Transplant Recipients (Post-op),102,50,61,Yes,Retrospective Cohort,Convolutional Neural Network (CNN),3-D CNN/U-Net CT segmentation with Cox proportional hazards survival modeling,Imaging (CT/CXR/Echo),Other,Cross-Validation (k-fold),Complete Case Analysis (Excluded),Not Reported,NR,NR,5-year survival,0.9,NR,NR,NR,No,Not Applicable / Not Reported,,"The study identified “a cohort of 102 SSc patients who underwent LTx at the University of Pittsburgh Medical Center from 2004 to 2020,” so this is a U.S. single-center lung-transplant study. I did not identify an explicit funding or COI statement in the retrieved text.","The abstract reports “102 patients (mean age, 50 years ± 10, 61% (62/102) females).” Race was reported in Table 1, and clinical variables included BMI, smoking, Charlson comorbidity index, tracheostomy, calcinosis, PAH, atrial fibrillation, previous chest procedure, esophageal dysmotility, and ILD.","Deep-learning algorithms were used to “automatically segment and quantify five different body tissues and cardiopulmonary features” from CT, while the actual survival prediction models were Cox proportional-hazards models integrating CT, demographic, and clinical variables. Since ML/CNN primarily enabled feature extraction and the main survival model was Cox regression, Primary ML Component is best classified as Other. Validation used 5-fold cross-validation for time-point survival classification. Feature selection in the multivariate CPH models used backward-stepwise regression. I did not see explicit hyperparameter tuning for the CNN or Cox models in the retrieved text.","Clinical features with “missing values, lack of variance, or unreadable data were excluded,” which best fits complete-case/exclusion-based handling rather than imputation. The paper describes preprocessing including one-hot encoding of categorical variables, z-score standardization of linear features, collinearity filtering by VIF, and 5-fold cross-validation. Because the analysis used repeated fold-based validation rather than a fixed train/test split, training and test N are NR. Class imbalance is not especially applicable for censored survival modeling. No code-release statement was identified.","The study modeled survival at 1, 3, and 5 years after lung transplantation. Within the restricted outcome list, 5-year survival best captures the most emphasized final performance. The abstract reports maximum AUCs of 0.77 for 1-year, 0.85 for 3-year, and 0.90 for 5-year survival after integrating CT-derived features. The methods also mention c-index and Brier score, but the retrieved text does not provide a single final held-out c-index value to report here. Calibration and DCA were not reported.",High Risk,"This was a single-center retrospective cohort of only 102 systemic sclerosis recipients, which limits generalizability despite being substantial for this rare population.","This was a single-center retrospective cohort of only 102 systemic sclerosis recipients, which limits generalizability despite being substantial for this rare population.",Low Risk,Predictors were clinically relevant demographic and preoperative clinical factors plus objectively derived CT body-composition and cardiopulmonary features generated with previously validated algorithms.,Predictors were clinically relevant demographic and preoperative clinical factors plus objectively derived CT body-composition and cardiopulmonary features generated with previously validated algorithms.,Low Risk,"Survival was clearly defined with right censoring at the study cutoff, and Kaplan–Meier plus Cox proportional-hazards methods were used appropriately for time-to-event analysis.","Survival was clearly defined with right censoring at the study cutoff, and Kaplan–Meier plus Cox proportional-hazards methods were used appropriately for time-to-event analysis.",Unclear,"Strengths include multivariable Cox modeling, time-dependent ROC-AUC evaluation, c-index and Brier-score reporting, and 5-fold cross-validation. Uncertainty remains because the study is single-center and the snippets do not show external validation.","Strengths include multivariable Cox modeling, time-dependent ROC-AUC evaluation, c-index and Brier-score reporting, and 5-fold cross-validation. Uncertainty remains because the study is single-center and the snippets do not show external validation.",Low Concern,"The article directly addresses AI/CT-enhanced prediction of post-lung-transplant survival and is highly relevant, although focused on the specific systemic sclerosis subgroup.","The article directly addresses AI/CT-enhanced prediction of post-lung-transplant survival and is highly relevant, although focused on the specific systemic sclerosis subgroup.",Government/Public,No (Declared no COI),Yes,Yes,No,NR,No,Not Applicable/Not Reported,Yes,NR,NR,NR,No,NR,NR,NR,NR,NR,NR,NR,NR
6/12/26 10:54,Johan Nilsson,50_Tian et al. - 2023 - Machine Learning-Based Prognostic Model for Patients After Lung Transplantation,"Machine Learning-Based Prognostic Model for Patients After Lung Transplantation
Tian, D. et al.
JAMA Netw Open / 2023",Asia,Lung,Single Center,2017,2020,Transplant Recipients (Post-op),504,55.56,33.7,Yes,Retrospective Cohort,Random Forest,Random Survival Forests (RSF),Tabular (EMR/Clinical data),"Linear Risk Score (e.g., LAS, EuroSCORE)",Internal Split (Train/Test),Multiple Imputation,Not Reported,353,151,Other,0.879,NR,88.7,79.6,Yes,Not Applicable / Not Reported,,"The study was conducted at Wuxi People’s Hospital and included patients who underwent LTx “between January 2017 and December 2020,” making this an Asian single-center lung-transplant cohort. I did not identify explicit funding or COI statements in the retrieved text.","The study included “504 patients,” with mean age 55.56 years; 334 were male (66.3%), implying 33.7% female. Race/ethnicity was not reported. Clinical/history variables included diagnosis, BMI, PGD3 at 72 h, ECMO type, preoperative hormone use, multidrug-resistant bacterial infection, operative variables, donor oxygenation, and pulmonary function indices.","The paper developed an “RSF model” for overall survival and used a Cox regression model as the benchmark comparator. Patients were randomly assigned to training and test sets at a 7:3 ratio. Feature selection used RSF variable importance with bootstrapping, and “grid search” was used for hyperparameter tuning. No SHAP/LIME-type interpretability was reported.","The methods state that missing data were handled “by multiple imputation by chained equations.” The training and test sets included 353 and 151 patients, respectively. Data preprocessing included random split, feature selection by bootstrapped variable importance, and hold-out validation. Class imbalance is not especially applicable for time-to-event survival modeling. No code-release statement was identified.","The primary endpoint was overall survival after lung transplantation, which does not map exactly to the preset time-specific labels, so Other is the safest category. In the test set, the RSF model had iAUC 0.879 and iBS 0.130 for OS prediction. For 1-year survival, the RSF had tAUC 0.921 and PE 0.115, with sensitivity 88.7%, specificity 79.6%, and accuracy 82.8%. Calibration was reported through iBS/PE and observed-vs-predicted agreement. DCA was not reported.",Unclear,"This was a single-center retrospective cohort, which limits generalizability, although exclusions were prespecified and the sample was moderately sized for a transplant study.","This was a single-center retrospective cohort, which limits generalizability, although exclusions were prespecified and the sample was moderately sized for a transplant study.",Low Risk,"Predictors were routinely collected recipient, donor, operative, and early post-transplant variables, and feature selection was handled systematically with bootstrapped RSF importance.","Predictors were routinely collected recipient, donor, operative, and early post-transplant variables, and feature selection was handled systematically with bootstrapped RSF importance.",Low Risk,The target outcome was clearly overall survival with regular follow-up and censoring handled within standard survival-analysis methods.,The target outcome was clearly overall survival with regular follow-up and censoring handled within standard survival-analysis methods.,Low Risk,"Strengths include separate training/test cohorts, multiple imputation, bootstrapped variable selection, grid-search tuning, calibration/discrimination assessment, and direct benchmark comparison to Cox regression.","Strengths include separate training/test cohorts, multiple imputation, bootstrapped variable selection, grid-search tuning, calibration/discrimination assessment, and direct benchmark comparison to Cox regression.",Low Concern,The article directly addresses machine-learning survival prediction after lung transplantation and is highly relevant to the review question.,The article directly addresses machine-learning survival prediction after lung transplantation and is highly relevant to the review question.,Government/Public,No (Declared no COI),No,Yes,No,"Automated (e.g., LASSO, Stepwise)",Yes,Not Applicable/Not Reported,Yes,NR,NR,NR,No,NR,NR,NR,NR,NR,NR,NR,NR
6/12/26 10:58,Johan Nilsson,51_Tian et al. - 2024 - Machine learning model predicts airway stenosis requiring clinical intervention in patients after lu,"Machine learning model predicts airway stenosis requiring clinical intervention in patients after lung transplantation: a retrospective case-controlled study
Tian, D. et al.
BMC Med Inform Decis Mak / 2024",Asia,Lung,Single Center,2017,2019,Transplant Recipients (Post-op),381,57,36,Yes,Retrospective Cohort,Random Forest,Random Forest,Tabular (EMR/Clinical data),"Linear Risk Score (e.g., LAS, EuroSCORE)",Other,Complete Case Analysis (Excluded),Not Reported,NR,NR,1-year survival,0.76,NR,78.2,68.9,Yes,Not Applicable / Not Reported,,"The study included patients who underwent LTx “between January 2017 and December 2019” at “Wuxi People’s Hospital affiliated with Nanjing Medical University,” making this an Asian single-center lung-transplant study. I did not identify an explicit funding or COI statement in the retrieved text.","A total of 381 recipients were analyzed. The median age was reported as 57 years, not mean age, so mean age is NR. Sex distribution was 137 female and 244 male, so female sex was 36.0%. Race/ethnicity was not reported. Clinical/history variables included diagnosis, BMI, ECMO type, hormone use, 72 h PGD3, ventilator time, ICU stay, cold ischemia time, and postoperative 6MWT.","The paper states that 7 feature-selection methods and 8 algorithms were combined to build 56 ML models. The “optimal ML model was the model fitted using a random forest algorithm with a determination coefficient feature selection method.” The comparator was a conventional logistic regression model derived from independent risk factors, so Other fits best. Internal validation was by bootstrap with 1000 resamples rather than a standard split or cross-validation, so Validation Method is Other. No SHAP/LIME-type interpretability or explicit hyperparameter-tuning description was reported in the retrieved text.","The study excluded patients with incomplete clinical records and used bootstrap internal validation; no imputation strategy was described in the retrieved text, so this is best classified as complete-case analysis. I did not find any class-imbalance method, code-release statement, or detailed normalization/preprocessing workflow beyond variable extraction and feature-selection strategy. There was no explicit train/test split.","The target outcome was AS requiring clinical intervention, which best fits Adverse Events within the allowed labels. The optimal random-forest model had AUC 0.760 and Brier score 0.085. It also had sensitivity 0.782, specificity 0.689, PPV 0.252, and NPV 0.965. Calibration was reported using the Brier score. DCA was not reported.",Unclear,"This was a retrospective single-center cohort, which limits generalizability, although exclusions were clearly described and follow-up loss was minimal.","This was a retrospective single-center cohort, which limits generalizability, although exclusions were clearly described and follow-up loss was minimal.",Low Risk,"Predictors were routinely collected clinical characteristics after LTx, including diagnosis, ECMO, PGD3, ventilatory variables, and 6MWT, which are clinically relevant to AS risk.","Predictors were routinely collected clinical characteristics after LTx, including diagnosis, ECMO, PGD3, ventilatory variables, and 6MWT, which are clinically relevant to AS risk.",Low Risk,AS requiring intervention was clinically adjudicated by an experienced physician according to the 2018 ISHLT consensus definitions and grading systems.,AS requiring intervention was clinically adjudicated by an experienced physician according to the 2018 ISHLT consensus definitions and grading systems.,Unclear,"Strengths include multiple feature-selection methods, multiple algorithms, benchmark logistic regression, and bootstrap internal validation. Uncertainty remains because there was no external validation and the event count was relatively small at 40 AS cases.","Strengths include multiple feature-selection methods, multiple algorithms, benchmark logistic regression, and bootstrap internal validation. Uncertainty remains because there was no external validation and the event count was relatively small at 40 AS cases.",Low Concern,The study directly addresses machine-learning prediction of a clinically important post-lung-transplant complication and is relevant to the review question.,The study directly addresses machine-learning prediction of a clinically important post-lung-transplant complication and is relevant to the review question.,Government/Public,No (Declared no COI),No,Yes,No,"Automated (e.g., LASSO, Stepwise)",Not Reported,No,No,25.2,96.5,NR,No,NR,NR,NR,NR,NR,NR,NR,NR
6/12/26 11:04,Johan Nilsson,52_Wang et al. - 2022 - Comparison of Four Machine Learning Techniques for Prediction of Intensive Care Unit Length of Stay,"Comparison of Four Machine Learning Techniques for Prediction of Intensive Care Unit Length of Stay in Heart Transplantation Patients
Wang, K. et al.
Front Cardiovasc Med / 2022",Asia,Heart,Single Center,2017,2020,Transplant Recipients (Post-op),365,47,NR,Yes,Retrospective Cohort,Gradient Boosting (XGBoost/LightGBM),Gradient Boosting (XGBoost/LightGBM),Tabular (EMR/Clinical data),Other,Internal Split (Train/Test),Simple Imputation (Mean/Median),Other,256,109,Economy/Length of Stay,0.88,87,98,51,No,Not Applicable / Not Reported,,"The cohort came from “Wuhan Union Hospital” and included patients undergoing heart transplantation “between April 2017 and August 2020,” so this is an Asian single-center heart-transplant study. I did not identify an explicit funding or COI statement in the retrieved text.","The study included 365 consecutive heart-transplant recipients. Recipient age was reported as median 47.2 years, not mean age, so mean age is NR. The provided text gives donor sex distribution but does not clearly provide recipient female percentage, so I leave female sex as NR. Race/ethnicity was not reported. Clinical/history features included ECMO, IABP, CRRT, creatinine, renal/hepatic complications, diabetes, hypertension, and operative variables.","The paper developed four ML models and a logistic regression benchmark to predict prolonged ICU-LOS, and XGBoost performed best. Inputs were structured clinical variables, including donor and recipient data. The study used a 7:3 train/test split, LASSO with fivefold cross-validation for feature selection, and SHAP for interpretation. I did not see an explicit hyperparameter-tuning process described in the retrieved text.","The paper states that “Missing values were imputed with median of each corresponding variable,” which is simple imputation. The study also states “we use up-sampling to process the data,” so class imbalance was addressed. Preprocessing included random 7:3 splitting, LASSO feature selection, and fivefold cross-validation. The authors also created an online web-server, but I did not see public source code or weights, so code availability is best marked Other.","The outcome was prolonged ICU length of stay, defined using the 75th percentile threshold of 9.08 days, so the best category is Economy/Length of Stay. The paper reports for XGBoost: “AUC-ROC = 0.88” and “Accuracy: 0.87; sensitivity: 0.98; specificity: 0.51; PPV: 0.86; NPV: 0.93.” F1-score, calibration, and DCA were not reported in the retrieved text.",Unclear,"This was a retrospective single-center cohort of heart-transplant recipients, which limits generalizability, although the series was consecutive and reasonably sized.","This was a retrospective single-center cohort of heart-transplant recipients, which limits generalizability, although the series was consecutive and reasonably sized.",Low Risk,"Predictors were routinely collected donor, recipient, complication, and operative variables that are clinically plausible for ICU-LOS prediction.","Predictors were routinely collected donor, recipient, complication, and operative variables that are clinically plausible for ICU-LOS prediction.",Low Risk,ICU-LOS was clearly operationalized using the 75th percentile threshold of 9.08 days to define prolonged stay.,ICU-LOS was clearly operationalized using the 75th percentile threshold of 9.08 days to define prolonged stay.,Unclear,"Strengths include train/test splitting, LASSO selection, fivefold cross-validation, up-sampling, SHAP interpretation, and comparison across several ML models. Uncertainty remains because the study was internally validated only and calibration reporting was not shown.","Strengths include train/test splitting, LASSO selection, fivefold cross-validation, up-sampling, SHAP interpretation, and comparison across several ML models. Uncertainty remains because the study was internally validated only and calibration reporting was not shown.",Low Concern,The study directly applies ML to a clinically relevant heart-transplant postoperative outcome and is relevant to the review question.,The study directly applies ML to a clinically relevant heart-transplant postoperative outcome and is relevant to the review question.,Not Reported,Not Reported,No,Yes,"Yes (e.g., SHAP, LIME)","Automated (e.g., LASSO, Stepwise)",Not Reported,Other,Yes,86,93,NR,No,NR,NR,NR,NR,NR,NR,NR,NR
6/12/26 11:15,Johan Nilsson,53_Yeo et al. - 2025 - Machine Learning for 1-Year Mortality Prediction in Lung Transplant Recipients ISHLT Registry,"Machine Learning for 1-Year Mortality Prediction in Lung Transplant Recipients: ISHLT Registry
Yeo, H. J. et al.
Transpl Int / 2025",Multi-national,Lung,International Registry,2009,2018,Transplant Recipients (Post-op),29364,53.4,42,Yes,Retrospective Cohort,Gradient Boosting (XGBoost/LightGBM),Gradient Boosting (XGBoost/LightGBM),Tabular (EMR/Clinical data),Other,External Validation (Geographic/Different Hospital),Complete Case Analysis (Excluded),No,NR,NR,1-year survival,0.958,94.9,75.5,98.6,No,ISHLT Registry,,"The main dataset came from the “International Society for Heart and Lung Transplantation (ISHLT) registry” with patients registered “from June 2009 to June 2018,” and 45 centers worldwide had submitted data, so this is a multinational international-registry study. I did not identify explicit funding or COI statements in the retrieved text.","The study included “29,364 patients,” with average age 53.4 ± 13.4 years; 17,032 were male (58%), implying 42.0% female. Race/ethnicity was not reported in the retrieved text. Clinical history included diabetes, malignancy history, ventilator use, ECMO use, dialysis, prior surgeries, chronic steroid use, tracheostomy, pulmonary embolism, albumin, bilirubin, creatinine, BMI, and diagnosis categories.","The authors employed six machine-learning models, and “the GBM model achieved the highest performance.” Inputs were 25 pretransplant tabular variables from the ISHLT registry, later reduced to the top 10 using SHAP importance. External validation was performed with an in-house hospital dataset, so external geographic validation is the strongest applicable label. SHAP was explicitly used for interpretation. The text states “Default model settings were applied without additional hyperparameter tuning.”","The paper states that variables with >20% missingness were removed and “patient samples with any missing data were excluded,” which is complete-case analysis. Class imbalance was addressed using class-weight adjustments for LR, RF, SVM, and BRF. Preprocessing included exclusion criteria, feature screening, five-fold cross-validation, and SHAP-based refinement. Because the internal validation used five-fold cross-validation rather than a fixed split, training and test N are NR. No code-release statement was identified.","The target was explicitly 1-year mortality after lung transplantation, which maps to 1-year survival in this extraction framework. With the top-10-feature model, GBM had AUC 0.958 and accuracy 0.949, with sensitivity 0.755, specificity 0.986, PPV 0.914, and NPV 0.955. The same internal performance was reported for the 25-feature GBM model. External validation showed GBM AUC 0.852/accuracy 0.764, while MLP generalized best with AUC 0.911/accuracy 0.870. Calibration and DCA were not reported in the retrieved text.",Low Risk,"The primary cohort was a large international ISHLT registry with 29,364 adult recipients from 45 centers, which reduces major selection bias, although complete-case exclusions were applied.","The primary cohort was a large international ISHLT registry with 29,364 adult recipients from 45 centers, which reduces major selection bias, although complete-case exclusions were applied.",Low Risk,Predictors were pretransplant clinical variables available before transplantation and relevant to candidate assessment and counseling.,Predictors were pretransplant clinical variables available before transplantation and relevant to candidate assessment and counseling.,Low Risk,The endpoint was clearly defined as death within 1 year versus survival at 1 year after lung transplantation.,The endpoint was clearly defined as death within 1 year versus survival at 1 year after lung transplantation.,Unclear,"Strengths include large registry size, comparison of six ML models, SHAP-based simplification, five-fold cross-validation, and external validation. Uncertainty remains because complete-case analysis may bias estimates and calibration was not reported.","Strengths include large registry size, comparison of six ML models, SHAP-based simplification, five-fold cross-validation, and external validation. Uncertainty remains because complete-case analysis may bias estimates and calibration was not reported.",Low Concern,The study directly addresses machine-learning prediction of 1-year mortality after lung transplantation and is highly relevant to the review question.,The study directly addresses machine-learning prediction of 1-year mortality after lung transplantation and is highly relevant to the review question.,Not Reported,No (Declared no COI),No,Yes,"Yes (e.g., SHAP, LIME)","Automated (e.g., LASSO, Stepwise)",No,"Yes (e.g., SMOTE, weighted loss)",Yes,91.4,95.5,NR,No,NR,NR,NR,NR,NR,NR,NR,NR
6/12/26 11:23,Johan Nilsson,54_Yoon et al. - 2018 - Personalized survival predictions via Trees of Predictors An application to cardiac transplantation,"Personalized survival predictions via Trees of Predictors: An application to cardiac transplantation
Yoon, J. et al.
PLoS One / 2018",USA,Heart,National Registry,1985,2015,Transplant Recipients (Post-op),82882,NR,NR,Yes,Retrospective Cohort,Ensemble,Trees of Predictors (ToPs / ToPs-R),Tabular (EMR/Clinical data),NR,Cross-Validation (k-fold),Multiple Imputation,No,NR,NR,Survival (duration not specified),0.577,NR,NR,NR,Yes,SRTR (Scientific Registry of Transplant Recipients),,"The study used the “United Network for Organ Sharing (UNOS) database” of patients registered for heart transplantation in the United States “during 1985–2015.” Funding was reported from the Office of Naval Research and the National Science Foundation, so Government/Public is appropriate. The paper explicitly states that the authors “have declared that no competing interests exist.”","After excluding patients younger than 18 years, the study included “51,971 transplanted patients and 30,911 wait-listed patients,” totaling 82,882 adult candidates/recipients. Because the paper analyzes both pre-transplant wait-list and post-transplant cohorts, Other is the safest target-population label. Mean age and overall female percentage were not reported in the retrieved text. The dataset included many clinical features relating to recipients, donors, and donor-recipient compatibility.","The paper developed “ToPs: Trees of Predictors,” an interpretable method that clusters patients and assigns different predictive models to different clusters. Inputs were tabular recipient, donor, and compatibility variables from UNOS. The main comparators were existing clinical risk scores such as DRI, RSS, and IMPACT, so Linear Risk Score is the closest label. Validation used 5-fold cross-validation. Explainability was intrinsic through the tree structure and cluster-specific relevant features, even though SHAP/LIME was not used. Feature selection was automated by excluding features with high missingness and then learning predictive clusters and relevant covariates from the data. Explicit hyperparameter tuning was not described in the retrieved text.","Missing feature components were handled using “10 multiple imputations using Multiple Imputation by Chained Equations (MICE).” Preprocessing included exclusion of post-transplant-only variables, removal of features with >10% missingness, binarization of categorical variables, and 5-fold cross-validation. Since the design used cross-validation on large cohorts rather than a single fixed split, training and test N are NR. Class imbalance is not especially applicable for these survival-prediction settings as reported here. I did not identify a code-release statement.","The study predicted survival across multiple time horizons both post-transplant and pre-transplant, so no single preset outcome label fits perfectly; Other is safest. For post-transplant 3-month survival, ToPs/R achieved AUC 0.660, compared with 0.587 for the best clinical risk score (RSS). The paper also reports post-transplant AUCs of 0.641, 0.623, and 0.631 at 1 year, 3 years, and 10 years, respectively, and average C-index 0.577. Calibration was reported through calibration curves with 95% confidence bounds. DCA was not reported. Accuracy, PPV, sensitivity, specificity, NPV, and F1-score were not reported in the retrieved text.",Low Risk,"This was a very large national UNOS registry study covering adult heart-transplant candidates and recipients across three decades, which substantially reduces single-center selection bias.","This was a very large national UNOS registry study covering adult heart-transplant candidates and recipients across three decades, which substantially reduces single-center selection bias.",Low Risk,"Predictors included recipient, donor, and donor-recipient compatibility features available in UNOS, and features with excessive missingness were excluded systematically.","Predictors included recipient, donor, and donor-recipient compatibility features available in UNOS, and features with excessive missingness were excluded systematically.",Low Risk,"Outcomes were clearly defined as survival before and after transplantation across fixed time horizons, with right-censoring explicitly handled.","Outcomes were clearly defined as survival before and after transplantation across fixed time horizons, with right-censoring explicitly handled.",Unclear,"Strengths include large-scale registry data, multiple imputation, 5-fold cross-validation, comparison with clinical scores and many ML benchmarks, and interpretable clustering. Uncertainty remains because performance varied by time horizon and the retrieved text does not detail all implementation settings beyond the main algorithm design.","Strengths include large-scale registry data, multiple imputation, 5-fold cross-validation, comparison with clinical scores and many ML benchmarks, and interpretable clustering. Uncertainty remains because performance varied by time horizon and the retrieved text does not detail all implementation settings beyond the main algorithm design.",Low Concern,"The article directly addresses AI/ML-based survival prediction in heart transplantation, including both wait-list and post-transplant settings, and is highly relevant to the review question.","The article directly addresses AI/ML-based survival prediction in heart transplantation, including both wait-list and post-transplant settings, and is highly relevant to the review question.",Government/Public,No (Declared no COI),No,Yes,"Yes (e.g., SHAP, LIME)","Automated (e.g., LASSO, Stepwise)",No,Not Applicable/Not Reported,Yes,NR,NR,NR,No,NR,NR,NR,NR,NR,NR,NR,NR
6/12/26 12:18,Johan Nilsson,55_Zadeh et al. - 2024 - Predictive analytics for de novo malignancies after lung transplantation,"Predictive analytics for de novo malignancies after lung transplantation
Zadeh, Amir et al.
Intelligent Decision Technologies / 2024",USA,Lung,National Registry,1984,2021,Transplant Recipients (Post-op),30917,NR,43,Yes,Retrospective Cohort,Gradient Boosting (XGBoost/LightGBM),Gradient Boosting (XGBoost/LightGBM),Tabular (EMR/Clinical data),,Internal Split (Train/Test),Other,No,21642,9275,Adverse Events/Complications,0.746,NR,NR,NR,No,SRTR (Scientific Registry of Transplant Recipients),,"The paper states that STAR/UNOS data were used and that medical records of lung transplant recipients “between 1984 and 2021 were utilized for this study,” making this a U.S. national-registry study. I did not identify an explicit funding or COI statement in the retrieved text.","The final table consisted of “30,917 individuals,” among whom 25% developed malignancy after lung transplantation. Figure 2 shows a demographic snapshot with 43% female and 57% male. Ethnicity was explicitly shown in Figure 2, and the paper describes recipient/donor demographics, HLA antigens, CMV, albumin, BMI, survival, hospital length of stay, and complications as included variables. Mean age was not explicitly reported in the retrieved text, only the age distribution histogram.","The study developed several supervised models, including decision trees, logistic regression, neural networks, gradient boosting, random forest, and SVM, and reported gradient boosting as best-performing. Inputs came from merged STAR sources including waitlist, transplant, donor, and follow-up datasets, which are tabular recipient/donor variables. The data were split into 70% training and 30% validation/testing. Variable review by lung-transplant experts excluded irrelevant, redundant, and highly missing variables, so Manual/Clinical is the best fit for feature selection. The paper explicitly describes setting/tuning key parameters for gradient boosting and random forest.","The paper states that experts excluded variables with “a high percentage of unacceptable missing values (>30%),” rather than using a standard imputation method in the retrieved text, so Other is the best fit. Because of class imbalance, “oversampling was employed to increase the percentage of the minority class by replicating instances from the minority class.” Preprocessing included merging multiple STAR sources, restricting to lung transplants, excluding prior malignancy and loss to follow-up, and removing 173 variables. A 70/30 split on 30,917 cases corresponds to about 21,642 training and 9,275 test/validation cases. No code-release statement was identified.","The endpoint was de novo malignancy after lung transplantation, which best fits Adverse Events among the allowed categories. The abstract states that gradient boosting “outperformed all other predictive models… achieving an area under the ROC curve (AUC) of 0.746.” Although the methods discuss accuracy, sensitivity, specificity, precision, and related metrics, the retrieved text snippet does not provide final numeric values for those measures, so I leave them NR. Calibration and DCA were not reported in the retrieved text.",Low Risk,"The study used a large U.S. national transplant registry dataset and included 30,917 lung-transplant recipients after explicit exclusions, which reduces major center-level selection bias.","The study used a large U.S. national transplant registry dataset and included 30,917 lung-transplant recipients after explicit exclusions, which reduces major center-level selection bias.",Unclear,"Predictors included recipient, donor, and follow-up variables, but the retrieved text indicates a mix of pre-, during-, and post-transplant measures, which may complicate interpretation depending on intended clinical use.","Predictors included recipient, donor, and follow-up variables, but the retrieved text indicates a mix of pre-, during-, and post-transplant measures, which may complicate interpretation depending on intended clinical use.",Low Risk,"The study specifically identified individuals “diagnosed with malignant cancers during their respective follow-up periods,” and excluded those with prior malignancy, giving a clear definition of de novo malignancy.","The study specifically identified individuals “diagnosed with malignant cancers during their respective follow-up periods,” and excluded those with prior malignancy, giving a clear definition of de novo malignancy.",Unclear,"Strengths include a large registry-derived cohort, multiple model comparisons, class-imbalance handling, and a held-out validation set. Uncertainty remains because the retrieved text does not show full reporting of calibration or all test metrics, and some predictor timing may affect transportability.","Strengths include a large registry-derived cohort, multiple model comparisons, class-imbalance handling, and a held-out validation set. Uncertainty remains because the retrieved text does not show full reporting of calibration or all test metrics, and some predictor timing may affect transportability.",Low Concern,"The paper directly addresses machine-learning prediction of a clinically important post-lung-transplant outcome and is relevant to thoracic-transplant AI, even though the endpoint is malignancy rather than survival or rejection.","The paper directly addresses machine-learning prediction of a clinically important post-lung-transplant outcome and is relevant to thoracic-transplant AI, even though the endpoint is malignancy rather than survival or rejection.",,No (Declared no COI),Yes,Yes,No,Manual/Clinical expertise,Yes,Other,Yes,NR,NR,NR,No,NR,NR,NR,NR,NR,NR,NR,NR
6/12/26 12:23,Johan Nilsson,56_Zafar-2022-Lung Transplantation Advanced Predi,"Lung Transplantation Advanced Prediction Tool: Determining Recipient's Outcome for a Certain Donor
Zafar, F. et al.
Transplantation / 2022",USA,Lung,National Registry,2005,2020,Transplant Recipients (Post-op),15124,57,42.3,Yes,Retrospective Cohort,Other,Cox-Lasso regression; comparison with Cox regression with backward elimination and random forest Cox; Lung Transplantation Advanced Prediction Tool (LAPT),Tabular (EMR/Clinical data),Other,Internal Split (Train/Test),Multiple Imputation,Other,10660,4464,5-year survival,0.64,NR,NR,NR,Yes,SRTR (Scientific Registry of Transplant Recipients),,"The study used the United Network for Organ Sharing Registry and included eligible double lung transplants from “January 2005 and March 2020,” so this is a U.S. national-registry lung-transplant study. Funding was explicitly stated as “NIH 1R01HL147957-01.” I did not identify an explicit COI statement in the retrieved text.","The final analytic cohort included 15,124 double lung transplants. Recipient age was reported as median 57 years rather than mean, so mean age is NR. Female recipients comprised 42.7% in the derivation cohort and 41.4% in the validation cohort, which is about 42.3% overall. Race/ethnicity and multiple clinical-history variables were reported, including diagnosis, functional status, eGFR, albumin, tobacco, steroid use, ECMO, ventilation, CMV, and donor factors.","The main predictive model was Cox-Lasso, compared with backward-elimination Cox and random-forest Cox. Inputs included recipient, donor, and transplant characteristics from UNOS. The cohort was randomly split into derivation and validation sets, so Internal Split fits best. Variable selection was automated using the Lasso method, and the optimal lambda was selected to balance overfitting and simplicity. I did not see SHAP/LIME-type interpretability; interpretability came through the explicit risk score and cluster assignment.","The paper states that records with a single missing point were imputed and that “imputation of missing data for recipient and donor variables was conducted separately,” which best fits multiple imputation among the available categories. Preprocessing included exclusions, categorization of continuous variables, expectation-maximization clustering, and derivation/validation splitting. The derivation and validation cohorts were 10,660 and 4,464. I did not find a class-imbalance method. A web-based tool was released, but no public code repository was mentioned, so code availability is best classified as Other.","The model predicts 1-, 5-, and 10-year survival plus half-life. Since a single target must be chosen, 5-year survival is the most central medium-term endpoint and has an explicitly reported C statistic of 0.64; 1-year and 10-year C statistics were 0.67 and 0.72. Calibration was reported by showing that model-estimated survival probabilities were similar to observed survival in the validation cohort and by comparing Kaplan–Meier curves across derivation and validation cohorts. Accuracy, PPV, sensitivity, specificity, NPV, and F1 were not reported. DCA was not reported.",Low Risk,This was a large UNOS national-registry cohort of double lung transplants with clear inclusion and exclusion criteria and a separate validation sample.,This was a large UNOS national-registry cohort of double lung transplants with clear inclusion and exclusion criteria and a separate validation sample.,Low Risk,"Predictors included clinically relevant recipient, donor, and transplant variables available at transplant decision-making, which matches the intended use of the model.","Predictors included clinically relevant recipient, donor, and transplant variables available at transplant decision-making, which matches the intended use of the model.",Low Risk,"Outcomes were clearly defined as post-transplant survival over multiple horizons, with survival probabilities and half-life estimated and validated against observed outcomes.","Outcomes were clearly defined as post-transplant survival over multiple horizons, with survival probabilities and half-life estimated and validated against observed outcomes.",Unclear,"Strengths include national data, separate derivation/validation cohorts, Lasso-based selection, clustering into risk groups, and calibration against observed survival. Uncertainty remains because the snippets do not show full details of all imputation steps and the model mixes conventional survival modeling with clustering rather than fully external validation.","Strengths include national data, separate derivation/validation cohorts, Lasso-based selection, clustering into risk groups, and calibration against observed survival. Uncertainty remains because the snippets do not show full details of all imputation steps and the model mixes conventional survival modeling with clustering rather than fully external validation.",Low Concern,"The article directly addresses advanced predictive modeling for recipient-donor matching and short-/long-term survival after lung transplantation, which is highly relevant to the review question.","The article directly addresses advanced predictive modeling for recipient-donor matching and short-/long-term survival after lung transplantation, which is highly relevant to the review question.",Government/Public,No (Declared no COI),Yes,Yes,No,"Automated (e.g., LASSO, Stepwise)",Yes,No,Yes,NR,NR,NR,No,NR,NR,NR,NR,NR,NR,NR,NR
6/12/26 12:26,Johan Nilsson,57_Zhou-2021-Prediction of 1-year mortality after,"Prediction of 1-year mortality after heart transplantation using machine learning approaches: A single-center study from China
Zhou, Y. et al.
Int J Cardiol / 2021",Asia,Heart,Single Center,2015,2018,Transplant Recipients (Post-op),381,43.783,23.8,Yes,Retrospective Cohort,Random Forest,Random Forest,Tabular (EMR/Clinical data),,Internal Split (Train/Test),Simple Imputation (Mean/Median),No,267,114,1-year survival,0.801,82.8,26.8,92.7,No,Not Applicable / Not Reported,,"The study included consecutive orthotopic heart-transplant recipients at a single institute in Wuhan, China, “between January 1st, 2015 and December 31st, 2018,” making this an Asian single-center heart-transplant cohort. I did not identify explicit funding or COI statements in the retrieved text.","The study reports that “381 recipients were included with average age of 43.783 years old.” Male recipients accounted for 76.2%, implying 23.8% female. Race/ethnicity was not reported. Clinical/history variables included hypertension, diabetes, chronic lung/liver/renal disease, malignancy, smoking history, donor factors, and multiple perioperative histories.","Seven machine-learning approaches were trained after LASSO feature selection. The best-performing model was random forest. Inputs were structured recipient and donor variables from electronic medical records. The data were randomly split 70%/30% into training and testing sets, and parameters were tuned using grid search with five-fold cross-validation. SHAP was explicitly used for model interpretation.","Variables with >10% missingness were discarded, and the remaining variables were imputed with column mean for continuous variables and the most frequent value for categorical variables, which is simple imputation. The dataset was randomly split 70%/30%, corresponding to about 267 training and 114 testing patients. I did not find any class-imbalance method or code-release statement.","The primary endpoint was “postoperative 1-year mortality,” which maps to 1-year survival in this extraction framework. Under bootstrap validation, the random forest model achieved the best AUC of 0.801, with accuracy 0.828, sensitivity 0.268, and specificity 0.927. GBM had slightly lower AUC 0.786 but the highest sensitivity 0.271. PPV/NPV were not reported numerically in the shown results tables, and calibration and DCA were not reported.",High Risk,"This was a retrospective single-center cohort from one Chinese institution, which limits generalizability despite consecutive inclusion.","This was a retrospective single-center cohort from one Chinese institution, which limits generalizability despite consecutive inclusion.",Low Risk,Predictors were routinely collected recipient and donor clinical variables available before or at transplantation and were screened systematically.,Predictors were routinely collected recipient and donor clinical variables available before or at transplantation and were screened systematically.,Low Risk,"The primary outcome was clearly defined as postoperative 1-year mortality, including in-hospital and 1-year follow-up mortality.","The primary outcome was clearly defined as postoperative 1-year mortality, including in-hospital and 1-year follow-up mortality.",Unclear,"Strengths include 70/30 train-test splitting, LASSO selection, grid-search tuning with five-fold cross-validation, bootstrap validation, and SHAP interpretation. Uncertainty remains because the sample size was modest and sensitivity was poor across models.","Strengths include 70/30 train-test splitting, LASSO selection, grid-search tuning with five-fold cross-validation, bootstrap validation, and SHAP interpretation. Uncertainty remains because the sample size was modest and sensitivity was poor across models.",Low Concern,The article directly addresses machine-learning prediction of 1-year mortality after heart transplantation and is highly relevant to the review question.,The article directly addresses machine-learning prediction of 1-year mortality after heart transplantation and is highly relevant to the review question.,Government/Public,No (Declared no COI),No,Yes,"Yes (e.g., SHAP, LIME)","Automated (e.g., LASSO, Stepwise)",Yes,No,Yes,NR,NR,NR,No,NR,NR,NR,NR,NR,NR,NR,NR
7/22/26 9:00,Johan Nilsson,58_Peyster et al. - 2021 - An automated computational image analysis pipeline for histological grading of cardiac allograft rej,"An automated computational image analysis pipeline for histological grading of cardiac allograft rejection
Peyster, E. G. et al.
Eur Heart J / 2021",USA,Heart,Multi-center,2005,2018,Transplant Recipients (Post-op),2472,NR,NR,Yes,Retrospective Cohort,Support Vector Machine (SVM),CACHE-Grader (Computer-Assisted Cardiac Histologic Evaluation),Pathology slides,Human expert/Clinician,External Validation (Geographic/Different Hospital),Not Reported,Yes,911,1447,Acute Rejection,0.92,84.5,85,84,No,Not Applicable / Not Reported,,"Multicentre US study (Univ. of Pennsylvania, Ohio State, Univ. Hospitals Cleveland). 2472 archived H&E-stained endomyocardial biopsy slides from 546 heart-transplant recipients, obtained as usual care 2005-2018 (surveillance and for-cause).",Adult heart-transplant recipients undergoing surveillance or for-cause endomyocardial biopsy. Cohort deliberately enriched for ISHLT grades 2R/3R (~20% vs ~8% in routine practice) to power assessment of high-grade rejection. 114 slides excluded at quality control (HistoQC).,"CACHE-Grader: hand-crafted, biologically inspired feature extraction (stain deconvolution, K-means tissue segmentation, lymphocyte cluster/foci detection via proximity graphs) yielding 154 quantitative histological features; support vector machine classifiers for binary high-vs-low grade (M1, 2 features) and 4-grade classification (M2, 15 features).",Trained on 911 slides from Site I (UPenn). Internal validation 395 slides (Site I); external validation 1052 slides from Sites II and III. Composite validation set 1447 slides. Models locked before validation; no pipeline changes after training.,"M1 (binary high vs low grade) in composite validation: AUC 0.92, agreement 84.5%, sensitivity 0.85, specificity 0.84. M2 (4-grade) agreement 65.9%, near-identical internally vs externally (66.1% vs 65.8%). Non-inferior to study pathologists (62.6% vs 61.5% agreement); superior sensitivity for high-grade rejection (74.4% vs 39.5%). No confidence interval reported for the AUC.",High Risk,"Only EMBs that were deemed 'gradable' and assigned an ISHLT cellular rejection grade were included. By design, the full cohort contained a higher proportion of grades 2R/3R (20%) than is seen in routine practice (8%).","Retrospective selection from archived slides, not reported as consecutive or random. Deliberate enrichment of high-grade rejection and exclusion of non-gradable slides make the class distribution and technical quality different from routine practice; 114 slides excluded after quality control.",Low Risk,"A set of 154 domain-inspired, hand-crafted, quantitative histological features were extracted from each study image. These features were subsequently 'locked down' into the final models which were deployed in the study validation set.",Candidate predictors were biologically motivated histological features measured from the biopsy image available at the time of grading. Feature selection was outcome-driven within the training set (Wilcoxon rank-sum / t-test) but the pipeline was locked before independent validation. No obvious predictor-outcome temporal leakage.,Low Risk,The rejection grade assigned to each EMB by the pathologist of record in the medical chart was considered the reference standard. A representative subset of validation set slides underwent blinded re-grading by three independent study pathologists.,"Outcome clearly defined as ISHLT cellular rejection grade, clinically established before model development, with independent blinded re-grading. The grade of record is an imperfect and variable reference standard rather than objective biological truth, but this does not by itself justify High Risk under the applied criteria.",High Risk,"Model development and iterative calibration was conducted in a training subset of 911 randomly selected slides from Site I. The remaining 395 slides from Site I represented an internal validation set, while the 1052 slides from sites II and III represented two external validation sets.","Multicentre external validation is a major strength. However the unit of analysis was the slide, whereas 2472 slides came from only 546 recipients; the Site I split is not reported as recipient-level, creating plausible risk that biopsies from the same recipient appear in both sets. Repeated biopsies apparently analysed as independent observations with no patient-level clustering adjustment. Feature count and classifier choice optimised on training data; probabilistic calibration not reported. Missing-data handling not reported.",Low Concern,"This cohort consisted of 2472 archived transplant EMB histology slides, originating from 546 transplant recipients. These EMBs were obtained as part of usual care between 2005 and 2018, either as part of scheduled post-transplant surveillance or in a 'for-cause' setting.","Population, specimen type and target outcome directly represent routine post-heart-transplant cellular rejection grading, across three US centres with both surveillance and for-cause biopsies. Applicability somewhat reduced by grade enrichment, exclusion of technically inadequate slides, restriction to cellular rejection, and historical data (2005-2018).",Government/Public,Yes (Declared COI),No,No,"Yes (e.g., SHAP, LIME)","Automated (e.g., LASSO, Stepwise)",Yes,Other,Yes,NR,NR,NR,No,NR,NR,NR,NR,NR,NR,NR,NR
2026-07-24 16:06:45,llm,57_Zhou-2021-Prediction of 1-year mortality after,"Prediction of 1-year mortality after heart transplantation using machine learning approaches: A single-center study from China
Zhou, Y. et al.
Int J Cardiol / 2021",Asia,Heart,Single Center,2015,2018,Transplant Recipients (Post-op),381,43.783,23.8,Yes,Retrospective Cohort,Random Forest,Random Forest,Tabular (EMR/Clinical data),NR,Internal Split (Train/Test),Simple Imputation (Mean/Median),No,267,114,1-year survival,0.801,82.8,26.8,92.7,No,Not Applicable / Not Reported,,"The study included consecutive orthotopic heart-transplant recipients at a single institute in Wuhan, China, “between January 1st, 2015 and December 31st, 2018,” making this an Asian single-center heart-transplant cohort. I did not identify explicit funding or COI statements in the retrieved text.","The study reports that “381 recipients were included with average age of 43.783 years old.” Male recipients accounted for 76.2%, implying 23.8% female. Race/ethnicity was not reported. Clinical/history variables included hypertension, diabetes, chronic lung/liver/renal disease, malignancy, smoking history, donor factors, and multiple perioperative histories.","Seven machine-learning approaches were trained after LASSO feature selection. The best-performing model was random forest. Inputs were structured recipient and donor variables from electronic medical records. The data were randomly split 70%/30% into training and testing sets, and parameters were tuned using grid search with five-fold cross-validation. SHAP was explicitly used for model interpretation.","Variables with >10% missingness were discarded, and the remaining variables were imputed with column mean for continuous variables and the most frequent value for categorical variables, which is simple imputation. The dataset was randomly split 70%/30%, corresponding to about 267 training and 114 testing patients. I did not find any class-imbalance method or code-release statement.","The primary endpoint was “postoperative 1-year mortality,” which maps to 1-year survival in this extraction framework. Under bootstrap validation, the random forest model achieved the best AUC of 0.801, with accuracy 0.828, sensitivity 0.268, and specificity 0.927. GBM had slightly lower AUC 0.786 but the highest sensitivity 0.271. PPV/NPV were not reported numerically in the shown results tables, and calibration and DCA were not reported.",High Risk,"This was a retrospective single-center cohort from one Chinese institution, which limits generalizability despite consecutive inclusion.",,Low Risk,Predictors were routinely collected recipient and donor clinical variables available before or at transplantation and were screened systematically.,,Low Risk,"The primary outcome was clearly defined as postoperative 1-year mortality, including in-hospital and 1-year follow-up mortality.",,Unclear,"Strengths include 70/30 train-test splitting, LASSO selection, grid-search tuning with five-fold cross-validation, bootstrap validation, and SHAP interpretation. Uncertainty remains because the sample size was modest and sensitivity was poor across models.",,Low Concern,The article directly addresses machine-learning prediction of 1-year mortality after heart transplantation and is highly relevant to the review question.,,Not Reported,Not Reported,No,Yes,"Yes (e.g., SHAP, LIME)",NR,Yes,No,Yes,NR,NR,NR,No,40,NR,NR,NR,NR,NR,NR,NR
2026-07-24 16:07:39,llm,10_Dalton-2023-Refining the Lung Allocation Score,"Refining the Lung Allocation Score Models Fails to Improve Discrimination Performance
Dalton, J. E. et al.
Chest / 2023",USA,Lung,National Registry,2010,2020,NR,NR,NR,41.0,Yes,Retrospective Cohort,Gradient Boosting (XGBoost/LightGBM),"WL-LAS/CAS, PT-CAS, re-estimated Cox models, cubic-spline Cox model, random survival forest, logistic model, linear discriminant analysis, gradient-boosted tree",Tabular (EMR/Clinical data),NR,Cross-Validation (k-fold),Multiple Imputation,No,NR,NR,1-year survival,NR,NR,NR,NR,No,NR,,"The paper used “Scientific Registry for Transplant Recipients (SRTR) data from 2015-2020” for waitlist models and “data from 2010-2020” for post-transplant models. Because SRTR is the U.S. national transplant registry, this is a U.S. national registry study. I did not identify an explicit funding or conflict-of-interest statement in the retrieved text.","The waitlist analysis included “13,204 candidates,” and the post-transplant analysis included “20,763 adult transplant recipients.” Table 1 reports female sex as 41% in the baseline waitlist cohort. Race/ethnicity was reported, and multiple clinical factors were included, such as diagnosis group, 6-minute walk distance, respiratory support, pulmonary arterial pressure, oxygen use, creatinine, BMI, bilirubin, insurance, and education. A single overall mean age for the full analytic cohorts was not reported in the retrieved text.","The study compared seven models for each outcome: current LAS/CAS Cox models, updated Cox models, nonlinear spline-enhanced Cox models, random survival forests, logistic models, linear discriminant analysis, and gradient-boosted trees. The main comparators were the current LAS/CAS survival models, which are linear risk-score models. The data were “randomly partitioned into 10 training and test samples for cross-validation.” Predictors came from SRTR candidate/recipient tabular data available at allocation. The retrieved text did not report SHAP/LIME-style interpretability or explicit hyperparameter tuning.","The Methods state that the authors used “multiple imputation to account for missing predictor data,” and inverse probability-of-censoring weighting to address informative censoring due to transplant. They also describe reconciliation of relisted patients and construction of residual cohorts. The study used repeated cross-validation folds rather than one fixed train/test split, so exact training and test counts are NR. Code availability was not reported in the retrieved text. Class-imbalance handling was not described.","The primary outcomes were waitlist death or removal as too sick, and post-transplant death or retransplantation. For waitlist models, discrimination was strongest in the baseline cohort, with AUC about 0.92-0.93 at 1 month, declining to about 0.87-0.89 at 3 months and 0.84-0.85 at 6 months. For post-transplant models, discrimination remained poor across models, generally “0.58-0.61,” including at 1, 3, and 5 years. Figure 1 shows subgroup AUC patterns, especially worse variability among Medicaid patients. Because the paper centers on AUC/C-statistic-style discrimination across many models and time horizons rather than a single deployed model, and because the prompt asks for held-out test/validation metrics, I leave the single numeric AUC field as NR rather than choose one arbitrary value. Calibration and DCA were not reported in the retrieved text.",Low Risk,"The study used large national SRTR cohorts of waitlist candidates and transplant recipients in the United States, which reduces center-level selection bias, although exclusions for missing key variables were applied.",,Low Risk,"Predictors were derived from SRTR variables available at allocation or cohort time points, consistent with the clinical use case for LAS/CAS modeling.",,Low Risk,"The outcomes were clearly defined as time from waitlist placement to death or removal as too sick, and time from transplant to death or retransplantation.",,Unclear,"Strengths include TRIPOD-aligned internal validation, 10-fold cross-validation, multiple imputation, inverse probability-of-censoring weighting, and comparison of several model classes; however, only internal validation was performed and post-transplant discrimination remained poor across all models.",,Low Concern,"This article directly evaluates machine-learning and alternative modeling approaches for lung transplant allocation-related prediction, making it highly relevant to the review question.",,Not Reported,Not Reported,Yes,Yes,No,NR,Not Reported,NR,Yes,NR,NR,NR,No,13,NR,NR,NR,NR,NR,NR,NR
2026-07-24 16:08:22,llm,58_Peyster et al. - 2021 - An automated computational image analysis pipeline for histological grading of cardiac allograft rej,"An automated computational image analysis pipeline for histological grading of cardiac allograft rejection
Peyster, E. G. et al.
Eur Heart J / 2021",USA,Heart,Multi-center,2005,2018,Transplant Recipients (Post-op),546,NR,NR,Yes,Retrospective Cohort,Support Vector Machine (SVM),Computer-Assisted Cardiac Histologic Evaluation Grader (CACHE-Grader),NR,NR,NR,Not Reported,Yes,911,1447,Acute Rejection,0.92,84.5,85.0,84.0,Not Reported,NR,,"The study used archived endomyocardial-biopsy slides from the University of Pennsylvania, Ohio State University, and University Hospitals Cleveland Medical Center. Biopsies were collected during routine care between 2005 and 2018. ehab241.pdf Funding was predominantly from several US federal agencies, including the NIH, NHLBI, NCI, and Department of Veterans Affairs, with additional support from the Gund Family Fund. ehab241.pdf Multiple authors declared patents, consultancies, equity holdings, licensing arrangements, advisory roles, or sponsored research relationships. ehab241.pdf","The clinical population comprised 546 heart-transplant recipients, contributing 2,472 archived biopsy slides; 2,358 slides passed quality control and entered model development or validation. The paper does not report recipient-level age, sex, race/ethnicity, or comorbidity distributions. The biopsies were obtained 7–6,415 days after transplantation during surveillance or for-cause assessment. ehab241.pdf Major uncertainty: For patient-level extraction, Total Sample Size = 546; for an image-level ML dataset field, the corresponding sample size is 2,472 slides before QC and 2,358 analysable slides after QC.","CACHE-Grader applied interpretable, biologically inspired, hand-crafted feature extraction to digitized H&E-stained endomyocardial-biopsy slides. From 154 quantitative histological features, the authors used outcome-based statistical ranking: Wilcoxon rank-sum selection for the binary model and t-test ranking for the four-grade model; final SVMs used 2 and 15 features, respectively. ehab241.pdf The models were locked after training and tested at two geographically separate external centres, with grades assigned by pathologists serving as the reference standard and independent pathologists used for comparative re-grading. ehab241.pdf Major uncertainty: The authors compared several linear classifiers and optimized the number of selected features, but conventional SVM hyperparameter tuning—such as kernel, C, or class-weight optimization—is not described; therefore, hyperparameter tuning is coded Not Reported rather than Yes.","The training cohort consisted of 911 slides randomly selected from UPenn. The complete held-out validation cohort contained 1,447 slides, comprising 395 internal-validation slides and 1,052 external-validation slides from OSU and UH. ehab241.pdf The investigators deliberately enriched the cohort with 2R/3R biopsies—approximately 20% versus 8% in routine practice—to provide adequate representation of clinically important high-grade rejection. ehab241.pdf Preprocessing included stain deconvolution, K-means tissue segmentation, focus detection, automated HistoQC assessment, and normalization of some features by tissue-compartment size. Source code was made publicly available. ehab241.pdf Major uncertainties: Class imbalance was addressed through dataset-level enrichment, not through reported SMOTE, weighted loss, cost-sensitive SVM training, or resampling within the training algorithm. The paper does not describe conventional missing-value imputation. Slides failing technical quality control were excluded, which is a QC-exclusion procedure rather than missing-data imputation. Test Size = 1447 refers to the composite held-out validation set. The strictly geographically external subset was 1,052 slides.","For the binary M1 classifier distinguishing low-grade rejection, 0R/1R, from high-grade rejection, 2R/3R, the composite held-out validation set produced an AUC of 0.92, accuracy/agreement of 84.5%, sensitivity of 85%, and specificity of 84%. ehab241.pdf The four-grade M2 classifier achieved 65.9% agreement overall, including 65.8% in the geographically external centres. ehab241.pdf Major uncertainties: The target is histological acute cellular rejection grade, not a patient-level future rejection event. PPV and NPV can be calculated from the published confusion matrix, but they were not explicitly reported as performance metrics and are therefore entered as NR. “Iterative calibration” in the methods describes iterative model/pipeline development; it is not evidence of statistical calibration assessment. No calibration curve, calibration slope/intercept, Brier score, or DCA was reported.",High Risk,"Only biopsies considered gradable and already assigned an ISHLT grade were included, and the cohort was deliberately enriched with 2R/3R rejection beyond routine prevalence. This creates a selected spectrum that differs from unfiltered clinical practice.",,Low Risk,"Predictors were biologically motivated, quantitatively defined image features available from the biopsy at the time of grading. Although feature ranking was outcome-driven in the training set, the selected features and final models were locked before independent internal and geographic external validation.",,Low Risk,"The outcome was clearly defined according to the established ISHLT cellular-rejection grading system, and a random validation subset was blindly re-graded by independent study pathologists. ehab241.pdf The reference grade was nevertheless imperfect because the grade of record reflects substantial inter-pathologist variability. ehab241.pdf",,High Risk,"The study had large held-out internal and external validation sets, but the analysis unit was the biopsy slide while 2,472 slides originated from only 546 recipients. The paper does not state that training and internal validation were separated at recipient level or that repeated biopsies were handled with clustered analysis, creating potential patient-level leakage and underestimated uncertainty. Statistical calibration was also not evaluated. ehab241.pdf",,Low Concern,"The study directly examined a clinical AI model applied to routine post-operative heart-transplant biopsies from three transplant centres, including both surveillance and for-cause biopsies. ehab241.pdf Applicability is reduced somewhat by deliberate high-grade enrichment, exclusion of technically inadequate slides, and restriction to cellular rather than antibody-mediated rejection.",,Government/Public,Not Reported,Not Reported,No,NR,NR,Not Reported,NR,Yes,NR,NR,NR,Not Reported,24,NR,NR,NR,NR,NR,NR,NR
2026-07-24 17:44:35,llm2,60_Ayer A et al. - 2026 - A Novel Model to Predict Progression to Death After Withdrawal of Care in Potential Donation-After-C,"A Novel Model to Predict Progression to Death After Withdrawal of Care in Potential Donation-After-Circulatory-Death Heart Donors.
Ayer, A. et al.
J Card Fail / 2026",USA,Heart,National Registry,2023,2025,Donors,287,NR,NR,Yes,Retrospective Cohort,Other,Multivariate logistic regression,Donor metrics,Other,NR,Other,NR,234,53,Other,0.88,NR,100.0,50.0,Yes,NR,,"Development data comprised consecutive DCD heart offers made to adult patients at the University of California San Diego from January 1 to June 30, 2023; donor data were obtained from the United Network for Organ Sharing (UNOS). External validation used consecutive offers at New York University from April 2023 to October 2025. The paper states, “There are no funding sources for this work.” A disclosure section reports industry relationships for one author, while all other authors reported no industry relationships.","The primary complete-case analysis included 234 potential DCD heart-donor offers in the development cohort and 53 in the external-validation cohort. A pooled overall age and female percentage were not reported; development-cohort mean age was 37.4 years and 31.6% were female, while validation-cohort mean age was 34.8 years and 71.7% were male. Race was reported, and clinical-history variables included previous cardiac arrest, cause of neurological injury, neurological examination findings, brain imaging, haemodynamic and ventilator variables, laboratory values, and sedative/analgesic use.","The study compared multivariate logistic regression with random forest, decision tree, radial-basis-function SVM, and Gaussian naïve Bayes. Candidate predictors were first identified by significant univariate logistic-regression associations, followed by backward elimination for the multivariable logistic model. Five-fold stratified cross-validation was used for candidate-model comparison, after which the selected logistic-regression model was trained on the full development cohort and externally validated at New York University. Interpretability was explicit: the authors preferred logistic regression partly because of its “greater interpretability,” and Table 4 provides model coefficients. No hyperparameter-search procedure was reported for the four machine-learning algorithms.","Regression imputation was used for missing development data. The primary external validation excluded offers with unavailable model inputs, while a sensitivity analysis used fivefold multiple imputation in an expanded validation cohort of 86 offers; therefore, missing-data handling was mixed. Outcome proportions were preserved using five-fold stratified cross-validation, although no resampling or class weighting was reported. Source code was not reported, but the full logistic-regression coefficients and intercept are provided in Table 4 and an online calculator is available. No predictor normalization or standardization procedure was described.","The outcome was progression to circulatory death after withdrawal of care among potential DCD heart donors. In the primary external-validation cohort of 53 offers, the final multivariate logistic-regression model achieved AUC 0.88 (95% CI 0.78–0.97), sensitivity 1.00, specificity 0.50, PPV 64%, and NPV 100%. Accuracy and F1-score were not explicitly reported. Calibration was evaluated using intercept, slope, and Brier score; external validation showed an intercept of −1.55, slope of 1.51, and Brier score of 0.19, indicating systematic overprediction. Decision-curve analysis was not reported.",High Risk,"Consecutive offers were used, but only 53 of 110 offers assessed for primary external validation had all model inputs and were included. The authors acknowledge that “the exclusion of offers with incomplete data may have skewed the cohort composition,” creating substantial selection-bias risk in the primary validation analysis.",,Unclear,"Predictors were measured before withdrawal of care and were available at the intended prediction time, which is appropriate. However, the authors describe “delimited, incomplete, and nonstandardized reporting of donor data in UNOS,” and retrospective clinical measurements and protocols were not standardized across donor hospitals.",,High Risk,"The outcome depended on whether circulatory death occurred before procurement was abandoned. Procurement was “generally abandoned 120 minutes after withdrawal of care,” but this period was occasionally shortened at the procurement team’s discretion, and elapsed time before abandonment was inconsistently documented; thus, outcome ascertainment was not standardized.",,High Risk,"Predictors were screened using univariate significance and backward elimination, several neurological predictors were potentially collinear, and the VIS coefficient was acknowledged to be unstable. Primary external validation used complete cases only, the external sample was small, and no internal optimism correction or hyperparameter-tuning strategy for the machine-learning comparators was reported, despite calibration and external validation being performed.",,Low Concern,"The population, predictors, and outcome directly concern prediction modelling in potential DCD heart donors and are therefore directly applicable to AI and prediction-model research in thoracic organ transplantation.",,NR,Not Reported,Yes,Yes,NR,NR,Not Reported,NR,No,64.0,100.0,NR,No,31,0.78,0.97,NR,NR,NR,NR,NR
2026-07-24 17:58:49,llm2,61_Dag et al. - 2026 - A data-guided analytical framework for assessing the value of additional variables in heart transpla,"A data-guided analytical framework for assessing the value of additional variables in heart transplant decision making
Dag, A. et al.
Decis. Anal. J. / 2026",USA,Heart,National Registry,2004,2012,Transplant Recipients (Post-op),25512,NR,NR,Yes,Retrospective Cohort,Support Vector Machine (SVM),Support Vector Machine with Random Under-Sampling (SVM_RUS; old-variable model),Tabular (EMR/Clinical data),Other,Cross-Validation (k-fold),Simple Imputation (Mean/Median),Not Reported,NR,NR,1-year survival,0.6342,61.67,62.63,54.9,Not Reported,NR,,"The study used the United Network for Organ Sharing (UNOS) heart transplant database. The source dataset covered October 1, 1987 to December 31, 2012, but transplantations before June 30, 2004 were excluded, giving an analysed period from 2004 through 2012. The authors declared no relevant competing interests. The work was supported in part by Health Resources and Services Administration contract 234-2005-370011C.","After data cleaning, the dataset contained 25,512 heart transplant cases and 161 variables. For the 1-year analysis, 19,704 observations were classified as survival, 2,693 as failure, and 3,115 were censored, resulting in 22,397 evaluable observations. Overall mean age, female proportion, and cohort race/ethnicity distributions were not reported. The predictor set included donor and recipient demographics, clinical history, haemodynamic and laboratory variables, life support, prior cardiac surgery, functional status, and procedural characteristics.","The authors compared Tree-Augmented Naïve Bayes, logistic regression, SVM, decision tree, and random forest models using five-fold cross-validation. SVM models were reported to outperform the other algorithms across the three time horizons; the selected balanced 1-year model was SVM_RUS using 33 old variables. Automated feature selection combined information-gain fast feature selection, LASSO, and Cox regression, supplemented by predictors identified from the literature. Feature selection was repeated within each training fold to reduce leakage. Interpretability was addressed through normalized sensitivity analysis, ranked variable-importance plots, and a TAN-derived directed acyclic graph. No explicit hyperparameter-tuning procedure was reported.","Missing numerical values were imputed using the median, while missing categorical observations were assigned an “UNKNOWN” category. Invariant variables, outliers, identifiers, and variables considered unrelated to survival were checked and removed. Class imbalance was addressed using random under-sampling and cost-sensitive models; RUS was applied only to each training fold, leaving the corresponding test fold at its natural class distribution. Exact per-fold training and test counts were not reported, and neither source code nor trained model weights were reported.","Performance was extracted for the highest-AUC balanced 1-year model presented in Table 6: SVM_RUS using the old-variable set. Across five-fold cross-validation, this model achieved AUC 0.6342, sensitivity 0.6263, specificity 0.5490, and accuracy 0.6167. The corresponding combined-variable SVM_RUS model achieved AUC 0.6285, indicating no improvement after adding the six selected post-2004 variables. AUC confidence intervals, PPV, NPV, F1-score, formal calibration assessment, and DCA were not reported.",Unclear,"The study used a large national UNOS cohort and excluded transplantations before June 30, 2004 in accordance with the research objective. However, a detailed participant-flow diagram and counts for exclusions during cleaning were not provided, and the authors acknowledge “potential biases or incompleteness inherent to registry-based data.”",,High Risk,"The source dataset included pre-operative, procedural, and post-operative variables, including examples such as acute rejection and hospital length of stay. The intended prediction time was not clearly fixed, creating a risk that variables unavailable at the intended clinical decision point, or variables occurring after transplantation, could enter model development.",,High Risk,"The study describes survival prediction but selected “gstatus,” defined as graft survival or failure, rather than patient survival status. The authors state that gstatus was chosen to focus on patients who “solely died due to heart-transplantation related reasons,” but graft failure is not equivalent to patient death, creating ambiguity and potential outcome misclassification.",,High Risk,"Nested feature selection and fold-specific under-sampling were methodological strengths, but 450 model combinations were evaluated without an independent external validation cohort. Hyperparameter tuning was not described, no AUC confidence intervals or calibration metrics were reported, and the final model was chosen from the same cross-validation framework used for performance estimation. The authors explicitly acknowledge that the “absence of external validation limits” generalizability.",,Low Concern,"The study directly evaluates machine-learning models using heart transplant recipient and donor registry variables to predict post-transplant outcomes. Although the selected target was graft status rather than pure patient mortality, it remains directly relevant to AI applications in heart transplantation.",,Government/Public,Not Reported,No,Yes,NR,NR,Not Reported,NR,Yes,NR,NR,NR,Not Reported,20,NR,NR,NR,NR,NR,NR,NR
2026-07-24 18:07:34,llm2,62_Ding Q et al. - 2026 - Machine learning-based prediction of high hospital charges after lung transplantation in chronic obs,"Machine learning-based prediction of high hospital charges after lung transplantation in chronic obstructive pulmonary disease patients.
Ding, Q. et al.
BMC Health Serv Res / 2026",USA,Lung,National Registry,2005,2014,Transplant Recipients (Post-op),1159,NR,NR,Yes,Retrospective Cohort,Gradient Boosting (XGBoost/LightGBM),Gradient Boosting (XGBoost/LightGBM),Tabular (EMR/Clinical data),Other,Internal Split (Train/Test),Multiple Imputation,Not Reported,NR,348,Economy/Length of Stay,0.8078,81.64,66.57,NR,Yes,Other Registry,,"Data were obtained from the US Nationwide Inpatient Sample, part of the Healthcare Cost and Utilization Project, and covered January 2005 through December 2014. The paper states “Funding: None” and “The authors declare no competing interests.”","The initial cohort contained 1,177 adult hospital admissions identified using ICD-9-CM lung-transplant procedure codes; 12 admissions with missing charge data were excluded, and 1,159 were included in the final analysis. Overall mean age and female percentage were not explicitly reported. Table 1 provides sex and race distributions by cost group and includes extensive clinical variables such as heart failure, coagulopathy, pulmonary vascular disease, acute kidney injury, sepsis, mechanical ventilation, ECMO, respiratory failure, and transplanted-lung complications.","The primary GBM was compared with logistic regression, random forest, XGBoost, CatBoost, and LightGBM. Patients were divided into training and test cohorts in a 7:3 ratio, and ten-fold cross-validation was used within training to optimize hyperparameters. Feature selection used a two-stage automated process consisting of Pearson-correlation assessment followed by Random-Forest-based Recursive Feature Elimination, leaving 27 predictors. SHAP global and local analyses were used to interpret the selected GBM.","Missing Race and Zip-Code Income Quartile values were imputed using Multiple Imputation by Chained Equations with a Gradient Boosting Classifier for multiclass categorical imputation. Seven post-discharge or manually coded variables were excluded to reduce information leakage, and feature selection reduced the model to 27 variables. High-cost cases represented approximately 20% of the cohort, but no resampling, class weighting, or other explicit imbalance treatment was reported. The exact training count was not stated; the GBM test confusion matrix contains 348 observations. Source code and trained model weights were not reported.","The outcome was high-cost hospitalization, defined as total hospital charges at or above the cohort’s 80th percentile ($600,223.40). On the held-out test set, GBM achieved AUC 0.8078, accuracy 0.8164, precision 0.6944, recall 0.6657, and F1-score 0.6773. No AUC confidence interval, explicitly reported specificity, or NPV was provided. Calibration curves were presented, and GBM had a Brier score of 0.1360. Decision-curve analysis was not reported.",High Risk,"The stated target population was lung-transplant recipients with COPD, but the Methods describe identifying adult admissions solely through lung-transplant procedure codes and do not report a COPD-specific diagnostic inclusion criterion. “Chronic pulmonary disease” was instead retained as a predictor and was present in only a subset of the cohort, creating uncertainty about whether the analysed participants represent the stated COPD population.",,High Risk,"Although seven overt post-discharge variables were removed, several retained predictors were contemporaneous or postoperative events, including acute kidney injury, sepsis, mechanical ventilation, ECMO, respiratory failure, and complications of the transplanted lung. The prediction time was not clearly defined, so some predictors may only become available after substantial hospital charges have already accumulated.",,Low Risk,"Total hospital charges were obtained from the same administrative database for all admissions, and high cost was defined consistently as charges “greater than or equal to” the explicit 80th-percentile threshold of $600,223.40. The outcome was therefore objective and uniformly defined, although it represents charges rather than true economic costs.",,High Risk,"The study used an internal test split and hyperparameter tuning, but there was no external validation and no AUC confidence interval. The paper does not state that MICE imputation, the 80th-percentile outcome threshold, and RFE feature selection were confined to the training data, creating potential leakage. The 20:80 outcome imbalance was not explicitly addressed, and calibration was presented graphically without calibration intercept or slope.",,Low Concern,"The study directly evaluates machine-learning prediction in lung-transplant hospitalizations and addresses a prespecified transplantation-related healthcare-utilization outcome. Despite uncertainty regarding the COPD-specific cohort definition, it remains applicable to a review of AI models in thoracic organ transplantation.",,NR,Not Reported,Yes,Yes,NR,NR,Yes,No,Yes,69.44,NR,0.6773,No,43,NR,NR,NR,NR,NR,NR,NR
2026-07-24 18:17:48,llm2,63_Fessler J et al. - 2025 - Machine Learning for Predicting Pulmonary Graft Dysfunction After Double-Lung Transplantation A Sin,"Machine Learning for Predicting Pulmonary Graft Dysfunction After Double-Lung Transplantation: A Single-Center Study Using Donor, Recipient, and Intraoperative Variables.
Fessler, J. et al.
Transpl Int / 2025",Europe,Lung,Single Center,2012,2019,Transplant Recipients (Post-op),477,NR,NR,Yes,Retrospective Cohort,Gradient Boosting (XGBoost/LightGBM),eXtreme Gradient Boosting (XGBoost),Tabular (EMR/Clinical data),Other,Internal Split (Train/Test),Algorithm handles natively,Yes,NR,NR,Primary Graft Dysfunction (PGD),0.84,NR,81.0,68.0,Other,Not Applicable / Not Reported,,"The study included all eligible double-lung transplant recipients treated at Hôpital Foch, France, from January 2012 through December 2019. Funding was provided by Hôpital Foch, with additional support acknowledged from the association “Vaincre la Mucoviscidose.” The authors declared that the research was conducted “in the absence of any commercial or financial relationships that could be construed as a potential conflict of interest.”","Of 510 double-lung transplant recipients, 477 met the inclusion criteria; 83 developed PGD3-T72 and 394 did not. Age was reported as median and interquartile range rather than an overall mean, and an overall female percentage was not explicitly stated. Clinical variables included primary lung disease, BMI, pulmonary hypertension, diabetes, prior thoracic surgery, waiting-list and ICU status, mechanical ventilation, vasopressors, laboratory values, Lung Allocation Score, donor characteristics, ECMO, and sequential intraoperative measurements.",Gradient Boosting (XGBoost/LightGBM),"Numerical variables were not transformed, categorical variables were one-hot encoded, and missing values were not imputed because “XGBoost treats missing data as a specific modality.” PGD3-T72 occurred in 83 of 477 recipients, but no class weighting, over-sampling, under-sampling, or other explicit imbalance method was reported. The primary XGBoost train/test split proportion and corresponding counts were not stated. The authors report that their “full codebase has been made publicly available.”","The primary outcome was grade 3 primary graft dysfunction at 72 hours according to the 2016 ISHLT definition. The optimal six-feature XGBoost model was evaluated at step 8, immediately after second graft implantation, and achieved a median AUROC of 0.84 with an IQR of 0.065; the abstract reports sensitivity 0.81 and specificity 0.68. Although bootstrap confidence intervals were said to have been generated, numeric lower and upper 95% CI limits were not reported. Accuracy, PPV, NPV, and F1-score were not provided in the main paper. The authors qualitatively described superior or well-calibrated risk estimates, but no calibration intercept, slope, Brier score, or calibration plot was reported. DCA was not reported.",Low Risk,"The study included “all DLT recipients” at the center during the defined period, with explicit exclusions for multiorgan transplantation, cardiopulmonary bypass, and duplicate retransplantation records. The flowchart accounts for 477 of 510 recipients, supporting a clearly defined cohort.",,Low Risk,"Predictor data were prospectively collected in real time from electronic health records and organized into prespecified chronological surgical steps. The selected step-8 variables were available by the intended intraoperative prediction time, and categorical encoding and missing-value handling were described.",,Low Risk,"PGD3-T72 was assessed using the 2016 ISHLT definition and “graded by consensus by a board-certified panel including an intensivist, a pulmonologist, and an anesthesiologist.” Postoperative ECMO for hypoxemia was explicitly classified as grade 3.",,High Risk,"The authors explicitly state that “feature selection was not nested within a formal cross-validation loop” and that performance “may be modestly optimistic due to the potential for information leakage.” Additional concerns include 500 repeated internal random splits without external validation, moderate sample size with 83 outcome events, no explicit handling of class imbalance, and absence of numeric calibration results or AUC confidence-interval bounds.",,Low Concern,"The study directly evaluates an interpretable machine-learning model for predicting a clinically important early outcome in double-lung transplant recipients using donor, recipient, and intraoperative data. It is therefore directly applicable to AI prediction research in thoracic organ transplantation.",,Foundation/Non-profit,Not Reported,No,Yes,NR,NR,Yes,No,Yes,NR,NR,NR,No,12,NR,NR,NR,NR,NR,NR,NR
2026-07-24 18:23:47,llm2,64_Kim DD et al. - 2026 - An integrated clinical-histopathologic prediction model for cardiac allograft rejection Translating,"An integrated clinical-histopathologic prediction model for cardiac allograft rejection: Translating machine learning into clinical risk frameworks.
Kim, D. D. et al.
J Heart Lung Transplant / 2026",USA,Heart,Single Center,NR,NR,Transplant Recipients (Post-op),484,52.6,NR,Yes,Retrospective Cohort,Gradient Boosting (XGBoost/LightGBM),eXtreme Gradient Boosting (XGBoost),Other,Other,Internal Split (Train/Test),Multiple Imputation,Not Reported,954,234,Acute Rejection,0.86,NR,72.0,94.0,No,Not Applicable / Not Reported,,"The cohort was derived from adult heart transplant recipients at the University of Pennsylvania using four previously published digitized-biopsy datasets. Calendar years for patient inclusion were not reported. The study was supported by National Heart, Lung, and Blood Institute grants K08HL159344, R01HL170152, and R01HL158071. The disclosure statement reads, “None to state.”","The final cohort comprised 484 recipients and 1,188 outpatient EMB-associated encounters. Mean recipient age was 52.6 years; 77.1% were male, but female percentage was not explicitly reported. Race was reported as White 70.7%, Black 19.2%, and Other 10.1%. Clinical history included BMI, retransplantation, CMV status, renal function, LVAD history, coronary disease, ischemic cardiomyopathy, diabetes, pulmonary hypertension, hypertension, hyperlipidemia, CKD, cPRA, medications, laboratory trends, and donor characteristics.","The primary model integrated structured EHR variables with quantitative pathology features extracted from digitized H&E-stained EMB slides. Data were split 80:20 by patient identifier, with 10-fold cross-validation during training and performance assessed exclusively on the held-out test set. Cross-sectional, longitudinal, clinical-only, morphology-only, and integrated configurations were compared. SHAP rankings were used to identify influential features and derive the Integrated Rejection Risk Index; no explicit hyperparameter-search or tuning procedure was reported.","Patients were required to have at least 90% completeness of routinely collected clinical variables, and residual missingness was handled using multiple imputation by chained equations. The cohort was deliberately enriched for future-rejection patients, 26.9% versus a 15.1% institutional incidence, “to mitigate class imbalance.” Longitudinal predictors were constructed using time bins, change-from-baseline, change-from-prior-encounter, and rate-of-change features. Figure 2 reports 954 training encounters and 234 held-out test encounters; all splitting was performed at patient level. Code availability was not reported.","The primary feasibility outcome was future cardiac allograft rejection occurring more than 7 days and no more than 42 days after a CAR-free outpatient encounter. CAR included ISHLT cellular rejection greater than 1R, pAMR greater than 0, or clinically evident rejection. On the held-out test set of 234 encounters, the integrated longitudinal clinical-morphologic XGBoost model achieved AUROC 0.86, AUPRC 0.74, macro F1 0.83, sensitivity 0.72, specificity 0.94, PPV 0.74, and NPV 0.94. Numeric 95% confidence bounds for AUROC and accuracy were not reported. Formal calibration analysis and DCA were not reported.",High Risk,"Inclusion required at least two digitized biopsies, sufficient linked EHR data, and at least 90% data completeness. The authors state that “not all clinically performed biopsies were digitized or available” and that digitized biopsies were preferentially available at selected early time points. The cohort was also enriched for future rejection, resulting in a selected sample that differs from routine practice.",,Low Risk,"Predictors were extracted from routinely collected clinical data and digitized biopsies obtained before the prediction window. Quantitative morphology used previously validated automated pipelines, longitudinal feature definitions were described, and patient-level splitting prevented encounters from the same patient appearing in both training and test sets.",,Low Risk,"Future CAR was defined using established transplant criteria: ISHLT cellular rejection greater than 1R, pathologic AMR greater than 0, or previously defined clinically evident rejection. The outcome window was prespecified as greater than 7 and no more than 42 days after a CAR-free encounter.",,High Risk,"The model used 1,361 candidate variables, while the training cohort contained 387 patients and only 45 training patients with rejection within 6 weeks, creating substantial overfitting risk. Although patient-level splitting and held-out testing were strengths, external validation, explicit hyperparameter tuning, calibration assessment, and AUC confidence intervals were absent. The event-enriched cohort also affects prevalence-dependent performance measures.",,Low Concern,"The study directly evaluates machine-learning prediction of future cardiac allograft rejection in post-transplant heart recipients using routine clinical and biopsy-pathology data, making it directly relevant to AI applications in thoracic organ transplantation.",,Government/Public,Not Reported,Yes,Yes,NR,NR,Not Reported,NR,Yes,74.0,94.0,0.83,No,31,NR,NR,NR,NR,NR,NR,NR
2026-07-24 18:26:39,llm2,65_Koritsánszky KB et al. - 2025 - Shifting Determinants of Mortality Risk After Orthotopic Heart Transplantation Identified by Machine,"Shifting Determinants of Mortality Risk After Orthotopic Heart Transplantation Identified by Machine Learning.
Koritsánszky, K. B. et al.
J Cardiovasc Dev Dis / 2025",Europe,Heart,Single Center,2012,2024,Transplant Recipients (Post-op),581,50.7,26.67,Yes,Retrospective Cohort,Random Forest,Random Forest,Tabular (EMR/Clinical data),NR,Cross-Validation (k-fold),Simple Imputation (Mean/Median),Not Reported,NR,NR,1-year survival,0.86,NR,NR,NR,Yes,Not Applicable / Not Reported,,"The study used the institutional database of the Heart and Vascular Center, Semmelweis University, Budapest, Hungary, and included OHT recipients treated from 30 January 2012 to 23 December 2024. Funding was provided through a European Union-supported project, the Hungarian Ministry for Culture and Innovation/National Research, Development and Innovation Fund, and the Hungarian Academy of Sciences. Conflicts were declared for two authors, including compensated work as Chief Medical Officer of Argus Cognitive, Inc. and advisory-board membership at GE Healthcare, both stated to be unrelated to the manuscript.","The cohort comprised 581 adolescent and adult OHT recipients; overall age was 50.7 ± 10.9 years and 155 patients (26.67%) were female. Race or ethnicity was not reported. The dataset included demographics, heart-failure diagnosis, comorbidities, functional status, mechanical circulatory support, right-heart catheterization, laboratory values, donor variables, medications, postoperative organ dysfunction, circulatory support, transfusion, ICU and ventilation duration, and postoperative complications.",Random Forest,"Features with more than 40% missingness were excluded. Remaining continuous values were imputed using the mean, categorical values using the mode, and continuous predictors were standardized with z-score normalization. All preprocessing was fitted only within the training portion of the nested cross-validation. SMOTE was applied exclusively to training data within each fold. Exact outer-fold training and hold-out counts were not explicitly reported, and source code or trained model weights were not reported.","Performance was extracted for the 1-year random forest model using all preoperative and postoperative variables, evaluated across the outer hold-out folds of nested five-fold cross-validation. The model achieved AUC 0.86 (95% CI 0.80–0.92) and Brier score 0.10. Accuracy, PPV, sensitivity, specificity, NPV, and F1-score were not reported. The preoperative-only 1-year model achieved AUC 0.67 (95% CI 0.56–0.78; Brier score 0.15). Formal calibration plots, calibration intercept or slope, and DCA were not reported.",Low Risk,"The study included the institutional cohort of 581 adolescent and adult patients who underwent OHT during a clearly specified period, and mortality status and date of death were obtained for all patients from Hungary’s National Health Insurance Database. No major selective exclusions were reported.",,High Risk,"The primary high-performing models included postoperative maximum or minimum laboratory values, ICU and ventilation duration, total transfusions, postoperative complications, and duration of circulatory support. A fixed prediction time for these variables was not defined, and some predictors may occur after substantial follow-up or be directly affected by impending death, creating temporal leakage and reverse-causation risk.",,Low Risk,"The outcomes were objectively defined 30-day and 1-year all-cause mortality. Vital status and date of death were obtained for all patients through the national insurance database, supporting consistent and complete outcome ascertainment.",,High Risk,"Nested cross-validation, fold-specific preprocessing, and training-only SMOTE were important strengths. However, performance was internally validated only, there was no external or temporal validation, the cohort contained relatively few deaths, and the all-feature models incorporated postoperative variables with unclear availability at the intended prediction time. These issues may produce optimistic performance despite the rigorous cross-validation pipeline.",,Low Concern,"The study directly evaluates explainable machine-learning models for 30-day and 1-year mortality after heart transplantation using recipient, donor, and perioperative data. It is directly relevant to AI prediction research in thoracic organ transplantation, although the all-feature model is applicable only after postoperative information has accrued.",,Government/Public,Not Reported,No,Yes,NR,NR,Yes,NR,Yes,NR,NR,NR,No,21,0.8,0.92,NR,NR,NR,NR,NR
2026-07-24 18:34:54,llm2,66_Luo L et al. - 2026 - In silico perturbations provide multivariate interpretability in predicting post-lung transplant out,"In silico perturbations provide multivariate interpretability in predicting post-lung transplant outcomes.
Luo, L. et al.
Sci Rep / 2026",USA,Lung,National Registry,1987,2022,Transplant Recipients (Post-op),43869,NR,NR,Yes,Retrospective Cohort,Transformer/LLM,EHRFormer,Tabular (EMR/Clinical data),Other,Internal Split (Train/Test),Simple Imputation (Mean/Median),Yes,NR,NR,1-year survival,0.64,60.0,70.0,49.0,Not Reported,NR,,"The study used de-identified United Network for Organ Sharing Standard Transplant Analysis and Research File data, described as SRTR/OPTN data, from US lung transplant recipients. Transplants before 8 November 2022 were included, and the abstract describes the period as 1987–2022. The authors stated, “This research received no funding” and declared no competing interests.","The abstract reports 43,869 first-time lung transplant recipients, although the Results also describe an exploratory cohort of 47,864 recipients and Figure 1 reports 37,369 observations in the all-years modeling dataset. The study was restricted to first-time recipients older than 18 years. Overall mean age and female percentage were not reported. Recipient and donor ethnicity, transplant indication, functional status, infection, mechanical ventilation, ECMO, renal function, hemodynamics, lung function, and other clinical-history variables were included.","EHRFormer was a tabular BERT model with three transformer layers, 64-dimensional embeddings, an intermediate layer size of 128, and four attention heads. It was compared with XGBoost. Features were automatically filtered to those with less than 10% missingness within each era, producing 140–152 variables. The models used an 80:20 train/test split, five-fold cross-validation within training, and held-out test evaluation. EHRFormer hyperparameters were optimized with Optuna, while XGBoost used Bayesian optimization. Interpretability included SHAP for XGBoost and single- or multivariable in silico perturbations for EHRFormer.","Numerical variables were mean-imputed and categorical variables were mode-imputed. Categorical predictors were ordinal- or one-hot encoded, and EHRFormer numerical inputs were quantile-binned. The majority class was randomly downsampled to a 1:1 ratio separately in both training and test sets. Exact post-downsampling training and test counts were not explicitly reported. The authors provided a GitHub repository containing the underlying code; the UNOS-derived training and validation datasets were not publicly available.","Values were extracted for the best all-years held-out test model for 1-year mortality, EHRFormer. It achieved AUC 0.64 (95% CI 0.61–0.66), accuracy 0.60, F1-score 0.64, precision 0.58, recall 0.70, and specificity 0.49. NPV was not reported. The XGBoost comparator achieved AUC 0.63 (95% CI 0.60–0.67). Calibration assessment and DCA were not reported. Patients who died during or within 90 days of the index hospitalization were excluded from the mortality-prediction task.",High Risk,"The analysis excluded patients who died during or within 90 days of the index stay and required predictors to have at least 90% completeness. The authors also downsampled the majority class in the test set to a 1:1 ratio, producing a selected evaluation population that does not represent the natural post-transplant mortality spectrum.",,High Risk,"The highest-performing model included index-hospitalization variables such as length of stay, acute rejection, dialysis, ECMO, intubation, and ventilation duration. The authors acknowledge that index-stay features are unavailable when listing decisions are made, and the intended clinical prediction time was not fixed clearly.",,Low Risk,"Mortality labels were derived from recorded death date, transplant date, patient status, and status date. One-, three-, and five-year survival windows were explicitly calculated, providing an objective and consistently defined outcome.",,High Risk,"The study used held-out testing, cross-validation, hyperparameter optimization, and bootstrap confidence intervals, but preprocessing was not explicitly stated to be fitted only within training data. Random splitting across a 35-year period did not provide temporal or external validation, and downsampling the test set altered outcome prevalence and limits interpretation of accuracy, precision, and F1-score. Calibration was not assessed.",,Low Concern,The study directly evaluates modern machine-learning models for post-transplant survival and lung-function outcomes in adult lung transplant recipients using a national thoracic-transplant registry. It is directly relevant to AI applications in thoracic organ transplantation.,,NR,Not Reported,Yes,Yes,NR,NR,Yes,NR,Yes,58.0,NR,0.64,Not Reported,9,0.61,0.66,NR,NR,NR,NR,NR
2026-07-24 18:36:41,llm2,59_Allehyani B et al. - 2025 - Machine learning approach to predict 1-year mortality after heart transplantation a single-centre s,"Machine learning approach to predict 1-year mortality after heart transplantation: a single-centre study.
Allehyani, B. et al.
Eur Heart J Imaging Methods Pract / 2025",Asia,Heart,Single Center,2007,2022,Transplant Recipients (Post-op),419,33.61,NR,Yes,Retrospective Cohort,Support Vector Machine (SVM),Support Vector Machine,Tabular (EMR/Clinical data),Other,Internal Split (Train/Test),Complete Case Analysis (Excluded),Not Reported,NR,84,1-year survival,0.868056,95.2381,75.0,NR,Not Reported,Not Applicable / Not Reported,,"The study used data from King Faisal Specialist Hospital & Research Centre in Saudi Arabia and included all heart transplant cases recorded between January 2007 and December 2022. The authors stated, “Conflict of interest: None declared” and “No funding received for this research.”","The cohort included 419 heart transplant recipients with a mean age of 33.61 ± 18.94 years; 305 patients, or 72.7%, were male, but an exact female percentage was not explicitly reported. Clinical variables included cardiomyopathy type, diabetes, blood type, mechanical-support devices, LVEF, immunosuppressive therapy, BMI, and ischaemia time. Race/ethnicity was not reported for the current cohort; references to race/ethnicity in Tables 1 and 2 concerned variables used in previous studies.",Support Vector Machine (SVM),"Preprocessing included “cleaning the data to remove any inconsistencies or missing values, normalizing the data for uniformity, and encoding categorical variables.” No imputation was described, so removal of records or observations with missing data was classified as complete-case analysis. No oversampling, undersampling, class weighting, SMOTE, or other class-imbalance method was reported. The training-set count was not explicitly stated; the test confusion matrices contain 84 observations. Code availability was not reported.","The extracted performance corresponds to the SVM on the held-out test set. The paper reports accuracy 0.952381, precision 0.90, recall 0.75, F1 score 0.818182, and ROC-AUC 0.868056; no 95% confidence interval for AUC was provided. Specificity, NPV, calibration assessment, and DCA were not reported. The LR comparator achieved an AUC of 0.875 and accuracy of 96.43%. The orientation or labels of the displayed confusion matrices appear inconsistent with the reported precision and recall values, so the explicitly tabulated performance values were extracted.",Low Risk,"The authors stated that “all patients who underwent orthotropic heart transplantation recorded between January 2007 and December 2022 were included.” Although retrospective and single-centre, the use of all eligible transplant recipients reduces evidence of selective participant inclusion.",,High Risk,"The feature-importance figures appear to include “Status,” explicitly defined as patient death during 1-year follow-up, and “cause OF DEATH during 1 year” among the model features. Inclusion of the outcome or a direct consequence of the outcome as an input would constitute substantial target leakage. The timing and availability of other variables, including immunosuppressive therapy, were also insufficiently specified.",,Unclear,"One-year mortality is an objective outcome, and the paper defines class 1 as mortality within one year. However, the ascertainment method was not described, six participants had unknown survival status in Table 3, and the handling of these unknown outcomes in model development was not reported.",,High Risk,"The test set was small and contained few mortality events, class imbalance was not addressed, the training/test split and k-fold procedure were inadequately specified, and no confidence intervals or calibration analyses were reported. Potential outcome leakage and inconsistencies between the confusion-matrix orientation and reported precision/recall further increase the risk of biased performance estimates.",,Low Concern,The study directly concerns ML-based prediction of 1-year mortality among post-operative heart transplant recipients and is therefore directly applicable to a review of AI models in thoracic organ transplantation.,,NR,Not Reported,No,Yes,NR,Not Reported,Not Reported,No,Yes,90.0,NR,0.818182,Not Reported,14,NR,NR,NR,NR,NR,NR,NR
2026-07-24 18:49:45,llm2,67_Mete M et al. - 2026 - Predicting Simultaneous Heart Kidney Allocation and Posttransplant Adverse Kidney Outcomes,"Predicting Simultaneous Heart Kidney Allocation and Posttransplant Adverse Kidney Outcomes.
Mete, M. et al.
Kidney Int Rep / 2026",USA,Heart,National Registry,2018,2024,Transplant Candidates (Waitlist),9999,NR,NR,Yes,Retrospective Cohort,Random Forest,Random Forest,Tabular (EMR/Clinical data),NR,NR,Other,Not Reported,6579,1567,Other,0.899,NR,68.0,94.1,Not Reported,NR,,"The study used United Network for Organ Sharing Standard Transplant Analysis and Research files from the OPTN national registry. Model development used transplants from 18 October 2018 through 31 December 2020; temporal external validation used January–June 2021 and September 2023–March 2024 cohorts. The work was supported in part by a Health Resources and Services Administration contract. The disclosure states, “All authors declared no competing interests.”","The model was developed in 6,579 adult heart transplant recipients and evaluated in two external cohorts of 1,567 and 1,853 recipients, giving 9,999 participants across development and validation. The intended use was decision support at heart-transplant waitlisting. Age was reported as a median of 57 years rather than a mean, and 72.5% were male; an explicit female percentage was not reported. Race and clinical history were reported, including diabetes, heart-failure diagnosis, previous transplantation, dialysis, mechanical support, renal function, biomarkers, and right-heart catheterization measurements.","An expert panel initially selected 44 clinically relevant variables from 531 registry variables. Random-forest Gini importance was then used to select the final 15 predictors. Hyperparameters were exhaustively searched across numbers of trees, maximum depth, maximum features, positive-class weights, and random seeds. Internal five-fold cross-validation was followed by validation in two later temporal cohorts. Interpretability was provided through feature-importance distributions and a patient-level web calculator.","Missing predictor values were imputed with a K-nearest-neighbors imputer using K = 50, primarily for right-heart catheterization measurements, BNP, and blood urea nitrogen. Class imbalance was addressed through positive-sample class-weight tuning from 3 to 10, and precision-recall performance was reported for the 13.4% adverse-outcome prevalence. The primary temporal external test cohort contained 1,567 recipients; a second external cohort contained 1,853. Study code or trained model weights were not reported, although the model was implemented as an online calculator.","The composite adverse outcome comprised receipt of simultaneous heart-kidney transplantation or, after heart transplantation alone, chronic dialysis, eGFR below 20 ml/min per 1.73 m², or kidney-transplant listing/transplantation within 1 year. In the first temporal external-validation cohort of 1,567 recipients, the random forest achieved c-statistic 0.899, sensitivity 0.680, specificity 0.941, PPV 0.680, NPV 0.941, and F1-score 0.680. A 95% confidence interval for the c-statistic and model accuracy were not reported. Calibration and DCA were not reported. The second postpolicy validation cohort achieved a c-statistic of 0.874.",High Risk,"The intended population was heart-transplant candidates at waitlisting, but model development included only candidates who ultimately underwent heart transplantation or simultaneous heart-kidney transplantation. Patients with missing creatinine or dialysis status were excluded, and nontransplanted candidates were not represented, creating selection and verification bias for the intended waitlist use.",,High Risk,"Most predictors were measured at listing, but eGFR and dialysis status were also obtained immediately before transplantation, approximately 35–40 days later. These later measurements are not available at the initial waitlisting decision and introduce temporal mismatch when the model is described as a tool “at the time of heart transplant listing.”",,High Risk,"The composite outcome combined an actual clinical allocation decision—receipt of SHKT—with objective posttransplant kidney outcomes. SHKT receipt depends on center practice, clinician judgment, and policy rather than confirming irreversible kidney disease, creating incorporation and treatment-decision bias.",,High Risk,"The large cohort, hyperparameter search, five-fold cross-validation, and two temporal external validations were strengths. However, calibration was not assessed, confidence intervals were not reported, and it was not clearly stated whether KNN imputation and feature selection were fitted separately within each cross-validation fold. The model and decision threshold were selected through an extensive search, increasing optimism risk.",,Low Concern,The study directly evaluates a machine-learning model intended to guide allocation decisions in heart-transplant candidates and predicts clinically relevant posttransplant kidney outcomes. It is directly applicable to AI research in thoracic organ transplantation.,,Government/Public,Not Reported,Yes,Yes,NR,NR,Yes,NR,Yes,68.0,94.1,0.68,Not Reported,14,NR,NR,NR,NR,NR,NR,NR
2026-07-24 18:53:40,llm2,69_Peyster et al. - 2021 - An automated computational image analysis pipeline for histological grading of cardiac allograft rej,"An automated computational image analysis pipeline for histological grading of cardiac allograft rejection
Peyster, E. G. et al.
Eur Heart J / 2021",USA,Heart,Multi-center,2005,2018,Transplant Recipients (Post-op),2472,NR,NR,Yes,Retrospective Cohort,Support Vector Machine (SVM),Computer-Assisted Cardiac Histologic Evaluation-Grader (CACHE-Grader),NR,NR,NR,Not Reported,Yes,911,1447,Acute Rejection,0.92,84.5,85.0,84.0,Not Reported,Not Applicable / Not Reported,,"Archived biopsy slides were obtained from the Hospital of the University of Pennsylvania, University Hospitals Cleveland Medical Center, and Ohio State University Wexner Medical Center during usual care between 2005 and 2018. Funding was predominantly from US public agencies, including the NIH, Department of Veterans Affairs, and Department of Defense, with additional foundation and institutional support. Multiple authors declared consultancy, equity, patent, licensing, advisory-board, or sponsored-research interests.","The analytic units were 2,472 archived H&E-stained endomyocardial-biopsy slides originating from 546 heart transplant recipients. Biopsies were obtained 7–6,415 days after transplantation during scheduled surveillance or for-cause assessment. Recipient-level age, sex, race/ethnicity, and comorbidity distributions were not reported.","The pipeline extracted 154 biologically inspired, hand-crafted histologic features describing lymphocyte foci, tissue compartments, densities, and spatial interactions. Support vector machine classifiers were selected for binary low- versus high-grade rejection (M1) and four-grade rejection classification (M2). Features were ranked using a Wilcoxon rank-sum test for M1 and a t-test for M2, resulting in models with 2 and 15 features, respectively. Validation included 395 held-out slides from the development center and 1,052 geographically external slides from two other centers; no explicit SVM hyperparameter-search procedure was reported.","Slides underwent automated HistoQC assessment, stain deconvolution, tiling, K-means tissue segmentation, lymphocyte-cluster detection, and feature normalization relative to tissue-compartment size. The authors deliberately enriched the cohort for grades 2R/3R to approximately 20%, compared with approximately 8% in routine practice, to ensure sufficient high-grade cases; this addressed imbalance through cohort construction rather than algorithmic weighting or resampling. The training set contained 911 slides, and the composite validation set contained 1,447 slides: 395 internal and 1,052 external. Missing-feature imputation was not described. Source code was publicly available through the CACHE-Grader repository.","Values refer to the binary M1 classifier for low-grade 0R/1R versus high-grade 2R/3R rejection in the composite independent validation set. It achieved 84.5% agreement with the grade of record, AUC 0.92, sensitivity 0.85, and specificity 0.84; no AUC confidence interval was reported. The four-grade M2 classifier achieved 65.9% agreement (95% CI 63.4–68.3%), with similar internal and external agreement of 66.1% and 65.8%. Numeric PPV, NPV, F1-score, formal probabilistic calibration metrics, and DCA were not reported.",High Risk,"The cohort was retrospectively selected, included only biopsies considered gradable and assigned an ISHLT grade, and was deliberately enriched for 2R/3R rejection to approximately 20% rather than the approximately 8% prevalence in routine practice. This nonconsecutive spectrum enrichment may affect representativeness and prevalence-dependent performance measures.",,Low Risk,"Predictors were objectively derived from digitized H&E slides using a prespecified workflow involving quality control, stain deconvolution, tissue segmentation, lymphocyte detection, and quantitatively defined morphological features. The final feature sets and models were locked before validation.",,High Risk,The reference outcome was the clinical “grade of record” assigned by a pathologist rather than an objective gold standard. The authors explicitly acknowledge poor interpathologist reliability and state that true diagnostic accuracy is difficult to define; independent regrading was performed only in a subset of 166 slides.,,High Risk,"The study used multiple biopsies from 546 recipients but randomly divided slides rather than explicitly separating recipients, and no adjustment for within-recipient clustering was reported. The external-site validation reduces leakage concerns for the geographically external component, but incomplete reporting of SVM hyperparameter tuning, exclusion after image-quality control, and reliance on an imperfect reference standard remain important analytical limitations.",,Low Concern,"The study directly evaluates an ML-based pathology model in post-transplant heart recipients for automated grading of cardiac allograft cellular rejection, which is directly relevant to AI applications in thoracic organ transplantation.",,Government/Public,Not Reported,Not Reported,Not Reported,NR,NR,Not Reported,NR,Yes,NR,NR,NR,Not Reported,22,NR,NR,NR,NR,NR,NR,NR
2026-07-24 18:56:34,llm2,70_Sharma G et al. - 2025 - Development and Validation of a Hybrid Machine Learning Model to Predict Lung Transplant Outcomes,"Development and Validation of a Hybrid Machine Learning Model to Predict Lung Transplant Outcomes.
Sharma, G. et al.
JAMA Netw Open / 2025",USA,Lung,National Registry,1987,2025,Transplant Recipients (Post-op),51933,NR,42.4,Yes,Retrospective Cohort,Other,AutoScore-Survival,Tabular (EMR/Clinical data),NR,NR,Other,Not Reported,24014,25251,1-year survival,0.61,NR,NR,NR,Yes,NR,,"The study used the United Network for Organ Sharing–Organ Procurement and Transplantation Network registry and included US lung transplants performed between October 16, 1987, and March 26, 2025. Dr Sharma was supported by three American Heart Association awards. The article states, “Conflict of Interest Disclosures: None reported.”","The cohort comprised 51,933 adults undergoing their first lung transplant. Age was reported as a median of 59 years rather than a mean; 22,028 recipients (42.4%) were women. Race and ethnicity were reported. Candidate predictors included recipient demographics, functional status, prior cardiac surgery, laboratory measures, donor characteristics, transplant type, ischemic time, inotropic support, hospital length of stay, and posttransplant ventilation support.","AutoScore-Survival is a hybrid framework that used a random survival forest to rank 61 candidate variables and Cox proportional hazards regression to generate an interpretable integer-based score. A parsimony plot in the development validation cohort selected nine predictors. The cohort was temporally split into development and contemporary testing periods; the development cohort was further divided into training and validation sets for model selection and hyperparameter tuning. Interpretability was provided through a nine-variable point score, hazard ratios, risk groups, and a web calculator.","Missing values were retained as an “unknown” or “not reported” category rather than imputed. Continuous predictors were categorized to generate the point-based score, and the model-development workflow and temporal allocation were described. The development cohort contained 24,014 training recipients and 2,668 validation recipients; the temporal testing cohort contained 25,251 recipients. Class imbalance treatment was not applicable to the time-to-event survival framework, which incorporated censoring and had an overall event rate of 61.4%. Source code or trained model weights were not reported.","The outcome was time from lung transplantation to death or retransplantation, evaluated at 1, 5, and 10 years. In the temporal testing cohort, the 1-year time-dependent AUC was 0.61 (95% CI 0.52–0.70). The testing-set integrated AUC was 0.61 (95% CI 0.60–0.63) and C-index was 0.64 (95% CI 0.63–0.64). Accuracy, PPV, sensitivity, specificity, NPV, and F1-score were not reported. Calibration was assessed using plots, calibration slope, observed-to-expected ratios, and Brier scores; decision-curve analysis showed net benefit across clinically relevant thresholds.",Low Risk,"The study used a large national registry and transparently identified all adult first-time lung transplant recipients during the specified period. Exclusions for duplicates, age younger than 18 years, unknown follow-up, and index-hospitalization death or retransplantation were explicitly reported in the participant flowchart and were broadly consistent with the stated postdischarge prediction setting.",,High Risk,"The model included hospital length of stay and posttransplant ventilation support while survival time was measured from the date of transplantation. These predictors accrue after time zero and can reflect early complications or impending death; the authors note that very short stays may represent “early, catastrophic events,” creating temporal leakage, reverse causation, and potential immortal-time bias.",,Low Risk,"Death or retransplantation is an objective time-to-event outcome recorded consistently in the national registry, and the 1-, 5-, and 10-year horizons were prespecified. Index-hospitalization events were excluded to align the model with postdischarge use.",,High Risk,"The large sample, prespecified temporal split, validation cohort, automated variable selection, confidence intervals, calibration, and DCA were strengths. However, the “final model was obtained via recalibration-in-the-large on the 2015 to 2025 cohort,” and calibration and clinical-utility performance were then reported in that same testing cohort. This means the temporal test set was not fully independent for all reported performance measures and may yield optimistic calibration and DCA estimates.",,Low Concern,"The study directly evaluates an interpretable machine-learning–assisted model for death or retransplantation after lung transplantation using national registry data. It is directly applicable to AI prediction research in thoracic organ transplantation, although its intended use is postdischarge rather than pretransplant candidate selection.",,Foundation/Non-profit,Not Reported,Yes,Yes,NR,NR,Yes,NR,Yes,NR,NR,NR,Yes,20,0.52,0.7,NR,NR,NR,NR,NR
2026-07-24 19:03:56,llm2,71_Tran-Dinh A et al. - 2026 - Early identification of high-risk individuals for mortality after lung transplantation A retrospect,"Early identification of high-risk individuals for mortality after lung transplantation: A retrospective cohort study with topological feature engineering.
Tran-Dinh, A. et al.
PLOS Digit Health / 2026",Europe,Lung,Single Center,2015,2020,Transplant Recipients (Post-op),252,NR,NR,Yes,Retrospective Cohort,"Artificial Neural Networks (ANN, MLP, NN)",Topological Attention Multilayer Perceptron,Tabular (EMR/Clinical data),NR,Cross-Validation (k-fold),Multiple Imputation,Yes,NR,NR,1-year survival,0.87,90.0,84.0,90.0,Yes,Not Applicable / Not Reported,,"The study included consecutive lung transplant recipients at Bichat-Claude Bernard Hospital in Paris, France, between January 1, 2015, and December 31, 2020. Funding included the French Agence Nationale de la Recherche and regional Spanish public/FEDER funding, with Institute Mutualiste Montsouris covering article-processing charges. The authors declared that no competing interests existed.","Of 287 consecutive recipients screened, 24 were excluded for more than 20% missing key variables and 11 for insufficient follow-up without documented death, leaving 252 patients: 189 survivors and 63 non-survivors at 1 year. Overall mean age and female percentage were not explicitly reported in the article text. Clinical variables included diabetes, ischemic heart disease, primary lung disease, pulmonary arterial pressure, BMI, CMV mismatch, preoperative and intraoperative ECMO, transplant type, ICU severity scores, postoperative organ support, infections, primary graft dysfunction, renal failure, and rejection.","The primary classifier was a regularized MLP using 49 clinical variables and 27 topological features generated from persistent-homology representations. It was compared with the Lung Transplant Risk Index, Charlson Comorbidity Index, FEV1, clinical-only MLP, random forest, gradient boosting, logistic regression, and other classifiers. Validation used nested stratified cross-validation with five outer folds for performance estimation and three inner folds for hyperparameter tuning. Recursive feature elimination with cross-validation was performed within each training fold, retaining a mean of 34 ± 6 features. SHAP, partial-dependence plots, effect sizes, and an interpretable risk score were used for explanation.","Missing data were handled using multiple imputation by chained equations with ten iterations and five imputed datasets, using predictive mean matching for continuous variables and logistic regression for binary variables. Scaling, imputation, topological extraction, and feature selection were fitted exclusively within training folds. Class imbalance was addressed with inverse-frequency class weights of 1 for survivors and 3 for non-survivors; SMOTE was evaluated in sensitivity analysis. Exact per-fold training and test counts were referenced in Supplementary Table S2 but were not stated numerically in the article text. The data, code, and split manifest were made publicly available in the TopoAttention repository.","The primary endpoint was all-cause mortality within 365 days after transplantation. Table 2 reports AUC 0.87 (95% CI 0.81–0.93), accuracy 0.90 (95% CI 0.85–0.95), sensitivity 0.84, specificity 0.90, PPV 0.82, NPV 0.91, F1-score 0.83, and PR-AUC 0.71 for the Topological Attention model. The abstract separately reports 87.4% accuracy, 84.1% sensitivity, and 89.6% specificity on the test dataset, indicating minor inconsistency or different rounding/evaluation summaries. Calibration was evaluated with curves, Expected Calibration Error 0.08, Brier score 0.12, calibration slope 0.91, and intercept −0.15. DCA showed positive net benefit across thresholds from 0.1 to 0.5 and benefit relative to treat-all and treat-none strategies above approximately 0.15.",Unclear,"The cohort comprised consecutive adult first lung transplant recipients with explicit eligibility criteria, which reduces selective recruitment. However, 24 of 287 screened patients were excluded because more than 20% of key variables were missing and 11 were excluded for incomplete follow-up, without a reported comparison of included and excluded patients; the effect of these exclusions is therefore unclear.",,High Risk,"The high-performing model included postoperative variables such as total ICU length of stay, mechanical-ventilation duration, ECMO duration, acute renal failure, and antibody-mediated rejection “within one year.” Several of these variables occur well after the stated sequential prediction points at transplantation, ICU admission, and ICU day 7, creating substantial temporal leakage and incorporation of future clinical course into mortality prediction.",,Low Risk,"The outcome was objectively defined as all-cause mortality within 365 days. Survival status was obtained from hospital records and national death-registry data, and the authors reported no loss to follow-up before the endpoint among included patients.",,High Risk,"Nested cross-validation, fold-specific preprocessing, automated feature selection, class weighting, confidence intervals, calibration, and DCA were important strengths. Nevertheless, only 63 events were available for an initially 76-feature neural-network model, no independent external validation was performed, training accuracy reached 1.00, and postoperative predictors with unclear or outcome-proximal timing create severe optimism and leakage risk. The discrepancy between abstract accuracy and Table 2 also reduces analytical clarity.",,Low Concern,"The study directly evaluates an explainable machine-learning model for 1-year mortality after lung transplantation using recipient, operative, and postoperative data. It is directly relevant to AI applications in thoracic organ transplantation, although applicability depends on the clinical time point at which predictions are intended to be made.",,Government/Public,Not Reported,No,Yes,NR,NR,Yes,NR,Yes,82.0,91.0,0.83,Yes,11,0.81,0.93,NR,NR,NR,NR,NR
2026-07-24 19:05:42,llm2,68_Noh et al. - 2025 - Machine Learning for 1-Year Graft Failure Prediction in Lung Transplant Recipients The Korean Organ,"Machine Learning for 1-Year Graft Failure Prediction in Lung Transplant Recipients: The Korean Organ Transplantation Registry
Noh, Dasom et al.
CLINICAL TRANSPLANTATION / 2025",Asia,Lung,National Registry,2015,2021,Transplant Recipients (Post-op),240,56.1,NR,Yes,Prospective Cohort,"Artificial Neural Networks (ANN, MLP, NN)",Multilayer Perceptron,Tabular (EMR/Clinical data),Other,Cross-Validation (k-fold),Complete Case Analysis (Excluded),Not Reported,NR,NR,Other,0.78,73.3,67.3,75.1,Not Reported,NR,,"Data were obtained from the Korean Organ Transplantation Registry, described as a prospective multicenter cohort registry in South Korea, with lung transplant recipients registered from March 2015 through December 2021. Funding was provided by National Institutes of Health research projects and a South Korean government-funded IITP grant. The authors stated, “The authors declare no conflicts of interest.”","Of 303 initially enrolled recipients, patients who withdrew, underwent heart-lung transplantation, were lost to follow-up, or had incomplete data were excluded, leaving 240 recipients. Mean age was 56.1 ± 9.5 years and 65.8% were male; an explicit female percentage was not reported. Clinical variables included transplant indication, diabetes, hypertension, CKD, malignancy, cardiac and cerebrovascular disease, infection, steroid exposure, pulmonary function, mechanical ventilation, ECMO, laboratory values, HLA crossmatch, donor-specific antibodies, and panel-reactive antibodies.","The primary MLP was compared with logistic regression, SVM, random forest, gradient boosting machine, and balanced random forest. Twenty-five preoperative variables associated with graft failure in univariate analyses were ranked using averaged logistic-regression coefficients across repeated 5-fold cross-validation, and the top nine variables with normalized absolute coefficients above 0.25 were retained. Grid-search hyperparameter optimization was reported. The MLP contained two 60-unit ReLU dense layers with dropout of 0.7 and a sigmoid output. SHAP DeepExplainer was used for interpretation.","Only patients with complete data for all selected preoperative variables were analysed, and no imputation was performed. Class imbalance was addressed using balanced class weights for several models and a balanced-random-forest implementation; the exact imbalance method used for the final MLP was not explicitly specified. Stratified 5-fold cross-validation preserved the graft-failure proportion in each fold. Exact fold-specific training and validation counts were not reported. Feature-selection and model-preparation procedures were described, but predictor scaling or normalization before MLP training was not explicitly reported. Source code and model weights were not reported.","The outcome was 1-year graft failure, defined as death or retransplantation due to graft failure within 1 year; retransplantation date was treated as equivalent to the date of death. Across stratified 5-fold cross-validation, the MLP achieved AUC 0.780, accuracy 0.733, sensitivity 0.673, specificity 0.751, PPV 0.449, NPV 0.886, and F1-score 0.537. No 95% confidence interval for AUC was reported. Calibration analysis and DCA were not reported.",High Risk,"Sixty-three of 303 enrolled recipients were excluded because of withdrawal, heart-lung transplantation, loss to follow-up, or incomplete data, but the numbers attributable to each exclusion were not reported. Complete-case inclusion of only 240 recipients may have produced a selected cohort and biased the event distribution.",,Low Risk,"The final model used only pretransplant variables, and the authors explicitly excluded intraoperative and early postoperative outcomes. Clinical definitions and measurement timing were described, with laboratory values taken from the measurement closest to transplantation.",,Low Risk,One-year graft failure was objectively defined as death or retransplantation due to graft failure within 1 year. Retransplantation was consistently treated as graft failure by assigning the retransplantation date as the equivalent event date.,,High Risk,"The cohort contained only 55 graft-failure events, yet 25 candidate predictors and six algorithms were evaluated. Feature selection appears to have been performed using the same dataset used for cross-validated performance estimation rather than within a fully nested validation procedure, increasing leakage and optimism risk. There was no independent external validation, no AUC confidence interval, and no calibration assessment.",,Low Concern,The study directly evaluates machine-learning prediction of a clinically relevant 1-year outcome in lung transplant recipients using pretransplant variables. It is directly applicable to AI research in thoracic organ transplantation.,,Government/Public,Not Reported,No,Yes,NR,NR,Yes,NR,Yes,44.9,88.6,0.537,Not Reported,12,NR,NR,NR,NR,NR,NR,NR
2026-07-24 19:09:32,llm2,72_Weigt SS et al. - 2025 - Development and validation of a bronchoalveolar lavage genomic classifier for acute cellular rejecti,"Development and validation of a bronchoalveolar lavage genomic classifier for acute cellular rejection.
Weigt, S. S. et al.
EBioMedicine / 2025",Multi-national,Lung,Multi-center,2015,2018,Transplant Recipients (Post-op),181,55.2,44.2,Yes,Prospective Cohort,Random Forest,31-gene bronchoalveolar-lavage cell-pellet genomic ACR Random Forest classifier,NR,NR,NR,Not Reported,Not Reported,150,78,Acute Rejection,0.9,82.1,73.3,87.5,Not Reported,NR,,"CTOT-20 was a prospective observational cohort enrolling adult lung transplant recipients at five North American centres: Duke University, UCLA, University of Toronto, Johns Hopkins, and Cleveland Clinic. Participants were transplanted between December 2015 and August 2018; the consecutively sampled study subset was transplanted from August 2016 to April 2017, with follow-up through July 2021. Funding included National Institute of Allergy and Infectious Diseases awards, with additional Cystic Fibrosis Foundation and Saul and Joyce Brandman Foundation support. Multiple author conflicts were declared, including research grants, consulting, honoraria, advisory roles, and a provisional patent related to allograft injury or rejection.","The primary CTOT-20 analytic cohort contained 181 recipients contributing 806 pre-CLAD BAL-cell-pellet samples that passed RNA quality control. Mean age was 55.2 years and 80 of 181 recipients (44.2%) were female. Race and ethnicity, native lung-disease category, transplant type, Lung Allocation Score, HLA mismatch, induction therapy, and grade 3 primary graft dysfunction were reported. The independent UCLA cohort contained 219 recipients, although external diagnostic validation was performed in 78 samples meeting the clinically significant ACR or stable-control phenotype definitions.","RNA-seq-derived gene-expression features were used to classify clinically significant ACR versus stable controls defined by bronchoscopy, microbiology, donor-specific antibodies, and pathologist-assigned transbronchial-biopsy grades. Logistic regression, Elastic-Net, and Random Forest were evaluated; Random Forest was selected. Ten-fold cross-validation tuned mtry from 1–15 and ntree from 100–5000. Boruta automated all-relevant feature selection reduced 62 differentially expressed genes to a locked 31-gene model. Interpretability was provided through individual gene-importance rankings and biologic pathway analysis. Validation included a held-out internal test set and an independent geographically separate UCLA cohort.","RNA quantity and integrity thresholds were prespecified; 185 of 991 pre-CLAD samples failed quality control, predominantly because of insufficient RNA quantity. Sequencing preprocessing included fastp read cleaning, quality metrics, STAR alignment, FeatureCounts quantification, RPKM calculation, low-expression filtering, and LIMMA-voom differential-expression analysis. No missing-predictor imputation was described. Clinically significant ACR was substantially less frequent than stable control in the model-development sample, but no class weighting, over-sampling, under-sampling, or other imbalance method was reported. The development split contained 150 training and 38 internal-test samples; the independent external validation analysis contained 78 samples. Gene-expression and clinical data were deposited in Mendeley Data, but source code or trained model weights were not reported.","Performance was extracted from the independent UCLA validation cohort for distinguishing clinically significant ACR from stable controls. The 31-gene Random Forest classifier achieved AUC 0.90 (95% CI 0.83–0.96), accuracy 82.1%, sensitivity 73.3%, and specificity 87.5%. PPV, NPV, and F1-score were not reported for the external cohort. The internal held-out test set contained 38 samples and achieved AUC 0.72 (95% CI 0.53–0.88). Formal probability calibration and decision-curve analysis were not reported. As a secondary prognostic finding, late genomic ACR was associated with subsequent CLAD risk.",High Risk,"Although CTOT-20 was prospective and multicenter, the analysis used BAL samples from only 200 consecutively transplanted participants, excluded samples failing RNA quality control, and developed the diagnostic model using only 37 clinically significant ACR and 151 highly selected stable-control samples. This case-versus-stable-control spectrum does not represent the full range of routine post-transplant bronchoscopy findings.",,Low Risk,"BAL-cell-pellet gene expression was measured using a standardized laboratory workflow with prespecified RNA quantity and integrity thresholds, read-quality filtering, reference-genome alignment, and quantitative expression processing. Predictor measurement was performed on the same BAL specimen obtained at the diagnostic assessment and did not depend on subsequent clinical outcomes.",,High Risk,"The reference diagnosis depended primarily on pathologist-assigned transbronchial-biopsy A-grade. The authors note that TBB is limited by sampling error, inadequate or suboptimal specimens, and poor interobserver agreement between expert pathologists. These limitations create substantial risk of reference-standard misclassification.",,High Risk,"Differential-expression screening appears to have identified the 62 candidate genes using the full clinically significant ACR and stable-control dataset before the 80:20 model split, creating potential information leakage. Repeated samples were explicitly treated as independent observations, and random sample-level splitting could place samples from the same recipient in both training and test sets. Additional concerns include only 37 positive samples, no reported class-imbalance handling, and no calibration analysis, despite hyperparameter tuning, Boruta selection, internal testing, and external validation.",,Low Concern,The study directly evaluates a machine-learning genomic classifier for acute cellular rejection in post-transplant lung recipients and compares it with the current biopsy-based diagnostic standard. It is directly applicable to AI and machine-learning applications in thoracic organ transplantation.,,Government/Public,Not Reported,Yes,Yes,NR,NR,Yes,No,Yes,NR,NR,NR,Not Reported,11,0.83,0.96,NR,NR,NR,NR,NR
2026-07-24 19:13:02,llm2,73_White JP et al. - 2026 - Predicting expiration among potential donation after circulatory death donors at 30- and 120-min pos,"Predicting expiration among potential donation after circulatory death donors at 30- and 120-min post extubation.
White, J. P. et al.
J Heart Lung Transplant / 2026",USA,Combined (Heart-Lung),Multi-center,2014,2025,Donors,4464,NR,37.0,Yes,Retrospective Cohort,Gradient Boosting (XGBoost/LightGBM),"Extreme Gradient Boosting (XGBoost), max variable model",Donor metrics,Other,Internal Split (Train/Test),Simple Imputation (Mean/Median),Not Reported,NR,NR,Other,0.89,NR,NR,NR,Yes,Not Applicable / Not Reported,,"Data were collected from three geographically distinct US organ procurement organizations: HonorBridge, Gift of Life Donor Program, and OneLegacy, covering January 2014 through June 2025. The study was supported by the Sam Malik Foundation. The authors included a conflict-of-interest declaration stating that they had no conflicts of interest.","The overall cohort contained 4,464 potential DCD donors for whom withdrawal of life-sustaining therapy was initiated with intent for organ donation. Median age was 46 years rather than a reported mean, and 37% were female. Race was reported, and clinical history included diabetes, hypertension, cause and mechanism of death, neurologic reflexes, ventilatory variables, hemodynamics, laboratory values, and whether a lung offer had been made.","Separate XGBoost models were developed for 30- and 120-minute expiration using a 14-variable max-sample cohort and a 61-variable max-variable cohort. Each dataset was randomly divided 80:20 into training and held-out test sets. Multivariable logistic regression served as the baseline comparator. Predictors contributing less than 5% of the importance of the highest-ranked variable were removed and the model was rerun. Feature-importance analysis and an interactive probability calculator supported interpretation, but a specific hyperparameter-search procedure was not reported.","Variables were required to have at least 85% completeness. Missing numerical values were imputed using medians and categorical values using the mode. The max-variable model used 2,092 donors and 61 predictors; the exact integer training and test counts resulting from the reported 80:20 random split were not stated. Expiration occurred in 59% and 82% of the max-variable cohort at 30 and 120 minutes, respectively, but no class weighting, resampling, or other explicit class-imbalance method was reported. A web application was provided, but source code or model weights were not reported.","Performance was extracted for the best held-out test model: the 61-variable XGBoost model predicting circulatory death within 120 minutes after extubation. It achieved ROC-AUC 0.89 and PR-AUC 0.97; no 95% confidence interval, accuracy, PPV, sensitivity, specificity, NPV, or F1-score was reported. The corresponding 30-minute max-variable test model achieved ROC-AUC 0.76 and PR-AUC 0.80. Calibration curves and Brier scores were reported in supplementary figures, but decision-curve analysis was not reported.",Unclear,"All potential DCD donors with initiated withdrawal of life-sustaining therapy were eligible, and the total cohort was large and multicenter. However, the best-performing max-variable model was restricted to 2,092 donors from only two of the three OPOs to obtain 61 sufficiently complete variables, and the paper does not provide a detailed comparison of included versus unavailable cases for this model.",,High Risk,Predictor collection was not standardized to a fixed time before the organ offer; the authors state that “a standardized datapoint prior to offer could not be defined” and acknowledge that inputs may not reflect exact values at the time of procurement offer. Measurements also varied across OPOs and may have been affected by unmeasured sedative or pharmacologic treatment.,,Low Risk,"The endpoints—circulatory death within 30 and 120 minutes after extubation—were objective, clearly time-defined binary outcomes and were measured after withdrawal of life-sustaining therapy.",,High Risk,"Evaluation used only a random internal 80:20 split, despite data from multiple OPOs, and no prospective, geographic, or temporal external validation was performed. It was not stated whether median/mode imputation and importance-based feature elimination were fitted exclusively within the training set. Exact split counts, confidence intervals, detailed hyperparameter tuning, and threshold-specific classification metrics were not reported.",,Low Concern,"The study directly evaluates machine-learning prediction in potential DCD donors to support heart and lung procurement decisions. The population, donor predictors, and clinically relevant expiration windows are directly applicable to AI research in thoracic organ transplantation.",,Foundation/Non-profit,Not Reported,Yes,Yes,NR,NR,Not Reported,No,Yes,NR,NR,NR,No,16,NR,NR,NR,NR,NR,NR,NR
2026-07-24 19:16:45,llm2,74_Yim WY et al. - 2026 - Bridging machine learning and clinical practice a multicentre nomogram for 90-day graft failure ris,"Bridging machine learning and clinical practice: a multicentre nomogram for 90-day graft failure risk stratification in heart transplantation.
Yim, W. Y. et al.
Open Heart / 2026",Multi-national,Heart,National Registry,2008,2024,Transplant Recipients (Post-op),25763,NR,NR,Yes,Retrospective Cohort,Gradient Boosting (XGBoost/LightGBM),Gradient Boosting (XGBoost/LightGBM),Tabular (EMR/Clinical data),NR,NR,Complete Case Analysis (Excluded),Not Reported,17640,563,Other,0.671,NR,NR,NR,Yes,NR,,"The primary derivation cohort came from the US UNOS/OPTN registry between 2008 and 2020, and geographic external validation was performed at Wuhan Union Hospital in China. The main Results section reports the WHUH period as 2015–2024, although the abstract reports 2018–2023 and Figure 1 reports 2015–2020; 2024 was retained as the latest explicitly stated year. Funding was provided by the National Natural Science Foundation of China and the Hubei Provincial Natural Science Foundation. The paper states, “Competing interests None declared.”","After inclusion, exclusion, and preprocessing, 25,200 UNOS recipients and 563 WHUH recipients were analysed, for a total of 25,763. Age was reported as median and IQR by outcome or risk group rather than as an overall mean, and an overall female percentage was not explicitly reported. Race mismatch was reported, and the candidate variables included donor and recipient age, sex, BMI, medical history, diagnosis, previous cardiac surgery, HLA mismatch, bilirubin, renal markers, mechanical support, donor medication use, centre volume, and cold ischaemia time.",Gradient Boosting (XGBoost/LightGBM),"Figure 1 lists missing baseline variables among the exclusions, supporting complete-case analysis, although detailed missing-data procedures were deferred to the online supplement. The main article states that missing-data handling and normalisation were performed but does not describe the exact normalisation method. The UNOS cohort was split 70:30, corresponding to 17,640 training and 7,560 internal test recipients; the final nomogram was additionally evaluated in 563 external-validation recipients. Graft failure occurred in 1,444 of 25,200 UNOS recipients, but no class weighting, resampling, or other explicit imbalance method was reported. Source code and trained model weights were not reported.","The target outcome was graft failure within 90 days after heart transplantation; the exact operational definition was deferred to the online supplemental methods and was not stated in the main article. Performance was extracted for the final eight-variable nomogram in the independent WHUH external-validation cohort: AUC 0.671 (95% CI 0.6025–0.7386). Accuracy, PPV, sensitivity, specificity, NPV, and F1-score were not reported. Calibration was assessed and the nomogram had a reported Brier score of 0.0472 in development. DCA in the external cohort showed net benefit over treat-all and treat-none strategies across risk thresholds from 0.0 to 0.4.",High Risk,"The initial UNOS cohort contained 32,754 recipients, but only 25,200 remained after exclusions that included missing baseline variables. The article does not report a comparison of included and excluded recipients, so complete-case selection of approximately 23% of the original registry cohort may have introduced selection bias. The WHUH cohort was also a single-centre convenience validation sample.",,Low Risk,"The final model intentionally used eight routinely available pretransplant donor, recipient, and procedural variables. The authors state that the predictors were available “at the time of donor acceptance,” reducing risk of temporal leakage from postoperative information.",,Unclear,"The outcome was consistently described as 90-day graft failure, but its exact operational definition and ascertainment procedure were not provided in the main article and were deferred to online supplemental methods. It is therefore unclear whether outcome definitions were fully harmonised between UNOS and WHUH.",,Unclear,"Strengths included a large development cohort, five-fold hyperparameter optimisation, an internal split, geographic external validation, AUC confidence intervals, calibration assessment, and DCA. However, detailed missing-data and preprocessing procedures were not reported in the main article, class imbalance was not explicitly addressed, and Figure 1 appears to use the internal test set for “best model selection.” The exact fitting dataset for the final nomogram was also not clearly stated.",,Low Concern,The study directly evaluates an explainable machine-learning-informed prediction tool for early graft failure in adult heart transplant recipients using donor-recipient variables available before transplantation. It is directly applicable to AI and machine-learning research in thoracic organ transplantation.,,Government/Public,Not Reported,Yes,Yes,NR,NR,Yes,No,Yes,NR,NR,NR,Yes,26,0.6025,0.7386,NR,NR,NR,NR,NR
2026-07-24 19:18:34,llm2,75_Zadeh et al. - 2025 - Predictive analytics for de novo malignancies after lung transplantation,"Predictive analytics for de novo malignancies after lung transplantation
Zadeh, A. et al.
Intelligent Decision Technologies / 2025",USA,Lung,National Registry,1984,2021,Transplant Recipients (Post-op),30917,NR,43.0,Yes,Retrospective Cohort,Gradient Boosting (XGBoost/LightGBM),Gradient Boosting (XGBoost/LightGBM),Tabular (EMR/Clinical data),Other,Internal Split (Train/Test),Other,Not Reported,NR,NR,Other,0.746,69.0,73.1,64.9,Not Reported,NR,,"The study used the Standard Transplant Analysis and Research (STAR) data sources overseen by UNOS/OPTN and containing US transplantation records. The authors state that lung transplant recipient records from 1984 to 2021 were used, although the Methods also describe the STAR source as covering US transplants since 1987. The paper states that the authors received no financial support for the research and declared no potential conflicts of interest.","The investigators identified 66,590 lung transplant records, excluded recipients with a documented pretransplant malignancy, leaving 38,788, and then excluded those lost to follow-up, producing a final cohort of 30,917 recipients. Twenty-five percent developed a post-transplant malignancy. Figure 2 reports 43% female and presents ethnicity and age distributions, but an overall mean age was not reported. The registry variables included demographics, HLA/PRA, serology, donor characteristics, laboratory values, transplantation details, hospital course, rejection, survival, and other complications.",Gradient Boosting (XGBoost/LightGBM),"Variables with more than 30% missing data were removed during expert preprocessing, but the handling of residual missing values was not described; this was therefore classified as Other rather than imputation. Class imbalance was explicitly addressed by oversampling and replicating minority-class observations. Data cleaning, consolidation, variable filtering, and transformation were described, and SAS Enterprise Miner was used. The paper states a 70:30 split but does not report exact integer training and test counts. Source code and trained model weights were not reported.","The target was occurrence of de novo malignant cancer after lung transplantation among recipients with no prior malignancy. In the held-out test set, Gradient Boosting achieved AUC 0.746, accuracy 0.690, sensitivity 0.731, specificity 0.649, and precision 0.676. No AUC confidence interval, NPV, or F1-score was reported. The study did not report formal calibration assessment or decision-curve analysis.",High Risk,"Of 66,590 lung transplant records, only 30,917 remained after excluding recipients with prior malignancy and all individuals lost to follow-up. Exclusion of approximately 7,871 recipients after the no-prior-malignancy cohort was formed was not accompanied by a comparison of included and excluded patients, creating risk of informative selection.",,High Risk,"The model combined pretransplant, perioperative, and post-transplant variables, including hospital length of stay and treatment for rejection within 1 year. The intended prediction time was not defined, so predictors may have occurred during the same follow-up period in which malignancy developed, creating temporal leakage and limiting prospective use.",,High Risk,"De novo malignancy was identified from a malignancy follow-up data source, but no fixed prediction horizon, minimum follow-up duration, standardized malignancy definition, or time-to-event/censoring method was reported. Treating variable-duration follow-up as a binary classification outcome can misclassify recipients with insufficient observation time.",,High Risk,"The study used only a random internal split and no external or temporal validation. It is unclear whether expert variable filtering, correlation screening, and oversampling were performed exclusively within the training data. The paper also reports both a 70:30 dataset split and Gradient Boosting trained on 60% of observations without fully reconciling these procedures. Confidence intervals and calibration were not reported, and post-transplant predictors introduce substantial leakage risk.",,Low Concern,"The study directly evaluates machine-learning models for predicting a clinically relevant complication in post-transplant lung recipients using a national thoracic-transplant registry. It is directly applicable to AI research in thoracic organ transplantation, although the unspecified prediction time limits clinical implementation.",,NR,Not Reported,Yes,Yes,NR,NR,Yes,NR,Yes,67.6,NR,NR,Not Reported,19,NR,NR,NR,NR,NR,NR,NR
2026-07-24 19:26:20,llm2,77_Zhu Y et al. - 2026 - Construction and validation of a machine learning-based prediction model for venous thromboembolism,"Construction and validation of a machine learning-based prediction model for venous thromboembolism in lung transplant recipients supported by ECMO.
Zhu, Y. et al.
Front Med (Lausanne) / 2026",Asia,Lung,Single Center,2023,2024,Transplant Recipients (Post-op),189,NR,19.58,Yes,Retrospective Cohort,Random Forest,Random Forest,Tabular (EMR/Clinical data),NR,NR,Complete Case Analysis (Excluded),Not Reported,NR,NR,Adverse Events/Complications,0.895,89.7,89.7,89.5,Yes,Not Applicable / Not Reported,,"The study used electronic medical records from the Second Affiliated Hospital of Zhejiang University School of Medicine, China. The internal cohort covered May 2023–May 2024 and the temporal validation cohort covered June–November 2024. Funding was provided by the Health Commission of Zhejiang Province, China (No. 2025KY865). The authors declared no commercial or financial conflicts of interest.","The cohort included 189 elective lung transplant recipients receiving postoperative ECMO, comprising 117 patients with postoperative DVT and 72 without DVT. Age was reported only in categories of ≤60 and >60 years, so an overall mean was unavailable. There were 37 women (19.58%). Clinical variables included diagnosis, hypertension, diabetes, prior tumour, coronary disease, prior thrombosis, respiratory support, BMI, anticoagulant use, laboratory values, respiratory failure, and pulmonary-function measures.",Random Forest,"Patients with incomplete case data were excluded, variables with more than 10% missingness were removed, and the remaining variables contained no missing values; no imputation was performed. Categorical variables were one-hot encoded. SMOTE oversampling was applied to the minority class in the training dataset. The article and Figure 1 refer to a 70:30 training-validation division, while the Methods describe calendar-based internal and temporal cohorts; exact integer split counts were not reported. Source code and trained model weights were not reported.","The target outcome was postoperative venous thrombosis, operationally assessed as lower-extremity DVT using serial colour Doppler ultrasonography. In the temporal validation set, the Random Forest model achieved AUC 0.895 (95% CI 0.788–1.000), accuracy 0.897, sensitivity 0.897, specificity 0.895, PPV 0.946, NPV 0.810, and F1-score 0.921. The abstract writes “PPV 0.946%,” but Table 3 reports 0.946, corresponding to 94.6%. Calibration curves were presented, and DCA indicated net clinical benefit over relevant threshold probabilities.",High Risk,"Inclusion required postoperative ECMO support and bilateral lower-limb Doppler examination before discharge, while patients with incomplete records, coagulation disorders, or severe ECMO contraindications were excluded. The study does not report consecutive recruitment or the number screened and excluded, creating substantial potential for selective inclusion in this small single-center cohort.",,High Risk,"Candidate predictors included postoperative laboratory results, respiratory failure, and anticoagulant administration. The model’s intended prediction time was not fixed, and anticoagulant therapy may be initiated because clinicians already perceive thrombosis risk or after evolving thrombotic findings, creating treatment-confounding and temporal-leakage risk.",,Unclear,"DVT ascertainment was rigorous, using bedside colour Doppler within 48 hours, repeat examinations when symptoms or D-dimer increased, and specialist confirmation. However, the paper labels the outcome as VTE while providing diagnostic criteria only for lower-extremity DVT and no explicit pulmonary-embolism definition, leaving the precise outcome construct unclear.",,High Risk,"The study included only 189 patients, and the RF AUC fell from 0.990 in training to 0.895 in validation, which the authors acknowledge as mild overfitting. It is not clearly stated that RFE was nested within training folds, the reported 70:30 split conflicts with the calendar-defined temporal cohorts, exact split counts are absent, and no geographically independent validation was performed. These limitations create substantial optimism and reproducibility concerns despite grid search, cross-validation, SMOTE, calibration, and DCA.",,Low Concern,The study directly evaluates an interpretable machine-learning model for a clinically important postoperative complication in ECMO-supported lung transplant recipients and is directly applicable to AI research in thoracic organ transplantation.,,Government/Public,Not Reported,No,Yes,NR,NR,Yes,NR,Yes,94.6,81.0,0.921,Yes,9,0.788,1.0,NR,NR,NR,NR,NR
2026-07-24 19:26:43,llm2,76_Zhou X et al. - 2026 - Predicting heart transplant outcomes using explainable artificial intelligence a multicenter study,76_Zhou X et al. - 2026 - Predicting heart transplant outcomes using explainable artificial intelligence a multicenter study.pdf,Multi-national,Heart,International Registry,1994,2024,Transplant Recipients (Post-op),85948,NR,NR,Yes,Retrospective Cohort,"Artificial Neural Networks (ANN, MLP, NN)",Generalizable Interpretable Neural Network (GINN),Tabular (EMR/Clinical data),NR,NR,Simple Imputation (Mean/Median),Not Reported,45927,15200,1-year survival,0.827,80.0,80.0,NR,Yes,NR,,"The primary dataset was the US UNOS registry from 1994–2024. Geographic external validation used Eurotransplant, Scandiatransplant, and a 14-patient Chinese cohort from Jiangxi Provincial People’s Hospital; the abstract reports Scandiatransplant data from 1997–2018, while study periods for Eurotransplant and External-CN were not explicitly stated. The authors declared that no financial support was received and that no commercial or financial conflicts of interest existed.","The analytic cohorts comprised 81,327 eligible UNOS recipients, 3,061 Eurotransplant recipients, 1,546 Scandiatransplant recipients, and 14 External-CN recipients, totalling 85,948. The UNOS cohort was divided into derivation (n=45,927), temporal test (n=20,200), and out-of-time validation (n=15,200) cohorts. Age and female sex were reported separately by UNOS era rather than as pooled overall values. Race and extensive donor-recipient clinical characteristics were reported, including diagnoses, prior surgery and transplantation, mechanical support, dialysis, donor hypertension and diabetes, creatinine, and ischemic time.","GINN used an additive Risk Response Network in which each of nine structured clinical variables was processed by a separate lightweight MLP and combined into a mortality-risk logit. The nine inputs were specified a priori from clinical relevance and established heart-transplant risk models; an embedded Lasso-style regularizer promoted sparsity but was not used as preliminary feature screening. Comparators included IMPACT, IHTSA, recalibrated IHTSA, and EBM. Interpretability was intrinsic through feature-specific partial-response curves and additive patient-level risk contributions. Temporal UNOS evaluation and geographic validation in Eurotransplant, Scandiatransplant, and External-CN were performed, but no explicit hyperparameter-search or tuning procedure was reported.","Continuous variables were median-imputed, categorical variables were mode-imputed, and numerical variables were standardized using z-score normalization. Variable coding was harmonized across centers, and SMOTE was applied to the minority mortality class in the training set. The derivation cohort contained 45,927 recipients, an intermediate temporal test cohort contained 20,200, and the primary out-of-time validation cohort contained 15,200. The pipeline was implemented in Python/PyTorch using a fixed random seed. Data access procedures were described, but source code and trained model weights were not reported.","Performance was extracted for GINN in the 15,200-recipient out-of-time UNOS validation cohort: AUROC 0.827 (95% CI 0.821–0.833), accuracy 0.80, reported precision 0.82, recall 0.80, and F1-score 0.81. Specificity and NPV were not explicitly reported. Calibration was assessed using calibration plots, slope, calibration-in-the-large, Brier score, and expected-to-observed ratio; Table 4 reports slope 1.02, CITL 0.02, Brier score 0.115, and E/O 1.01. DCA was not reported. The reported precision of 0.82 is not reconcilable with the death-class PPV implied by the displayed confusion matrix, and external-cohort AUROCs differ between the narrative/Figure 6 and Table 4.",Unclear,"The study used large national and international registries with prespecified temporal cohorts, but 63,136 of 144,979 UNOS records were excluded for recipient age below 18 years or donor age below 15 years, and 512 were excluded for follow-up below 1 year. Selection procedures and participant flow were not described for the Eurotransplant and Scandiatransplant cohorts, and External-CN contained only 14 patients.",,Low Risk,"The nine predictors were specified a priori and consisted of donor, recipient, and perioperative variables available by the time of transplantation: recipient age, donor age, donor creatinine, preoperative ECMO, ventilator and inotropic support, NICM diagnosis, ischemic time, and donor hypertension. Measurement and encoding were harmonized across datasets, and no postoperative outcome-derived predictor was included.",,Low Risk,"The outcome was one-year mortality after heart transplantation, an objective binary endpoint with a clearly specified time horizon. Registry follow-up was used, although the detailed method of death ascertainment was not described.",,High Risk,"Temporal and geographic validation, SMOTE restricted to training data, confidence intervals, calibration analysis, and ablation studies were strengths. However, hyperparameter tuning was not described, code was unavailable, and major internal inconsistencies reduce confidence: Eurotransplant, Scandiatransplant, and External-CN AUROCs differ between the main text/Figure 6 and Table 4; Figure 3 describes a 144,979-patient validation cohort despite only 81,327 eligible UNOS cases; and the reported precision is inconsistent with the displayed confusion matrix. These discrepancies make the performance estimates difficult to verify.",,Low Concern,The study directly evaluates an interpretable neural-network model for predicting one-year mortality after heart transplantation using donor-recipient clinical data and multiple international transplant registries. It is directly applicable to AI prediction research in thoracic organ transplantation.,,None,Not Reported,Yes,Yes,NR,NR,Not Reported,NR,Yes,82.0,NR,0.81,No,7,0.821,0.833,NR,NR,NR,NR,NR
2026-07-27 13:41:10,llm-reviewer,01_Adedinsewo et al. - 2023 - Non-invasive detection of cardiac allograft rejection among heart transplant recipients using an ele,"Non-invasive detection of cardiac allograft rejection among heart transplant recipients using an electrocardiogram based deep learning model
Adedinsewo, D. et al.
Eur Heart J Digit Health / 2023",USA,Heart,Multi-center,1988,2021,Transplant Recipients (Post-op),1427,NR,28.9,Yes,Retrospective Cohort,Convolutional Neural Network (CNN),AI-ECG deep-learning model,Waveforms/Signals (ECG),Other,Internal Split (Train/Test),Not Reported,No,6074,758,Acute Rejection,0.84,NR,95,52.6,No,Other Registry,,"The study included heart transplant recipients “at three Mayo Clinic US sites” and retrospectively identified patients “between January 1988 and April 2021.” The paper states support from NIH in the article end matter and includes an explicit disclosures/conflict statement section, so COI declaration was present. The data source was three Mayo Clinic sites rather than a registry.","The final retrospective study sample was “1427 unique heart transplant recipients and 7590 unique ECG-biopsy pairs.” Table 1 reports median age at last biopsy 58.3 years and female sex 28.9%, so mean age was not reported. Race/ethnicity and post-transplant comorbid conditions such as hypertension, diabetes, peripheral vascular disease, cerebrovascular disease, cancer, and connective tissue disease were reported in Table 1.","The paper says it “initially conducted a retrospective cohort study,” then a prospective proof-of-concept study after model development. The model was “a convolutional neural-network model” using the “12-lead ECG signal as input.” The retrospective data were split into training/validation/test sets. Figure 2 describes the architecture, and the paper states the best model was chosen after “a randomized hyperparameter search over optimizer, learning rates, class weights, batch size, and regularization.” The comparator was not a single clinical rule or human reader; the paper compares against standard ECG variables alone, which had inferior AUC 0.579.","Missing-data handling was not described for model inputs. Class imbalance was addressed at least in part because the hyperparameter search included “class weights.” Preprocessing was described: ECGs were digital 12-lead recordings at 500 Hz, and the model input was a “12 by 5000 array,” with random noise and translation layers. The paper does not report code release. The training and test sets contained “6074/758 unique ECG-biopsy pairs,” respectively.","Allograft rejection was defined as “moderate or severe acute cellular rejection (ACR).” On the held-out test set, the AI-ECG achieved “AUC of 0.84 (95% CI: 0.78–0.90),” sensitivity 95%, specificity 52.6%, PPV 5.1%, and NPV 99.7% using threshold 0.4. The prospective proof-of-concept study showed AUC 0.78 and sensitivity 100%, but the prompt asks for held-out test/validation-set metrics, so the primary extracted model performance is from the retrospective test set. Figure 3 shows the ROC curve, and Figure 4 shows subgroup AUC performance; performance was better within 7 days of biopsy (0.87) than >7 days (0.77). Calibration and DCA were not reported.",High Risk,,,Low Risk,,,Low Risk,,,Unclear,,,Low Concern,,,Government/Public,Yes (Declared COI),Yes,Yes,No,None/All features,Yes,"Yes (e.g., SMOTE, weighted loss)",Yes,5.1,99.7,NR,No,60,NR,NR,NR,NR,NR,NR,NR
2026-07-27 13:41:10,llm-reviewer,02_Agasthi et al. - 2020 - Machine learning helps predict long-term mortality and graft failure in patients undergoing heart tr,"Machine learning helps predict long-term mortality and graft failure in patients undergoing heart transplant
Agasthi, P. et al.
Gen Thorac Cardiovasc Surg / 2020",Multi-national,Heart,International Registry,2005,2009,Transplant Recipients (Post-op),15236,NR,NR,Yes,Retrospective Cohort,Gradient Boosting (XGBoost/LightGBM),Gradient-boosted machine (GBM),"Tabular (EMR/Clinical data), Donor metrics",None,Internal Split (Train/Test),Complete Case Analysis (Excluded),No,12189,3047,5-year survival,0.717,NR,NR,NR,No,ISHLT Registry,,"The data source was the “ISHLT Registry,” described as including “223 centers in 18 countries,” making this an international registry study. The modeling cohort was restricted to OHTs “outside the window 2005–2009” being excluded, and the paper states, “Funding No funding was available” and “The authors have no conflict of interest to declare.”","The final study population included “15,236 OHT patients.” The article states continuous variables were summarized by mean/SD and categorical variables by count/percent, but the retrieved article text does not report an overall cohort table with mean age or female percentage in the main paper. Clinical history and transplant variables were included among the 342 initial variables and 87 modeled variables, including functional status, inotrope use, creatinine, bilirubin, graft function at discharge, and immunosuppressive therapy.","The paper describes a retrospective registry cohort and states that endpoints were evaluated “using the gradient-boosted machine (GBM) algorithm.” The dataset was split into “training cohort” 80% and “validation cohort” 20%, with “tenfold cross-validation repeated 5 times” used within training to tune hyperparameters. Feature selection was automated by removing variables with >50% missingness and near-zero variance, with recoding of sparse categories, resulting in 87 variables for modeling. No explicit clinical-rule comparator was tested in the main analysis.","Missingness was handled primarily by excluding variables with more than 50% missingness and filtering out patients missing survival/graft-failure time; blank categorical categories were recoded to “No” or equivalent, but no imputation was reported. Preprocessing steps were described, including exclusion filters, recoding, and near-zero-variance removal. The 80/20 split implies approximately 12,189 training and 3,047 validation/holdout patients from 15,236 total. The paper does not report code availability, and no class imbalance method was described.","The two primary endpoints were “all cause mortality and graft failure at 5 years after OHT.” Figure 1 and the Results report AUC 0.717 (95% CI 0.696–0.737) for 5-year mortality and 0.716 (95% CI 0.696–0.736) for graft failure. The user asked for tables and figures, and Figure 2 shows subgroup ROC analyses: graft-failure prediction was significantly better when recipient age was >60 years, and mortality prediction trended better when ischemic time was >4 hours. Although the methods say sensitivity, specificity, PPV, and NPV were provided, these numerical values were not present in the retrieved main-article text, so they are NR. Calibration and DCA were not reported.",Low Risk,,,High Risk,,,Low Risk,,,High Risk,,,Low Concern,,,None,Yes (Declared COI),No,Yes,No,"Automated (e.g., LASSO, Stepwise)",Yes,No,Yes,NR,NR,NR,No,60,NR,NR,NR,NR,NR,NR,NR
2026-07-27 13:41:10,llm-reviewer,03_Ahady Dolatsara-2020-A two-stage machine learn,"A two-stage machine learning framework to predict heart transplantation survival probabilities over time with a monotonic probability constraint
Ahady Dolatsara, Hamidreza et al.
Decision Support Systems / 2020",USA,Heart,National Registry,1987,2016,Transplant Recipients (Post-op),103570,NR,NR,Yes,Retrospective Cohort,Other,Two-stage framework with Stage I ML models and Stage II isotonic regression; selected implementation reported in main results: UP-LASSO-logistic regression,"Tabular (EMR/Clinical data), Donor metrics",None,Internal Split (Train/Test),Other,Other,NR,NR,Other,0.702,62.7,75.2,53.3,Yes,Other Registry,,"The paper states, “Our UNOS dataset covered 103,570 heart transplant events up to and including September 30, 2016,” and the registry/process described are explicitly U.S.-based through UNOS. Funding was supported “in part by the Ohio Supercomputer Center” and the “National Science Foundation,” and the paper declares “Declaration of Competing Interest None.”","The main article reports a UNOS dataset of “103,570 heart transplant events,” but because censoring was applied separately at each time point, the effective sample size varies by prediction horizon. The paper does not report an overall mean age, female proportion, or race/ethnicity summary in the retrieved main-text tables/figures. Clinical history and transplant factors were included among the 494 variables and engineered features used for modeling.","Stage I examined seven algorithms: “LR, LDA, ANN, CART, SVM, RF and XGB,” along with variable selection methods including “fast feature selection, LASSO, and random forests,” and the paper reports holdout performance for the “UP-LASSO-logistic regression implementation.” Stage II applied isotonic regression to calibrate survival probabilities over month 1 and years 1–10 so they are monotonically decreasing. Figure 3 summarizes this workflow. The framework used internal training/holdout evaluation plus 5-fold cross-validation for model selection.","Missing data were handled through a structured cleaning strategy rather than a single standard method: variables with high missingness were removed, and the authors compared models with no imputation versus median/mode imputation; categorical missingness could also be imputed as “unknown.” Class imbalance was explicitly addressed with several subsampling methods: “none, DOWN, UP, SMOTE and ROSE.” Data preprocessing was described in detail, including removal of intra/post-transplant variables, censoring rules, engineered features, regrouping categorical levels, and encoding choices. Code availability was stronger than a simple yes/no because the paper states that “our code, analysis and results are detailed in an R Markdown document” and also provides a public web app; however, algorithm weights were not reported. Exact training/test N for the selected final model at each time point were not provided in the retrieved text.","The target outcome was multi-period post-transplant survival probability at month 1 and years 1–10 rather than a single fixed endpoint. Table 4 reports holdout performance for the selected UP-LASSO-logistic regression model: AUC rose from 0.608 at month 1 to 0.702 at year 10; year-10 accuracy was 0.627, sensitivity 0.752, and specificity 0.533. Figure 7 presents observed-versus-forecast survival probabilities after isotonic regression, so calibration was reported graphically. Table 5 shows isotonic regression slightly improved AUC at all time points. No PPV, NPV, F1-score, or DCA were reported. Since the prompt asks for the test/validation set, I used the holdout results from Table 4; the single numeric AUC field here is the year-10 holdout AUC of 0.702, while the article reports a range across time points.",Low Risk,,,Low Risk,,,Low Risk,,,Unclear,,,Low Concern,,,Government/Public,Yes (Declared COI),No,Yes,No,"Automated (e.g., LASSO, Stepwise)",Yes,"Yes (e.g., SMOTE, weighted loss)",Yes,NR,NR,NR,No,60,NR,NR,NR,NR,NR,NR,NR
2026-07-27 13:41:10,llm-reviewer,04_Ayers et al. - 2021 - Using machine learning to improve survival prediction after heart transplantation,"Using machine learning to improve survival prediction after heart transplantation
Ayers, B. et al.
J Card Surg / 2021",USA,Heart,National Registry,2000,2019,Transplant Recipients (Post-op),33657,52.8,25,Yes,Retrospective Cohort,Ensemble,"Final ensemble ML model combining deep neural network, logistic regression, AdaBoost, and random forest","Tabular (EMR/Clinical data), Donor metrics","Linear Risk Score (e.g., LAS, EuroSCORE)",Internal Split (Train/Test),Simple Imputation (Mean/Median),No,26926,6731,1-year survival,0.764,NR,NR,NR,Yes,Other Registry,,"The study used the “United Network for Organ Sharing (UNOS) registry” and included adult patients undergoing OHT “between 2000 and 2019.” A disclosures section was present, listing industry relationships for several authors, so COI was declared. I did not identify a funding statement in the retrieved article text, so funding is marked Not Reported.","The study included “33,657 OHT patients,” and “the majority of study participants were male (75%) with an average age of 52.8 ± 12.4 years,” implying female sex 25%. Table 1 reports race as White 70% and includes multiple clinical-history/support variables such as prior cardiac surgery, dialysis, ventilator, ICU, inotropes, ECMO, IABP, LVAD/RVAD/TAH, bilirubin, creatinine, and waitlist time.","The paper describes a “retrospective study” using UNOS data with patients split into training (80%) and validation (20%) sets. The final model was an ensemble of four algorithm classes: deep neural network, logistic regression, AdaBoost, and random forest, built from 400 total models. Inputs were preoperative donor and recipient registry variables. The main explicit comparator in reported results was a “singular logistic regression,” which best fits the review option of a linear risk-score comparator rather than human expert/guideline. Feature selection combined clinician review and random-forest importance, producing 47 final variables. The paper does not describe SHAP/LIME-style explainability or an explicit hyperparameter-tuning process.","Missing continuous data were imputed with the median and categorical data with the mode. Class imbalance was addressed using “over-sampling (SVM Smote) and under-sampling (Repeated Edited Nearest Neighbors).” Preprocessing was clearly described, including exclusion of non-preoperative variables, clinician review, grouping sparse categories, one-hot encoding, and standardization of continuous variables. The paper states models were trained in Python using Keras/Tensorflow but does not provide code release, so code availability is No. Table 1 gives training n=26,926 and validation n=6,731.","The primary outcome was “1-year post-transplant survival,” with 1-year mortality 11% (n=3738). In the validation cohort, AUROCs were 0.649 for logistic regression, 0.691 for random forest, 0.691 for deep neural network, 0.653 for AdaBoost, and 0.764 for the final ensemble ML model. The ensemble improved predictive performance by 72.9% ± 3.8% by NRI and had better DCA across the full risk spectrum. Calibration was evaluated visually by plotting predicted versus observed risk by decile. The paper did not report accuracy, PPV, sensitivity, specificity, NPV, or F1-score numerically in the retrieved text.",Low Risk,,,Low Risk,,,Low Risk,,,Unclear,,,Low Concern,,,Not Reported,Yes (Declared COI),Yes,Yes,No,"Automated (e.g., LASSO, Stepwise)",No,"Yes (e.g., SMOTE, weighted loss)",Yes,NR,NR,NR,Yes,60,NR,NR,NR,NR,NR,NR,NR
2026-07-27 13:41:10,llm-reviewer,05_Barbosa et al. - 2018 - Machine Learning Algorithms Utilizing Quantitative CT Features May Predict Eventual Onset of Bronchi,"Machine Learning Algorithms Utilizing Quantitative CT Features May Predict Eventual Onset of Bronchiolitis Obliterans Syndrome After Lung Transplantation
Barbosa, E. J. M. et al.
Acad Radiol / 2018",USA,Lung,Single Center,NR,NR,Transplant Recipients (Post-op),71,57,25.4,Yes,Retrospective Cohort,Support Vector Machine (SVM),Support vector machine with radial basis function kernel,Imaging (CT/CXR/Echo),Other,Other,Complete Case Analysis (Excluded),No,NR,NR,Chronic Lung Allograft Dysfunction (CLAD incl. BOS),NR,85,NR,NR,No,Not Applicable / Not Reported,,"The patient cohort came from a local IRB-approved retrospective study and the lead academic clinical site was the University of Pennsylvania; the article states that data were selected retrospectively and transferred “to an outside facility for computational imaging analysis,” which supports a single-center clinical source with external image processing. I did not identify an explicit funding or COI statement in the retrieved article text. Calendar study years were not reported; only follow-up intervals after transplant were provided.","Table 1 states there were 71 subjects total, with 41 BOS and 30 non-BOS, and the text reports 53 men and 18 women with mean age 57 years. Female sex is therefore 18/71 = 25.4%. Race/ethnicity was not reported. Clinical background was reported through pretransplant diagnoses including idiopathic pulmonary fibrosis, COPD, cystic fibrosis, alpha-1-antitrypsin deficiency, and other.","The article explicitly says the scans were analyzed retrospectively and that “supervised ML with support vector machines (SVMs) was used.” The model used significant qCT features derived from Student t tests, and a “radial basis functional kernel with default tuning parameters was used.” Inputs were qCT/FRI imaging features from paired inspiratory-expiratory CT scans. The main comparator was not another clinical model but rather baseline clinical/PFT variables, which the paper states could not significantly distinguish BOS from non-BOS at baseline. Validation used repeated random train-test partitions (90/10 for 1D and 2D, 80/20 for 3D), so “Other” is the most exact category.","For the baseline prediction cohort, “patients with missing values for certain regional parameters… were not included,” which is best classified as complete case analysis. Class imbalance handling such as weighting, oversampling, or SMOTE was not reported. Data preprocessing was described extensively: CT segmentation, central/distal airway definitions, lung/lobar volume extraction, and computational fluid dynamics-based resistance calculation. The paper reports train-test ratios, but because the absolute sample counts vary across repeated random partitions and dimensions, exact training and test N are NR. Code availability was not reported.","The clinical outcome was eventual BOS after lung transplant, which is the obstructive phenotype of chronic lung allograft dysfunction, so the closest restricted category is CLAD. Table 5 reports the best 3-feature SVM classification accuracy as 85%, using RML lobe volume at TLC, RUL airway resistance at FRC, and central airway surface at FRC. One-feature accuracy reached 76%, and the best two-feature model reached 83%. The paper did not report AUC, sensitivity, specificity, PPV, NPV, F1-score, calibration, or DCA. Figure 7 summarized significant baseline qCT predictors, and Figure 8 showed that baseline FEV1 and FEV1 percent predicted were not significant predictors of future BOS.",High Risk,,,Low Risk,,,Low Risk,,,High Risk,,,Low Concern,,,Not Reported,Not Reported,No,Yes,No,"Automated (e.g., LASSO, Stepwise)",No,No,Yes,NR,NR,NR,No,60,NR,NR,NR,NR,NR,NR,NR
2026-07-27 13:41:10,llm-reviewer,06_Brahmbhatt-2022-The lung allocation score and,"The lung allocation score and other available models lack predictive accuracy for post-lung transplant survival
Brahmbhatt, J. M. et al.
J Heart Lung Transplant / 2022",USA,Lung,National Registry,2005,2017,Transplant Recipients (Post-op),19900,55.3,NR,Yes,Retrospective Cohort,Random Forest,"LASSO and Random Forests; compared with LAS, Chan et al. model, and a clinician model","Tabular (EMR/Clinical data), Donor metrics","Linear Risk Score (e.g., LAS, EuroSCORE)",Internal Split (Train/Test),Simple Imputation (Mean/Median),No,16915,2985,Other,NR,NR,NR,NR,Yes,Other Registry,,"The study used the “United Network for Organ Sharing database (2005-2017)” and included adults receiving their first lung transplant between “May 1, 2005, and May 1, 2017.” The registry is a U.S. national dataset. I did not identify an explicit funding statement or COI disclosure in the retrieved text, so both are marked Not Reported.","The cohort included “19,900 adults who received their first LTx between May 1, 2005, and May 1, 2017.” Table 1 reports age means of 55.1 and 56.5 years in the two 1-year outcome groups; the weighted overall mean is about 55.3 years. Female sex is reported separately by outcome group (41% vs 37%) rather than as one overall cohort percentage in the retrieved text, so I marked the single overall female percentage as NR rather than infer it. Table 1 also reports race and multiple clinical variables, including diabetes, dialysis, steroid use, mechanical ventilation, BMI, GFR, bilirubin, creatinine, oxygen requirement, pulmonary arterial pressure, and diagnosis.","This was a retrospective cohort study comparing five models: LAS, Chan et al., a clinician logistic model with 27 a priori covariates, LASSO, and Random Forests. Because the paper centers on evaluating machine-learning approaches alongside existing risk scores, the primary ML component is Yes. The machine-learning architectures explicitly reported were LASSO and Random Forests. Inputs were pre-transplant recipient covariates from UNOS, with donor covariates added in secondary analyses. The main comparators were LAS and Chan’s risk score, both best categorized here as linear risk-score comparators. The validation approach used an 85% development set and 15% validation set. No SHAP/LIME-type interpretability or hyperparameter-tuning details were reported in the retrieved text.","The paper states that “for binary and categorical variables, patients with missing measurements were grouped into their own category” and “missing measurements for continuous variables were estimated using mean imputation,” so this is best classified as simple imputation. I found no mention of resampling, weighting, or other imbalance handling. Preprocessing/model-building details were described, including a priori variable selection for the clinician model and alternative ML approaches. Code availability was not reported. The development/validation split was 85%/15%, which corresponds to approximately 16,915 training and 2,985 validation patients from 19,900 total.","The modeled outcome was “death or re-transplant within the indicated timeframe,” primarily at 1 year and secondarily at 3 years, so the closest allowed label is Other. Figure 1 and the Results state that all 1-year models had low AUCs ranging from 0.55 to 0.62. The paper also states that all models had NPV 0.87-0.90 and PPV <0.25, but the retrieved text does not provide model-specific numeric PPV/NPV/sensitivity/specificity values for a single chosen model, so I leave those fields NR rather than guess. Calibration was clearly reported through calibration slopes and Figures 2, 4, and 5. DCA was not reported. The LAS post-transplant survival measure had calibration slope 0.38 (95% CI 0.03-0.73), indicating overestimation of mortality risk.",Low Risk,,,Low Risk,,,Low Risk,,,Unclear,,,Low Concern,,,Not Reported,Not Reported,Yes,Yes,No,Manual/Clinical expertise,Not Reported,No,Yes,NR,NR,NR,No,60,NR,NR,NR,NR,NR,NR,NR
2026-07-27 13:41:10,llm-reviewer,07_Chang-2025-Patterns of Left Ventricular Region,"Patterns of Left Ventricular Regional Wall Motion Abnormalities After Brain Death and Their Clinical Significance
Chang, A. J. et al.
JACC Heart Fail / 2025",USA,Heart,Multi-center,NR,NR,Donors,913,34.3,42.6,Yes,Prospective Cohort,Unsupervised Learning (Clustering),k-means clustering,Imaging (CT/CXR/Echo),None,Not Reported,Complete Case Analysis (Excluded),No,NR,NR,Donor acceptance for transplantation,NR,NR,NR,NR,No,Other Registry,,"The study was the “Donor Heart Study,” coordinated at Stanford and “conducted at 8 organ procurement organizations across the United States,” so the data origin was U.S. multicenter rather than a registry. Funding was from the “National Institutes of Health (NIH)/National Heart, Lung, and Blood Institute (R01 HL125303),” and the authors stated that they had “no relationships relevant to the contents of this paper to disclose.” Specific calendar start and end years for donor enrollment were not reported in the retrieved text.","Although the Donor Heart Study enrolled 4,333 potential heart donors, “the final analytical cohort included 913 initial TTEs.” Table 1 reports mean age 34.3 years and female sex 42.6% for the analytical cohort, and also reports race/ethnicity plus medical-history variables including hypertension, diabetes mellitus, tobacco use, Public Health Service risk status, and cause of death.","The paper states that the Donor Heart Study was a “5-year multicenter observational prospective cohort study.” The machine-learning method was unsupervised “k-means clustering,” using all 17 segment-level wall motion scores from transthoracic echocardiography to identify RWMA phenotypes. The number of clusters was chosen using the cubic clustering criterion, but no held-out validation, SHAP/LIME-style interpretability method, or hyperparameter-tuning procedure was reported.","The analysis excluded donors without adequate initial TTE quality and then excluded 70 outliers after cluster analysis, which is most consistent with complete case analysis plus exclusions rather than imputation. Class imbalance handling was not relevant because this was unsupervised phenotyping rather than a binary classifier. Data preprocessing was described: only donors with RWMA on initial TTE entered clustering, 17 segment-specific WMS values were used, 8 preliminary clusters were generated and then consolidated into 4 clinically plausible phenotypes, and 70 outliers were excluded. Code availability was not reported.","This was not a supervised prediction model with held-out discrimination metrics. Instead, the clinically relevant outcomes associated with the RWMA phenotypes were donor-heart acceptance, changes in LVEF/WMSI on follow-up TTE, and recipient survival after transplantation. Table 1 reports donor-heart acceptance was highest in FBS (68.2%), and recipient 2-year survival among transplanted hearts was similar across phenotypes. Figure 3 shows all phenotypes improved in LVEF on second echocardiogram. Because no AUC, accuracy, PPV, sensitivity, specificity, NPV, F1-score, calibration, or DCA were reported for a predictive model, those fields are NR/No.",High Risk,,,Low Risk,,,Low Risk,,,High Risk,,,Low Concern,,,Government/Public,Yes (Declared COI),Yes,Yes,No,None/All features,No,Not Applicable/Not Reported,Yes,NR,NR,NR,No,60,NR,NR,NR,NR,NR,NR,NR
2026-07-27 13:41:10,llm-reviewer,08_Chao et al. - 2024 - Improving prognostic accuracy in lung transplantation using unique features of isolated human lung r,"Improving prognostic accuracy in lung transplantation using unique features of isolated human lung radiographs
Chao, B. T. et al.
NPJ Digit Med / 2024",Other,Lung,Single Center,2008,2022,Other,650,NR,NR,Yes,Retrospective Cohort,Convolutional Neural Network (CNN),ResNet-50 CNN; InsighTx XGBoost model,Imaging (CT/CXR/Echo),Other,External Validation (Temporal),Not Reported,Other,520,130,Other,0.94,78,79,NR,No,Not Applicable / Not Reported,,"The cohort came from “Clinical EVLP cases performed from 2008 to 2022 at Toronto General Hospital,” which makes this a single-center study rather than a registry. The country is not one of the prompt’s fixed options, so “Other” is the closest fit. I did not identify an explicit funding or COI statement in the retrieved text.","The study included “n = 650 clinical EVLP cases” and “n = 1300 radiographs.” The analysis was centered on isolated donor lungs on EVLP rather than recipient cohorts or waitlist candidates. No overall age, sex, or race/ethnicity summary was reported in the retrieved text. Donor information was correlated with principal components, but the excerpt does not clearly establish a structured comorbidity/history table, so that item is best marked Unclear.","The paper used CNNs including “ResNet-50, ResNeXt-50, RexNet-100, EfficientNet-B2, EfficientNet-B3, and DenseNet-121,” with the best model being CADLab-pretrained ResNet-50. The image-analysis task used EVLP radiographs, while the multimodal stage combined image PCs with physiological and biological EVLP data in an XGBoost-based “InsighTx” model. Comparator performance was reported against manually labeled radiographic scores rather than a clinical rule or human decision-maker directly. The cohort was split “temporally” 80:20, with training from 2008-2020 and validation from 2020-2022, which is best categorized as external temporal. Explainability was present via Grad-CAM and “Shapley Additive explanation values.” The extracted text does not describe explicit hyperparameter tuning.","Missing-data handling was not described in the retrieved text. I found no statement about class weighting, oversampling, or imbalance correction. Data processing was described in detail, including temporal image pairing at 1 h and 3 h, pretraining/fine-tuning, latent-feature extraction, PC analysis, Grad-CAM, and multimodal fusion with tabular EVLP data. The EVLP case split was 80:20 into training “n = 520” and validation “n = 130.” Code availability is best marked “Other” because the paper states that source code and data are being worked toward and that the authors will make best efforts for access, but the data are not publicly available.","The modeled outcome was a 3-class donor-lung endpoint: “(1) recipient time to extubation of <72 h, (2) ≥72 h, and (3) lungs unsuitable for transplantation,” so the closest fixed category is Other. For the multimodal model, Table 2 reports improved performance from 73 ± 5% to 78 ± 4% accuracy and from 88 ± 2% to 94 ± 2% AUROC after adding radiographic PCs. The paper also states that both “precision (73% vs. 64%)” and “recall (79% vs. 72%)” improved significantly with image PCs added. Table 1 reports that the imaging-only CNN achieved 62.7 ± 1.8% accuracy and 76.1 ± 1.2% AUROC, while the best validation-set donor-lung outcome classification for ResNet-50 was 66.9% accuracy with AUROC 78.4%. Calibration and DCA were not reported.",Unclear,,,Low Risk,,,Low Risk,,,Unclear,,,Low Concern,,,Not Reported,Not Reported,No,Unclear,"Yes (e.g., SHAP, LIME)","Automated (e.g., LASSO, Stepwise)",No,No,Yes,73,NR,NR,No,60,NR,NR,NR,NR,NR,NR,NR
2026-07-27 13:41:10,llm-reviewer,09_Choshi-2025-Long short-term memory algorithm f,"Long short-term memory algorithm for personalized tacrolimus dosing: A simple and effective time series forecasting approach post-lung transplantation
Choshi, H. et al.
J Heart Lung Transplant / 2025",Asia,Lung,Single Center,2011,2023,Transplant Recipients (Post-op),117,NR,NR,Yes,Retrospective Cohort,Recurrent Neural Network (RNN/LSTM),Multivariate 3-step long short-term memory (LSTM) model,Tabular (EMR/Clinical data),None,Internal Split (Train/Test),Simple Imputation (Mean/Median),No,93,12,Other,NR,88.5,NR,NR,No,Not Applicable / Not Reported,,"The study was conducted at “a single center, Okayama University Hospital” in Japan. Figure 1 shows lung transplant recipients from “Apr. 2011 - May 2023,” with the study cohort for model development spanning “Apr. 2011 - Mar. 2022” and the simulation cohort “Apr. 2022 - May. 2023.” I did not identify an explicit funding or COI statement in the retrieved text.","The model-development cohort included “117 cases,” with an additional 6 later cases reserved for simulation testing. The retrieved text does not report overall age, sex, or race/ethnicity. Clinical and perioperative history variables were included among the 36 collected factors, including age, sex, height, weight, procedure, operation time, cardiopulmonary bypass, ECMO/CHDF period, POD, azole antifungals, and multiple laboratory values.","The paper states that “a multivariate long short-term memory algorithm was applied to forecast subsequent TTLs,” and Figure 2 shows a “multivariate 3-step” LSTM. The input data were tabular clinical variables from routine care. SHAP was used to identify influential features and guide input selection. Within the 117-case study cohort, 80%, 10%, and 10% were randomly assigned to training, validation, and test datasets. The final model did not use an explicit comparator model; rather, different input combinations were compared by MSE. Explicit hyperparameter tuning was not reported in the retrieved text.","The first 117 cases were split into training dataset n=93, validation dataset n=12, and test dataset n=12, as shown in Figure 1. Data preprocessing was described in detail: intravenous dose was multiplied by 6, all clinical data were standardized using Z-score normalization, and missing prior time points for the 3-step LSTM were filled with cohort mean values plus an imputation flag. Class imbalance is not applicable because this is a regression/forecasting task rather than class prediction. Code availability was not reported.","The target was next-step tacrolimus trough level forecasting, so the closest category is Other. The final model predicted TTLs “within 30% of the actual values for 88.5% of time points,” and within 20% for 74.3%. Figure 5a showed a positive predicted-vs-actual relationship, with test-set R² = 0.67. Figure 5b showed better accuracy later after transplant, and Figure 5c showed similar performance for intravenous and oral administration routes. Standard classification metrics such as AUC, PPV, sensitivity, specificity, NPV, F1-score, calibration, and DCA were not reported because this was a forecasting/regression-style model.",High Risk,,,Low Risk,,,Low Risk,,,Unclear,,,Low Concern,,,Not Reported,Not Reported,No,Yes,"Yes (e.g., SHAP, LIME)","Automated (e.g., LASSO, Stepwise)",No,Not Applicable/Not Reported,Yes,NR,NR,NR,No,60,NR,NR,NR,NR,NR,NR,NR
2026-07-27 13:41:10,llm-reviewer,10_Dalton-2023-Refining the Lung Allocation Score,"Refining the Lung Allocation Score Models Fails to Improve Discrimination Performance
Dalton, J. E. et al.
Chest / 2023",USA,Lung,National Registry,2010,2020,Combined (Candidates & Recipients),13204,NR,41,Yes,Retrospective Cohort,Gradient Boosting (XGBoost/LightGBM),"WL-LAS/CAS, PT-CAS, re-estimated Cox models, cubic-spline Cox model, random survival forest, logistic model, linear discriminant analysis, gradient-boosted tree",Tabular (EMR/Clinical data),"Linear Risk Score (e.g., LAS, EuroSCORE)",Cross-Validation (k-fold),Multiple Imputation,No,NR,NR,Waitlist mortality,NR,NR,NR,NR,No,SRTR (Scientific Registry of Transplant Recipients),,"The paper used “Scientific Registry for Transplant Recipients (SRTR) data from 2015-2020” for waitlist models and “data from 2010-2020” for post-transplant models. Because SRTR is the U.S. national transplant registry, this is a U.S. national registry study. I did not identify an explicit funding or conflict-of-interest statement in the retrieved text.","The waitlist analysis included “13,204 candidates,” and the post-transplant analysis included “20,763 adult transplant recipients.” Table 1 reports female sex as 41% in the baseline waitlist cohort. Race/ethnicity was reported, and multiple clinical factors were included, such as diagnosis group, 6-minute walk distance, respiratory support, pulmonary arterial pressure, oxygen use, creatinine, BMI, bilirubin, insurance, and education. A single overall mean age for the full analytic cohorts was not reported in the retrieved text.","The study compared seven models for each outcome: current LAS/CAS Cox models, updated Cox models, nonlinear spline-enhanced Cox models, random survival forests, logistic models, linear discriminant analysis, and gradient-boosted trees. The main comparators were the current LAS/CAS survival models, which are linear risk-score models. The data were “randomly partitioned into 10 training and test samples for cross-validation.” Predictors came from SRTR candidate/recipient tabular data available at allocation. The retrieved text did not report SHAP/LIME-style interpretability or explicit hyperparameter tuning.","The Methods state that the authors used “multiple imputation to account for missing predictor data,” and inverse probability-of-censoring weighting to address informative censoring due to transplant. They also describe reconciliation of relisted patients and construction of residual cohorts. The study used repeated cross-validation folds rather than one fixed train/test split, so exact training and test counts are NR. Code availability was not reported in the retrieved text. Class-imbalance handling was not described.","The primary outcomes were waitlist death or removal as too sick, and post-transplant death or retransplantation. For waitlist models, discrimination was strongest in the baseline cohort, with AUC about 0.92-0.93 at 1 month, declining to about 0.87-0.89 at 3 months and 0.84-0.85 at 6 months. For post-transplant models, discrimination remained poor across models, generally “0.58-0.61,” including at 1, 3, and 5 years. Figure 1 shows subgroup AUC patterns, especially worse variability among Medicaid patients. Because the paper centers on AUC/C-statistic-style discrimination across many models and time horizons rather than a single deployed model, and because the prompt asks for held-out test/validation metrics, I leave the single numeric AUC field as NR rather than choose one arbitrary value. Calibration and DCA were not reported in the retrieved text.",Low Risk,,,Low Risk,,,Low Risk,,,Unclear,,,Low Concern,,,Not Reported,Not Reported,Yes,Yes,No,Manual/Clinical expertise,Not Reported,Not Applicable/Not Reported,Yes,NR,NR,NR,No,60,NR,NR,NR,NR,NR,NR,NR
2026-07-27 13:41:10,llm-reviewer,11_Davalos-Yerovi et al. - 2024 - Factors Influencing the Attrition Rate of a 10-Week Multimodal Rehabilitation Program in Patients Af,"Factors Influencing the Attrition Rate of a 10-Week Multimodal Rehabilitation Program in Patients After Lung Transplant: A Neural Network Analysis
Davalos-Yerovi, V. et al.
Healthcare (Basel) / 2024",Europe,Lung,Single Center,2022,2023,Transplant Recipients (Post-op),41,55.8,46.3,Yes,Prospective Cohort,"Artificial Neural Networks (ANN, MLP, NN)",Artificial neural network (ANN) using the nnet function,Tabular (EMR/Clinical data),None,Not Reported,Complete Case Analysis (Excluded),No,NR,NR,Other,NR,NR,NR,NR,No,Not Applicable / Not Reported,,"The study was conducted in “a tertiary university hospital in Barcelona (Catalonia, Spain)” and “took place between January 2022 and September 2023,” which supports Europe and single-center classification. I did not identify an explicit funding or conflict-of-interest statement in the retrieved text.","The Results state: “Of the 41 patients referred to the multimodal rehabilitation program (mean age of 55.8 [SD 9.7] years; 22 men).” This implies 19 women, or 46.3%. Table 1 reports comorbidity and clinical-history-related variables including Charlson Comorbidity Index, transplant indication, malnutrition, sarcopenia, muscle strength, exercise capacity, and quality of life. Race/ethnicity was not reported.","The paper explicitly states this was a “prospective observational study” and that “an ANN and regression analysis were used.” The ANN was implemented in R using the nnet package, with “30 neurons, a decay of 0.001, ‘tanh’ activator, and linear output relationships,” so architecture details were reported. Garson’s algorithm was used to quantify variable contribution and select variables with relative importance >0.5 for subsequent regression, which supports both explainability and automated feature selection. No explicit train/validation/test split or cross-validation was reported.","The primary analysis used “23 common baseline variables that were complete (with no missing data points) for all participants,” which is best classified as complete case analysis. Data preprocessing was described: variables were defined by type, attrition classes were encoded as 1/2/3, numeric and ordinal variables were rescaled between −1 and +1, and categorical variables were dummy coded. I found no mention of class-imbalance handling and no released code repository; only function names and package details were provided. Because a separate training/test split was not reported, training and test sample sizes are NR.","The primary outcome was attrition rate in the rehabilitation program, classified as low (<5% missing data), medium (5–10%), or high (>10%), so the closest allowed category is Other. The article reports significance of factors associated with attrition rather than conventional predictive metrics such as AUC or accuracy. Table 2 shows significant variables: low age-dependent BMI (p = 7.08 × 10−5), end-stage respiratory disease requiring LT (p = 0.000111), EQ-5D VAS (p = 0.0009078), low handgrip strength by Mediterranean reference values (p = 0.0230351), and low handgrip strength by EWGSOP2 cutoffs (p = 0.0455796). No calibration or DCA was reported.",High Risk,,,Unclear,,,Low Risk,,,High Risk,,,Low Concern,,,Not Reported,Not Reported,No,Yes,"Yes (e.g., SHAP, LIME)","Automated (e.g., LASSO, Stepwise)",Yes,No,Yes,NR,NR,NR,No,60,NR,NR,NR,NR,NR,NR,NR
2026-07-27 13:41:10,llm-reviewer,12_Ding-2025-Discover important donor-recipient r,"Discover important donor-recipient risk factors and interactions in heart transplant primary graft dysfunction with machine learning
Ding, S. et al.
J Am Med Inform Assoc / 2025",USA,Heart,National Registry,1987,2018,Transplant Recipients (Post-op),8008,NR,29.2,Yes,Retrospective Cohort,"Artificial Neural Networks (ANN, MLP, NN)",Multi-layer perceptron (MLP),"Tabular (EMR/Clinical data), Donor metrics",Other,Cross-Validation (k-fold),Other,Not Reported,NR,NR,Primary Graft Dysfunction (PGD),0.868,NR,NR,NR,No,Other Registry,,"The paper used the “United Network for Organ Sharing (UNOS) database,” which includes U.S. transplant data “since October 1, 1987,” and the selected cohort covered “1987-2018.” Funding was “partially supported by NIH [1OT2OD032581-02-999],” and the article states, “There is nothing to declare.”","The Results report “8008 patients,” with “2146 patients (26.8%)” diagnosed with PGD. Table 1 reports recipient sex, race, BMI, blood type, donor demographics, and Table 2 reports medical history, hemodynamics, lab tests, life support, and operative variables. Recipient age was reported as median (IQR), not mean, so mean age is NR.","The study describes a retrospective ML workflow using UNOS data and states, “we implement and apply a multi-layer perceptron (MLP).” It compares MLP with logistic regression, GBDT, decision tree, LightGBM, and SVM. The paper reports “5-fold cross-validation.” For explainability it uses “Integrated Gradient CITE” to compute feature attributions and interactions. Feature selection relied on “expert’s domain knowledge” plus exclusion of features with >40% missingness, with additional engineered donor-recipient pair variables. Explicit hyperparameter tuning was not described in the retrieved text.","Missing data were handled with “the kNN imputer,” which is best classified as Other. Preprocessing is described: categorical variables were encoded numerically, patients with multiple transplants during the index hospitalization were excluded, features with >40% missingness were filtered, and donor-recipient pair features were generated. The paper notes AUPRC is useful when PGD and non-PGD sizes differ, but no reweighting or resampling method was reported. Code availability was not stated. Exact fold-specific train/test counts were not reported.","The outcome was PGD after heart transplantation. Table 3 reports the best model, MLP, with AUROC 0.868 ± 0.006 and AUPRC 0.794 ± 0.015. Figure 2 shows ROC and PRC curves across 5 folds, with ROC AUCs around 0.86-0.87 and PRC AUCs around 0.76-0.80. The paper does not report accuracy, PPV, sensitivity, specificity, NPV, F1-score, calibration, or DCA.",Low Risk,,,Low Risk,,,Unclear,,,Unclear,,,Low Concern,,,Government/Public,Yes (Declared COI),Yes,Yes,"Yes (e.g., SHAP, LIME)",Manual/Clinical expertise,No,No,Yes,NR,NR,NR,No,60,NR,NR,NR,NR,NR,NR,NR
2026-07-27 13:41:10,llm-reviewer,13_Duenas-Jurado et al. - 2021 - New models for donor-recipient matching in lung transplantations,"New models for donor-recipient matching in lung transplantations
Duenas-Jurado, J. M. et al.
PLoS One / 2021",Europe,Lung,Single Center,1993,2016,Transplant Recipients (Post-op),404,NR,NR,Yes,Retrospective Cohort,Other,LRIPU (logistic regression using initial covariates and product units); EPUNN (evolutionary product unit neural network),"Tabular (EMR/Clinical data), Donor metrics",Other,Not Reported,Not Reported,No,NR,NR,6-month survival,NR,NR,NR,NR,No,Other Registry,,"The paper states that it analyzed “404 lung transplants carried out at the Reina Sofía University Hospital (Córdoba, Spain) over 23 years,” and the database covered “October 1993, up until January 2016.” Funding came from the “Spanish Ministry of Economy and Competitiveness (MINECO), and FEDER funds (EU),” and the authors declared “no competing interests exist.”","The study database contained “404 lung transplant patients.” Recipient variables in Table 1 included sex, age, diagnosis group, pre-transplant status, pre-transplant gas exchange and spirometry, and transplant-type variables, but the paper did not provide one overall mean age or female percentage for the whole cohort, and race/ethnicity was not reported.","The authors describe “a retrospective analysis,” combining “logistic regression (LR) with a special type of neural network,” specifically EPUNN, yielding the hybrid LRIPU model. Inputs were donor, recipient, intraoperative, and postoperative clinical variables listed in Table 1. The paper states the model exceeded “classical statistical methods,” but it does not report a clear external or internal validation framework or explicit hyperparameter tuning procedure.","The paper reports that “categorical variables were transformed into binary variables” and that variables in Table 2 were “scaled in the [1, 2] range,” so preprocessing was described. Missing-data handling was not described. The article did not report class-imbalance handling, code release, or exact train/test sample sizes.","The dependent variable was “graft survival, when considering the end-point at six months,” and Table 1 defines y as “Survival of the graft after six months: 1 (YES), 0 (NO).” The paper presents the final LRIPU equation and discusses coefficient directions, but it does not report AUROC, accuracy, sensitivity, specificity, PPV, NPV, F1-score, calibration, or DCA. I did not infer any unreported performance metric.",High Risk,,,High Risk,,,Low Risk,,,High Risk,,,Low Concern,,,Government/Public,Yes (Declared COI),No,Yes,No,Manual/Clinical expertise,No,No,Yes,NR,NR,NR,No,60,NR,NR,NR,NR,NR,NR,NR
2026-07-27 13:41:10,llm-reviewer,14_Gholamzadeh et al. - 2025 - Analysis of the most influential factors affecting outcomes of lung transplant recipients a multiva,"Analysis of the most influential factors affecting outcomes of lung transplant recipients: a multivariate prediction model based on UNOS Data
Gholamzadeh, M. et al.
BMJ Open / 2025",USA,Lung,National Registry,2005,2023,Transplant Candidates (Waitlist),32966,54.27,33.20,Yes,Retrospective Cohort,Random Forest,"Random forest regressor (best model); also multiple linear regression, SVM regressor, XGBoost regressor, multilayer perceptron, and deep learning model",Tabular (EMR/Clinical data),None,Internal Split (Train/Test),Simple Imputation (Mean/Median),No,26372,6594,Other,NR,NR,NR,NR,No,Other Registry,,"The study states that data were retrieved from the “United Network for Organ Sharing (UNOS) open-source database of transplant patients between 2005 and 2023,” which is a U.S. national transplant registry. I did not identify an explicit funding statement or conflict-of-interest declaration in the retrieved text.","The final dataset “contains 32 966 records with 15 features,” and after preprocessing the “overall patient population consisted of 66.88% men and 33.20% women, with a median age of 54.27 ± 14.24 years.” Clinical and demographic features were used as predictors for waiting-list priority. Race/ethnicity was not reported in the retrieved text excerpts.","The paper compares six regression models, with the RF regressor identified as best. It used preprocessing, feature engineering, feature selection, and hyperparameter tuning via random search. The target was a continuous “priority score,” so regression models were used. SHAP was used for explainability and ranking feature importance. The dataset was split 80:20 for training and testing, with k-fold cross-validation additionally used to confirm robustness.","Missing numerical data were imputed using the mean of each feature, features with >80% missingness were removed, outliers were handled with IQR/boxplot-based filtering, and data normalization was performed. Because the outcome is continuous regression rather than class prediction, class imbalance is not applicable. The study used an 80:20 split, which corresponds to 26,372 training and 6,594 test records from 32,966 total. I found no public code-release statement.","The target was the continuous waiting-list “priority” or “allocation score,” so the closest category is Other. The paper evaluated models using regression metrics including “R-squared (R2) and other error rate metrics,” and states that the RF model achieved the highest R2 and lowest error values. However, the exact numeric R2, MAE, and RMSE values were not visible in the retrieved excerpts, so I have not guessed them. No classification metrics, calibration analysis, or decision-curve analysis were reported.",Low Risk,,,Low Risk,,,Low Risk,,,Unclear,,,Low Concern,,,Not Reported,Not Reported,Not Reported,Yes,"Yes (e.g., SHAP, LIME)","Automated (e.g., LASSO, Stepwise)",Yes,Not Applicable/Not Reported,Yes,NR,NR,NR,No,60,NR,NR,NR,NR,NR,NR,NR
2026-07-27 13:41:10,llm-reviewer,15_Glass-2024-A machine learning algorithm improv,"A machine learning algorithm improves the diagnostic accuracy of the histologic component of antibody mediated rejection (AMR-H) in cardiac transplant endomyocardial biopsies
Glass, M. et al.
Cardiovasc Pathol / 2024",USA,Heart,Single Center,2018,2021,Transplant Recipients (Post-op),300,NR,NR,Yes,Retrospective Cohort,Convolutional Neural Network (CNN),ResNet50 convolutional neural network with transfer learning,Pathology slides,Human expert/Clinician,Internal Split (Train/Test),Not Reported,No,2948,842,Acute Rejection,0.995,98,NR,NR,No,Not Applicable / Not Reported,,"The biopsies were “previously as pAMR2 as part of routine standard of clinical care between 2018 and 2021 from Duke University Medical Center Department of Pathology,” so the data source was single-center in the USA. The paper includes a “Declaration of competing interest” stating “None.” I did not identify a funding statement in the retrieved text.","The study used “300 hematoxylin and eosin slides” from cardiac transplant endomyocardial biopsies. It did not report recipient mean age, sex distribution, race/ethnicity, or baseline comorbidity data in the retrieved text. The unit of model development was annotated biopsy regions rather than a clinical cohort table.","The study used annotated H&E pathology image patches and a “convolutional neural network approach utilizing transfer learning.” The ResNet50 model was initialized with pretrained weights and fine-tuned. The model was compared against blinded human pathologist review in a separate curated set of slides. Regions of interest were manually annotated by experts, which functions as manual/clinical feature selection at the region level. Training settings including Adam optimizer, learning rate 0.0001, cross-entropy loss, and stopping on validation-loss plateau were reported.","The dataset contained 4,212 annotations split 70%/10%/20% into training, validation, and testing. That corresponds to approximately 2,948 training annotations and 842 test annotations. The four classes were balanced at 1,053 regions each, so explicit class-imbalance correction was not reported and was likely unnecessary. Preprocessing was described through de-identification, whole-slide scanning at 40X, annotation, extraction of non-overlapping 224×224 windows, and train/validation/test splitting. Code availability was not reported. Missing-data handling was not relevant to image patches and was not described.","The task was histologic diagnosis of pAMR-H in cardiac transplant biopsies. The closest category in the allowed list is Acute Rejection. The algorithm achieved “98% overall validation accuracy.” Figure 3 shows multiclass AUROC 0.982 and binary AUCs of 0.995 for pAMR-H vs normal endomyocardium, 0.992 for pAMR-H vs healing injury, and 0.992 for pAMR-H vs ACR. The paper also reports pAMR-H classification accuracies of 99.5%, 99.2%, and 99.2% against those three categories, respectively. PPV, sensitivity, specificity, NPV, F1-score, calibration, and DCA were not reported. I used the highest explicitly reported AUC value for the single AUC field.",High Risk,,,Low Risk,,,Low Risk,,,Unclear,,,Low Concern,,,Not Reported,Yes (Declared COI),No,No,No,Manual/Clinical expertise,Yes,No,Yes,NR,NR,NR,No,60,NR,NR,NR,NR,NR,NR,NR
2026-07-27 13:41:10,llm-reviewer,16_Gnanasambandhan-2023-HEL-MCNN_ Hybrid extreme,"HEL-MCNN: Hybrid extreme learning modified convolutional neural network for allocating suitable donors for patients with minimized waiting time
Sangeetha, G. and Balasubramanian, Vanathi
Expert Systems with Applications / 2023",Other,Other,Other,NR,NR,Other,NR,NR,NR,Yes,Other,Ensemble,MCNN-HELM (modified convolutional neural network–hybrid extreme learning machine) with prairie dog optimizer,"Tabular (EMR/Clinical data), Donor metrics, Other",Other,Not Reported,Complete Case Analysis (Excluded),No,NR,NR,Donor acceptance for transplantation,NR,97.5,NR,NR,No,Other Registry,,"The article states that it uses “three different real-time datasets as inputs which contain records of liver, heart, and lung transplantation details,” including PLTSD, UNOS-LU, and UNOS-HR, but it does not provide a conventional single-source thoracic-transplant cohort description in the retrieved text. Because the paper spans multiple organs and mixed datasets, “Other” is the closest fit for organ focus and dataset source.","The retrieved text does not report a lung-specific recipient cohort size, demographic table, age summary, sex distribution, or race/ethnicity. It frames the problem as donor-recipient allocation across liver, heart, and lung transplantation datasets rather than a single patient cohort.","The paper proposes an “MCNN-HELM based prediction model” and states that a “prairie dog optimizer (PDO)” is used to improve matching-pair performance. It compares the proposed method against MINLP, IGBFS-NB, SVM, and FO, and evaluates policy scenarios such as Real, FCFS, UF, and BF. The retrieved text describes preprocessing and training/testing flowcharts, but it does not clearly state a conventional clinical study design such as retrospective cohort with a well-defined patient cohort, so “Other” is the most accurate label. Hyperparameter configuration is explicitly mentioned in the conclusion.","The paper states that “missing values and inaccurate data present in real-time datasets are removed via pre-processing,” and separately notes that “some records and attributes are eliminated,” which is most consistent with complete-case style exclusion rather than imputation. Preprocessing is described, but explicit training and test sample counts are not visible in the retrieved text. I found no public code-availability statement. Class-imbalance handling is not described.","The paper’s main task is donor-recipient allocation and suitable donor identification with minimized waiting time, so “Donor acceptance” is the closest restricted outcome label. Table 5 reports training accuracy 97.5%, computational time 2.2 s, PEFO 16.3582, PEPO 16.1401, and ABDT 0.6784. For the lung dataset (UNOS-LU), Table 3 shows that the BF policy had death rate 0.13, average benefit 275.43, and average survival 1290.48, compared with Real 0.15, 221.48, and 1175.42. The paper does not report AUC, sensitivity, specificity, PPV, NPV, F1-score, calibration, or DCA. Because only training accuracy is explicitly reported, I am not inferring a held-out test accuracy.",Unclear,,,Unclear,,,Unclear,,,High Risk,,,High Concern,,,Not Reported,Not Reported,Not Reported,Unclear,No,None/All features,Yes,Not Applicable/Not Reported,Yes,NR,NR,NR,No,60,NR,NR,NR,NR,NR,NR,NR
2026-07-27 13:41:10,llm-reviewer,17_Gouiaa-2024-Novel dimensionality reduction met,"Novel dimensionality reduction method, Taelcore, enhances lung transplantation risk prediction
Gouiaa, F. et al.
Comput Biol Med / 2024",Europe,Lung,Single Center,NR,NR,Transplant Recipients (Post-op),40,NR,NR,Yes,Retrospective Cohort,"Artificial Neural Networks (ANN, MLP, NN)",Taelcore (topological autoencoder with best linear combination for optimal reduction of embeddings),Tabular (EMR/Clinical data),Other,Other,Not Reported,Other,NR,NR,Acute Rejection,NR,90,NR,NR,No,Not Applicable / Not Reported,,"The authors are based in France and Spain, and the paper states they “recycle the dataset from ‘Personalised Risk Predictor for Acute Cellular Rejection in Lung Transplant Using Soluble CD31’” for a lung-transplant ACR study, but the retrieved text does not provide an explicit funding statement, COI statement, or recruitment years. The clinical dataset appears to be a single clinical cohort rather than a registry.","The Methods state: “We analysed a clinical dataset of 40 patients who underwent lung transplantation surgery,” and “seven (17.5%) experienced acute cellular rejection within one year of the operation.” The retrieved text does not report age, sex, race/ethnicity, or comorbidity tables for these 40 patients.","The paper proposes “Taelcore,” combining autoencoders, multilayer perceptron (MLP), and topological data analysis tools. It compares Taelcore-enhanced performance against AE, PCA, t-SNE, UMAP, RF, KNN, and GNB. The nine measured clinical variables from the first 72 hours after transplant were used as input features. The evaluation is based on success percentages and dimensionality-reduction quality metrics rather than a conventional held-out train/test clinical validation framework, so “Other” is the most accurate validation label. The retrieved text does not describe SHAP/LIME or hyperparameter tuning.","Figure 1 and the text describe preprocessing including standardisation, box-plot outlier detection, denoising using the sCD31–ACR relationship, Rips filtration, persistence diagrams, and entropy vectorisation. The lung cohort is imbalanced (7 ACR vs 33 non-ACR), but the retrieved text does not describe reweighting, oversampling, or other imbalance handling. Missing-data handling is not reported. The paper states: “The code associated with this study is publicly available,” which supports Other rather than “algorithm weights available.” Exact train/test sample sizes are not given in the retrieved text.","The target was ACR within 1 year after lung transplantation. Table 1 reports percentage success before and after topological improvement: RF 50%→80%, MLP 80%→90%, KNN 50%→50%, and GNB 90%→90%. The discussion explicitly states “an accuracy achieved of 90%” for Taelcore in predicting ACR after lung transplantation. No AUC, sensitivity, specificity, PPV, NPV, F1-score, calibration, or DCA were reported. Because the paper presents “percentage of success” rather than a richer held-out metric set, I report 90% as the model accuracy figure and leave the others NR.",High Risk,,,Low Risk,,,Unclear,,,High Risk,,,Low Concern,,,Not Reported,Not Reported,No,No,No,None/All features,No,No,Yes,NR,NR,NR,No,60,NR,NR,NR,NR,NR,NR,NR
2026-07-27 13:41:10,llm-reviewer,18_Hickey et al. - 2023 - Long-Term outcomes in adult patients with congenital heart disease considered for transplantation A,"Long-Term outcomes in adult patients with congenital heart disease considered for transplantation: A single center study
Hickey, G. et al.
Clin Transplant / 2023",USA,Heart,Single Center,2004,2014,Transplant Candidates (Waitlist),58,35.8,34.5,Yes,Retrospective Cohort,Decision Tree,Machine learning decision tree model / multivariate decision tree analysis,Tabular (EMR/Clinical data),None,Cross-Validation (k-fold),Complete Case Analysis (Excluded),No,NR,NR,1-year survival,NR,NR,NR,NR,No,Not Applicable / Not Reported,,"The study was conducted “at our center” at the University of Pittsburgh Medical Center and included ACHD patients “evaluated for heart or heart + additional organ transplant between 2004 and 2014.” Funding is explicitly listed from the National Institutes of Health and the American Heart Association, plus HeartFest. I did not find a visible COI statement in the retrieved text.","The paper states, “We identified 58 patients meeting criteria.” Baseline characteristics show mean age 35.8 years, and 65.5% male, implying 34.5% female. Race was reported as 91.4% White, 3.4% Black, and 5.2% Asian. Table 1 also includes multiple comorbidities such as hypertension, diabetes, pulmonary hypertension, portal hypertension, chronic renal insufficiency, and tobacco history.","The Methods describe “a retrospective chart review” and state that “a machine learning decision tree model was used to evaluate multiple clinical parameters correlating with 1- and 10-year survival.” Input data were clinical, hemodynamic, laboratory, and CPET variables from chart review. The model was “verified… using K-fold cross validation.” The variables entered into multivariate analysis were those previously significant on univariate analysis, which is best categorized as manual/clinical feature selection. No hyperparameter tuning or explainability method was reported.","Of 71 identified patients, “58 patients had all relevant data… available for evaluation and were included in the study,” which is most consistent with complete-case analysis. The paper mentions K-fold cross-validation but does not report fold sizes, explicit train/test counts, imbalance handling, code availability, or preprocessing/normalization steps typical of ML pipelines.","The paper evaluates both 1-year and 10-year survival. Figure 1 and the text report clinically interpretable decision rules rather than AUC-style performance. For 1-year outcomes, transplanted patients with SVP <14 mmHg had 100% survival, and non-transplanted patients with PCWP <15 mmHg had 100% survival. For 10-year outcomes, all waitlisted/declined patients with PCWP ≥17 mmHg died, and all transplanted/deferred patients with SVP <10 mmHg were alive. Kaplan–Meier curves in Figure 2 show 1-year survival of 100% for deferred, 85.7% for transplanted, 42.1% for waitlisted, and 54.5% for declined patients. No AUC, accuracy, sensitivity, specificity, PPV, NPV, F1-score, calibration, or DCA were reported.",High Risk,,,Low Risk,,,Low Risk,,,Unclear,,,Low Concern,,,Government/Public,Not Reported,Yes,Yes,No,Manual/Clinical expertise,No,No,No,NR,NR,NR,No,60,NR,NR,NR,NR,NR,NR,NR
2026-07-27 13:41:10,llm-reviewer,19_Hsich et al. - 2019 - Variables of importance in the Scientific Registry of Transplant Recipients database predictive of h,"Variables of importance in the Scientific Registry of Transplant Recipients database predictive of heart transplant waitlist mortality
Hsich, E. M. et al.
Am J Transplant / 2019",USA,Heart,National Registry,2004,2015,Transplant Candidates (Waitlist),33069,NR,NR,Yes,Retrospective Cohort,Random Forest,Random Survival Forest (RSF),Tabular (EMR/Clinical data),Other,Cross-Validation (k-fold),Other,No,NR,NR,Waitlist mortality,NR,NR,NR,NR,No,SRTR (Scientific Registry of Transplant Recipients),,"The study included “all 33 069 adult candidates on the active waiting list for heart transplantation in the national Scientific Registry of Transplant Recipients (SRTR) database between January 1, 2004 and August 31, 2015.” Funding came from the “National Heart, Lung, and Blood Institute, Grant/Award Number: R01HL141892.” I did not identify an explicit COI statement in the retrieved text.","The cohort contained 33,069 adult active waitlist candidates. Table 1 reports age by UNOS stratum as medians rather than a single overall mean, so mean age is NR. Sex and race were reported, as were multiple clinical-history variables including diabetes, hypertension, tobacco use, malignancy, peripheral vascular disease, prior stroke, and device/inotrope support.","The paper used “Random Survival Forests,” described as a “robust, nonparametric machine learning algorithmic method,” to identify risk factors without prespecified parametric assumptions. Inputs were prelisting SRTR tabular variables. The analysis used bootstrap/out-of-bag internal validation, which is most consistent with cross-validation style internal validation. The study did not use SHAP/LIME. No separate feature-selection step was described; variables in the SRTR dataset at listing were analyzed directly. Explicit hyperparameter tuning was not reported.","Missing data were “imputed using missForest imputation,” which fits best under Other. Data preparation is described, including stratification by UNOS status, use of listing-time variables only, bootstrap sampling, and out-of-bag estimation. No class-imbalance mitigation was described. Code availability was not reported. Exact train/test sizes were not reported because the method used bootstrap and out-of-bag evaluation rather than a fixed split.","The primary endpoint was “all-cause mortality assessed as time from listing to death, right censored at time of heart transplantation or end of follow-up.” The paper emphasizes variable importance and partial survival plots rather than standard classification metrics. It reports a median follow-up of 4.3 months and 5,514 deaths, but no AUC, accuracy, PPV, sensitivity, specificity, NPV, or F1-score. Calibration and DCA were not reported.",Low Risk,,,Low Risk,,,Low Risk,,,Unclear,,,Low Concern,,,Government/Public,Not Reported,Yes,Yes,No,None/All features,No,No,Yes,NR,NR,NR,No,60,NR,NR,NR,NR,NR,NR,NR
2026-07-27 13:41:10,llm-reviewer,20_Hsich-2020-Heart Transplantation_ An In-Depth,"Heart Transplantation: An In-Depth Survival Analysis
Hsich, E. M. et al.
JACC Heart Fail / 2020",USA,Heart,National Registry,2004,2018,Transplant Recipients (Post-op),30606,NR,25.4,Yes,Retrospective Cohort,Random Forest,Random Survival Forests (RSF); temporal decomposition parametric survival model,"Tabular (EMR/Clinical data), Donor metrics",None,Not Reported,Other,No,NR,NR,Other,NR,NR,NR,NR,No,SRTR (Scientific Registry of Transplant Recipients),,"The study included adults in the “Scientific Registry of Transplant Recipients database who underwent isolated heart transplantation from January 1, 2004, to July 1, 2018.” Funding was from NIH grants “HL141892 and GM125072,” and the paper states that “the authors have reported that they have no relationships relevant to the contents of this paper to disclose.”","The final cohort had “30,606 adult heart transplants.” Table 1 reports 7,778 female recipients out of 30,606 total, which is 25.4%. Age was reported as median (Q1, Q3), not mean. Race/ethnicity and multiple comorbidities/history variables were reported, including diabetes, dialysis, prior surgery, infection requiring IV antibiotics, ventilator use, inotropes, VAD/ECMO/IABP, renal and liver function, and donor characteristics.","The study used “two complimentary time-related analyses,” including a “random survival forests method” and a temporal decomposition model. RSF was used to determine “importance of mortality risk factors and their interactions.” Inputs were recipient and donor tabular variables from SRTR. The paper does not frame this against a human or guideline comparator. Variable screening in the sex-focused parametric models used “machine learning variable selection,” which is best categorized as automated. Explicit hyperparameter tuning was not reported.","Missing data were handled with “multiple imputation by chained equations for parametric survival models” and “missForest for the random forest analysis,” so this fits best as Other. The paper describes exclusions, missingness rates, and imputation. No class-imbalance method or code release was reported. Exact training/test sizes were not given because the analyses were not based on a simple fixed split in the retrieved text.","The primary endpoint was “all-cause mortality assessed as time from heart transplantation to death or end of follow-up,” so the closest restricted category is Other. The study focused on hazard phases, variable importance, and interactions rather than reporting AUC, accuracy, sensitivity, specificity, PPV, NPV, or F1-score. Figure 1 showed 1-month survival 96%, 1-year survival 89%, and 12-year survival 50%, but these are cohort survival estimates rather than model discrimination metrics. Calibration and DCA were not reported.",Low Risk,,,Low Risk,,,Low Risk,,,Unclear,,,Low Concern,,,Government/Public,Yes (Declared COI),Yes,Yes,No,"Automated (e.g., LASSO, Stepwise)",No,No,Yes,NR,NR,NR,No,60,NR,NR,NR,NR,NR,NR,NR
2026-07-27 13:41:10,llm-reviewer,21_Ismail-2025-Artificial intelligence-driven aut,"Artificial intelligence-driven automated lung sizing from chest radiographs
Ismail, M. K. et al.
Am J Transplant / 2025",USA,Lung,Single Center,NR,NR,Transplant Recipients (Post-op),50,59.4,30,Yes,Retrospective Cohort,Convolutional Neural Network (CNN),PSPNet-based 2-step framework for automated lung sizing,Imaging (CT/CXR/Echo),Human expert/Clinician,Internal Split (Train/Test),Not Reported,Other,6500,50,Donor acceptance for transplantation,NR,NR,NR,NR,No,Not Applicable / Not Reported,,"The validation cohort came from “lung transplant recipients at the University of Pennsylvania,” making this a single-center U.S. study. Funding was “supported by National Institutes of Health grants HL155821.” The paper includes a disclosure section listing conflicts for two authors and stating all others had none. Study years for the recipient cohort were not reported.","The paper states that measurements were validated in “50 portable CXRs acquired in lung transplant recipients.” Table 1 reports age 59.4 ± 10.8 years, 35 males (70%), implying 30% female, and race categories. The cohort table did not report comorbidities or broader clinical history.","The system used a “2-step framework” with automatic lung segmentation using “PSPNet” and then computer-vision postprocessing to derive 6 size measurements from CXRs. The validation comparator was two radiologists in a blinded setting. The segmentation model was trained on the public Darwin dataset, then validated against radiologist measurements in the 50-recipient cohort. No SHAP/LIME-style explainability or explicit hyperparameter tuning was reported.","The segmentation model was trained on the “Darwin data set, comprising 6500 CXRs and lung masks,” and validated on 50 recipient CXRs. Preprocessing was described, including data augmentation and contrast-limited adaptive histogram equalization. Missing-data handling was not discussed. Class imbalance is not applicable for this measurement task. Code was made publicly available, but algorithm weights were not mentioned, so “Other” is the best fit.","The task was automated lung sizing to support donor-recipient size matching, so the closest allowed outcome category is Donor acceptance. The reported metrics were measurement-agreement metrics rather than classification metrics: average error <2.5% (<7.0 mm), Pearson correlation 0.97, and intraclass correlations mostly above 0.90. No AUC, sensitivity, specificity, PPV, NPV, F1-score, calibration, or DCA were reported.",High Risk,,,Low Risk,,,Low Risk,,,Unclear,,,Low Concern,,,Government/Public,Yes (Declared COI),Yes,No,No,None/All features,No,Not Applicable/Not Reported,Yes,NR,NR,NR,No,60,NR,NR,NR,NR,NR,NR,NR
2026-07-27 13:41:10,llm-reviewer,22_Johnston et al. - 2025 - Estimating Calibrated Risks Using Focal Loss and Gradient-Boosted Trees for Clinical Risk Prediction,"Estimating Calibrated Risks Using Focal Loss and Gradient-Boosted Trees for Clinical Risk Prediction
Johnston, Henry and Nair, Nandini and Du, Dongping
Electronics / 2025",USA,Lung,National Registry,1988,2020,Transplant Recipients (Post-op),33244,NR,NR,Yes,Retrospective Cohort,Gradient Boosting (XGBoost/LightGBM),Focal-aware XGBoost / focal-aware LightGBM with Ψγ calibration transformation,Tabular (EMR/Clinical data),Other,Cross-Validation (k-fold),Not Reported,Not Reported,NR,NR,Other,0.700,NR,63.1,NR,Yes,SRTR (Scientific Registry of Transplant Recipients),,"The lung-transplant application used “data extracted from the Scientific Registry of Transplant Recipients (SRTR),” and the final lung dataset included patients “from 1 January 1988 to 28 November 2020.” The article itself is from U.S.-based authors and the SRTR is a U.S. registry. I did not identify a study-specific funding statement or COI disclosure in the retrieved text.","The final SRTR lung-transplant dataset included “33,244 patients,” with 984 PTLD cases and 32,260 non-cases. The extracted text does not provide a main baseline table with overall age or sex percentages for the lung cohort in the main results section I could verify. The features included demographics, immunosuppression, viral infections, and HLA variables, so clinical history was included.","The study used gradient-boosted decision trees, specifically XGBoost and LightGBM, trained with focal loss and then calibrated using the “Ψγ transformation.” It also compared against standard XGBoost, logistic regression, Platt scaling, and isotonic regression. The lung-transplant task used 54 tabular SRTR features. Evaluation used repeated 10-fold cross-validation experiments, and Bayesian hyperparameter optimization was explicitly described. I did not find SHAP/LIME or a separate feature-selection step beyond using the defined feature set.","The lung-transplant datasets were described as “high degree of class-imbalance,” and the focal-loss strategy was explicitly motivated as a way to handle imbalanced or skewed class distributions. Preprocessing/exclusion steps were described in Figure 2 and Section 4.1.1. However, I did not find a clear statement on missing-data imputation for the SRTR lung dataset, nor explicit fixed training/test sample counts because the study relied on repeated 10-fold cross-validation rather than a single holdout split. I also did not identify a code-availability statement in the retrieved text.","The lung-transplant outcome was PTLD, which is not one of the preset transplant-outcome categories, so the closest allowed choice is Other. The abstract states that the calibrated focal-aware XGBoost achieved “AUROC, Brier score, and calibration slope of 0.700, 0.128, and 0.968 for predicting the 10-year cancer risk.” The paper also reports that for 1-year PTLD prediction, “XGBoost-Focal calibrated using the Ψγ transformation achieved the best sensitivity (0.631).” Calibration plots, calibration slopes/intercepts, and Brier scores were central to the paper; DCA was not reported. I did not infer PPV, specificity, or NPV because they were not clearly stated in the retrieved excerpts.",Low Risk,,,Low Risk,,,Low Risk,,,Unclear,,,Low Concern,,,Unclear,Not Reported,Unclear,Yes,No,None/All features,Yes,"Yes (e.g., SMOTE, weighted loss)",Yes,NR,NR,NR,No,60,NR,NR,NR,NR,NR,NR,NR
2026-07-27 13:41:10,llm-reviewer,23_Kainuma et al. - 2022 - Predictors of 1-year outcome after cardiac re-transplantation Machine learning analysis,"Predictors of 1-year outcome after cardiac re-transplantation: Machine learning analysis
Kainuma, A. et al.
Clin Transplant / 2022",USA,Heart,National Registry,2000,2020,Transplant Recipients (Post-op),1294,NR,35.5,Yes,Retrospective Cohort,Random Forest,Random Survival Forests (RandomForestSRC) on Cox modeling,"Tabular (EMR/Clinical data), Donor metrics",Other,Not Reported,Complete Case Analysis (Excluded),No,NR,NR,1-year survival,NR,NR,NR,NR,No,Other Registry,,The study “retrospectively reviewed the United Network for Organ Sharing registry” and included adult recipients undergoing cardiac re-transplantation “between January 2000 and March 2020.” I did not identify an explicit funding or conflict-of-interest statement in the retrieved text.,"Table 1 reports a total cohort of 1294 recipients, with 460 women (35.5%). Age was reported as median 45 years [30–57], not mean, so mean age is NR. Ethnicity and multiple clinical history variables were reported, including malignancy, smoking history, diabetes, creatinine, dialysis, bilirubin, ECMO, IABP, LVAD, TAH, ventilator dependence, PRA, functional status, and ICU stay.","The authors used the “random forest algorithm on Cox modeling” and the R package “RandomForestSRC” to calculate variable importance for 1-year mortality. Recipient and donor tabular variables from UNOS were included. A complementary Cox model was used to verify findings, so the comparator is best classified as Other. I did not find a reported train/test split, cross-validation scheme, SHAP/LIME-style interpretability, or hyperparameter tuning. Variable selection was clinically/manual in the sense that variables “known to be associated with risk of mortality after OHT” were included, with high-missingness variables excluded.","The paper states that variables with more than 10% missing data “were excluded from the machine learning analysis,” which is most consistent with complete-case style handling at the variable level rather than imputation. No class-imbalance handling or code availability statement was reported. I also did not find explicit preprocessing/normalization procedures or separate training/test sizes.","The target outcome was 1-year mortality after cardiac re-transplantation, which maps most closely to 1-year survival in the extraction framework. Figure 2 and the abstract report 1-year mortality of 40.6% in early versus 13.6% in late re-transplantation. RSF results were reported as variable-importance rankings, not AUROC or classification metrics. No calibration or DCA was reported.",Low Risk,,,Low Risk,,,Low Risk,,,Unclear,,,Low Concern,,,Not Reported,Not Reported,Yes,Yes,No,Manual/Clinical expertise,No,No,No,NR,NR,NR,No,60,NR,NR,NR,NR,NR,NR,NR
2026-07-27 13:41:10,llm-reviewer,24_Kampaktsis et al. - 2021 - State-of-the-art machine learning algorithms for the prediction of outcomes after contemporary heart,"State-of-the-art machine learning algorithms for the prediction of outcomes after contemporary heart transplantation: Results from the UNOS database
Kampaktsis, P. N. et al.
Clin Transplant / 2021",USA,Heart,National Registry,2010,2018,Transplant Recipients (Post-op),18625,53,27,Yes,Retrospective Cohort,Ensemble,"Adaboost, Logistic Regression, Decision Tree, Support Vector Machine, and K-nearest neighbor","Tabular (EMR/Clinical data), Donor metrics","Linear Risk Score (e.g., LAS, EuroSCORE)",Internal Split (Train/Test),Complete Case Analysis (Excluded),No,13969,4656,1-year survival,0.689,NR,NR,NR,No,Other Registry,,The article used the “United Network for Organ Sharing (UNOS) database” and included adult heart transplant recipients “between 2010 and 2018.” I did not identify a funding statement or explicit conflict-of-interest disclosure in the retrieved text.,"The study cohort comprised “18 625 patients (53 ± 13 years, 73% males),” implying 27% female. Table 1 reports recipient ethnicity and multiple pre-transplant clinical variables, including diabetes, prior cardiac surgery, creatinine, HIV/CMV/EBV/HBV serology, diagnosis, inotropes, ventilation, and VAD use.","This was a retrospective UNOS analysis using “solely pre-transplant variables.” The dataset was split 3:1 into derivation and validation cohorts. Five supervised ML algorithms were trained after automated feature selection with “SVM-FuzCoC.” Hyperparameter optimization was explicitly performed, and LIME was used to explain the best-performing model. The IMPACT score served as a comparator for 1-year survival.","The authors excluded variables with “>10% missing values,” which is best classified here as complete-case style handling at the variable level rather than imputation. Class imbalance was addressed by “random oversampling.” Preprocessing was described, including exclusion criteria and conversion of categorical/textual variables to numerical format. Figure 1 reports training n = 13,969 and validation n = 4,656. No code release statement was identified.","The primary outcome was 1-year survival after heart transplantation. The abstract reports AUCs of 0.689, 0.642, 0.649, 0.637, and 0.526 for Adaboost, Logistic Regression, Decision Tree, SVM, and KNN, respectively, while IMPACT had AUC 0.569. Secondary analyses yielded AUCs of 0.629, 0.609, and 0.610 for 3-year survival, 5-year survival, and acute rejection. Although the paper states sensitivity, specificity, PPV, and NPV were evaluated, the exact model-specific values were not fully visible in the retrieved excerpts, so I have not guessed them. Calibration and DCA were not reported.",Low Risk,,,Low Risk,,,Low Risk,,,Unclear,,,Low Concern,,,Not Reported,Not Reported,Yes,Yes,"Yes (e.g., SHAP, LIME)","Automated (e.g., LASSO, Stepwise)",Yes,"Yes (e.g., SMOTE, weighted loss)",Yes,NR,NR,NR,No,60,NR,NR,NR,NR,NR,NR,NR
2026-07-27 13:41:10,llm-reviewer,25_Kampaktsis et al. - 2023 - Machine learning-based prediction of mortality after heart transplantation in adults with congenital,"Machine learning-based prediction of mortality after heart transplantation in adults with congenital heart disease: A UNOS database analysis
Kampaktsis, P. N. et al.
Clin Transplant / 2023",USA,Heart,National Registry,2000,2020,Transplant Recipients (Post-op),1033,NR,38.9,Yes,Retrospective Cohort,Gradient Boosting (XGBoost/LightGBM),CatBoost,"Tabular (EMR/Clinical data), Donor metrics",None,Internal Split (Train/Test),Complete Case Analysis (Excluded),No,723,310,1-year survival,0.80,75.2,75,75,No,Other Registry,,The authors queried the “United Network for Organ Sharing (UNOS) database” and identified ACHD patients who underwent isolated heart transplantation “from 2000 to 2020.” I did not identify an explicit funding or conflict-of-interest statement in the retrieved text.,"The study cohort included “1033 recipients (median age 34 years, 61% male),” implying female sex 38.9%. Age was reported as median, not mean, so mean age is NR. The text reports recipient characteristics such as dialysis, ECMO, mechanical ventilation, eGFR, bilirubin, HIV status, ischemic time, stroke, and post-transplant dialysis, so clinical history was included. Race/ethnicity was not reported in the retrieved excerpts I could verify.","The study used a “CatBoost ML model” with random splitting into derivation (70%) and validation (30%) cohorts. Input variables included recipient, donor, procedural, and post-transplant characteristics. Feature selection was performed using SHAP with recursive feature elimination, followed by expert review. Explainability was also done with SHAP summary and force plots. I did not see explicit hyperparameter-tuning details in the retrieved text.","The authors excluded variables with “>10% missing values,” which is best classified here as complete-case style handling at the variable level rather than imputation. Class imbalance was addressed by random oversampling. Preprocessing and random 70/30 splitting were described in Figure 1 and Methods. Based on the cohort of 1033, the training and validation sizes are approximately 723 and 310, respectively. I did not find a code-availability statement.","The primary modeled endpoint was 1-year mortality/survival after heart transplantation. The paper reports that the final 1-year CatBoost model achieved “AUC of .80,” “predictive accuracy of 75.2%,” “sensitivity of 75%,” “specificity of 75%,” “PPV of 42%,” and “NPV of 93%.” The 3-year model achieved AUC 0.69 and accuracy 74.2%. Calibration and DCA were not reported in the retrieved text.",Low Risk,,,Unclear,,,Low Risk,,,Unclear,,,Low Concern,,,Not Reported,Not Reported,Not Reported,Yes,"Yes (e.g., SHAP, LIME)","Automated (e.g., LASSO, Stepwise)",No,"Yes (e.g., SMOTE, weighted loss)",Yes,42,93,NR,No,60,NR,NR,NR,NR,NR,NR,NR
2026-07-27 13:41:10,llm-reviewer,26_Kozinski et al. - 2025 - Harnessing deep learning to detect bronchiolitis obliterans syndrome from chest CT,"Harnessing deep learning to detect bronchiolitis obliterans syndrome from chest CT
Kozinski, M. et al.
Commun Med (Lond) / 2025",Europe,Lung,Single Center,1990,2020,Transplant Recipients (Post-op),75,NR,58.7,Yes,Retrospective Cohort,Convolutional Neural Network (CNN),Deep neural network (DNN) with co-training and late-fusion architecture,Imaging (CT/CXR/Echo),Human expert/Clinician,Cross-Validation (k-fold),Complete Case Analysis (Excluded),Not Reported,NR,NR,Chronic Lung Allograft Dysfunction (CLAD incl. BOS),0.90,NR,NR,NR,No,Not Applicable / Not Reported,,"Patients were drawn from the “University Hospital of Lausanne, Switzerland, between 1990 and 2020,” making this a European single-center study. I did not identify a funding or COI statement in the retrieved text.","The study evaluated “75 post-transplant patients, including 26 with BOS,” and Table 2 reports BOS group sex as 9/17 male/female and non-BOS as 22/27 male/female, giving 44 females out of 75 total, or 58.7%. Table 2 reports age at transplantation, but only by BOS group, not an overall cohort mean. Race/ethnicity and comorbidity tables were not reported.","The paper states, “We trained a DNN to detect BOS in CT scans,” using a co-training method and late-fusion architecture tailored to low-data settings. Inputs were chest CT scans. The paper compared DNN performance with radiology-report detection in the narrative results, so human expert is the closest comparator. Evaluation used five-fold cross-validation. Visual interpretation techniques were used to reveal disease-relevant image regions, which counts as interpretability, although not specifically SHAP/LIME. I did not find explicit hyperparameter-tuning details in the retrieved text.","The study excluded scans with large pixel size, too few slices, and scans of patients with extensive infiltrates, which is most consistent with complete-case/exclusion-based handling rather than imputation. Class imbalance was addressed in the design and evaluation by patient-level five-fold splitting and weighted ROC analysis to avoid bias from patients with more scans, but no oversampling was described. Data preprocessing and acquisition details were described in depth, including scan inclusion/exclusion, reconstruction type, and late-fusion slice handling. Because the study used five-fold cross-validation at the patient level, fixed training/test N were not reported. Code availability was not reported in the retrieved text.","BOS is the obstructive phenotype of chronic lung allograft dysfunction, so the closest restricted category is CLAD. The main result was aggregated ROC-AUC 0.90 (95% CI 0.840–0.953) for BOS versus non-BOS. Performance by stage was 0.88, 0.91, and 0.94 for BOS stages I, II, and III, and 0.87 for at-risk patients with FEV1 80–90% of best. The paper did not report accuracy, PPV, sensitivity, specificity, NPV, F1-score, calibration, or DCA.",High Risk,,,Low Risk,,,Low Risk,,,Unclear,,,Low Concern,,,Not Reported,Not Reported,No,No,"Yes (e.g., SHAP, LIME)",None/All features,No,"Yes (e.g., SMOTE, weighted loss)",Yes,NR,NR,NR,No,60,NR,NR,NR,NR,NR,NR,NR
2026-07-27 13:41:10,llm-reviewer,27_Lehr et al. - 2024 - Differential effects of donor factors on post-transplant survival in lung transplantation,"Differential effects of donor factors on post-transplant survival in lung transplantation
Lehr, C. J. et al.
JHLT Open / 2024",USA,Lung,National Registry,2015,2020,Transplant Recipients (Post-op),7609,NR,40.3,Yes,Retrospective Cohort,Random Forest,Random forest model (RF) alongside Cox donor-factor interaction models,"Tabular (EMR/Clinical data), Donor metrics","Linear Risk Score (e.g., LAS, EuroSCORE)",Cross-Validation (k-fold),Complete Case Analysis (Excluded),No,NR,NR,1-year survival,0.626,NR,NR,NR,Yes,SRTR (Scientific Registry of Transplant Recipients),,The study used the “US Scientific Registry of Transplant Recipients” and included primary bilateral lung transplant recipients from “19 February 2015–1 February 2020.” I did not identify an explicit funding or COI statement in the retrieved text.,"Adult bilateral lung transplant recipients “(n = 7,609)” were included. Recipient age was reported as median 59 years, not mean, so mean age is NR. Table 1 reports recipient sex, race/ethnicity, diagnosis group, insurance, and functional status.","The paper compared Cox donor-factor models and a “random forest model (RF)” against the “PT-CAS” post-transplant survival model. Predictors were donor and recipient registry variables, with clinically guided staged interaction testing by recipient age, sex, and diagnosis. Ten-fold cross-validation was used for time-dependent AUC estimates. I did not find SHAP/LIME or explicit hyperparameter tuning.","For model comparison, “437 recipients were omitted due to missingness of values used in the CAS post-transplant survival model,” which is most consistent with complete-case analysis. Preprocessing and cohort restriction were described, including exclusion of single-lung recipients and restriction to complete-data subsets for some comparisons. Class-imbalance handling and code release were not reported. Fixed train/test sizes were not given because evaluation used ten-fold cross-validation.","The outcome was post-transplant survival, reported at 1, 3, and 5 years. The best-performing combined model, “COX + PT-CAS,” achieved 1-year AUC 0.626 versus PT-CAS 0.609. Figure 3 also showed improved calibration for the combined Cox + PT-CAS model across a broader range of predicted risk. Accuracy, PPV, sensitivity, specificity, NPV, and F1-score were not reported.",Low Risk,,,Low Risk,,,Low Risk,,,Unclear,,,Low Concern,,,Not Reported,Not Reported,Yes,Yes,No,Manual/Clinical expertise,No,No,Yes,NR,NR,NR,No,60,NR,NR,NR,NR,NR,NR,NR
2026-07-27 13:41:10,llm-reviewer,28_Lehr-2020-Extremes of Age Decrease Survival in,"Extremes of Age Decrease Survival in Adults After Lung Transplant
Lehr, C. J. et al.
Chest / 2020",USA,Lung,National Registry,2006,2015,Transplant Recipients (Post-op),14253,NR,NR,Yes,Retrospective Cohort,Random Forest,Random survival forest (RSF),"Tabular (EMR/Clinical data), Donor metrics",None,Other,Other,No,NR,NR,5-year survival,NR,NR,NR,NR,No,SRTR (Scientific Registry of Transplant Recipients),,"The study used the “Scientific Registry of Transplant Recipients” and included adult lung transplant recipients between “January 1, 2006, and February 19, 2015.” The paper explicitly states, “no funding was received for this study.” I did not identify an explicit COI declaration in the retrieved text.","The cohort included “14,253 patients,” with median age 59 years. Sex was reported by age subgroup in Table 1, but not as a single overall cohort percentage in the retrieved text, so I did not infer an overall female proportion. Table 1 reports multiple clinical/history variables including BMI, diagnosis group, tobacco use, chronic steroid use, functional status, ECMO, mechanical ventilation, creatinine clearance, bilirubin, dialysis, cardiac index, pCO2, FEV1, FVC, 6MWD, hospitalization, LAS, and transplant type. Race/ethnicity was not reported.","The paper states that “random-survival forest methodology was used to examine risk factors for death,” alongside a nonproportional hazard model. RSF used 96 variables to grow 500 trees, and “final selection of model variables was performed using bootstrap aggregation.” Inputs included recipient, donor, and paired donor-recipient variables. The analysis is better characterized as internal modeling/variable-importance analysis rather than a conventional train-test split or cross-validation framework, so validation is listed as Other.","The paper states that management of missing values is described in an appendix, but the retrieved main text does not provide enough detail to classify it as simple or multiple imputation with confidence, so I marked it as Other. No class-imbalance method or code release was reported. The RSF analysis used the full cohort with bootstrapping and 500 trees rather than a separate training and test split, so training/test sizes are NR. Explicit normalization/preprocessing steps typical of ML papers were not described in the retrieved text.","The paper focused on post-transplant survival across time, with particular emphasis on long-term survival beyond 5 years; the text notes that “increased age is associated with decreased long-term survival defined as greater than 5 years after lung transplant.” Figure 1 shows Kaplan-Meier survival by age group, and the text reports 5-year predicted survival of 64.5% for age 20, 81.2% for age 45, and 71.5% for age 65 in a hypothetical adjusted model. However, no AUC, accuracy, sensitivity, specificity, PPV, NPV, F1-score, calibration, or DCA were reported.",Low Risk,,,Low Risk,,,Low Risk,,,Unclear,,,Low Concern,,,None,Not Reported,No,Yes,No,"Automated (e.g., LASSO, Stepwise)",No,No,No,NR,NR,NR,No,60,NR,NR,NR,NR,NR,NR,NR
2026-07-27 13:41:10,llm-reviewer,29_Linse-2023-A machine learning model for predic,"A machine learning model for prediction of 30-day primary graft failure after heart transplantation
Linse, B. et al.
Heliyon / 2023",Multi-national,Heart,International Registry,1994,2013,Transplant Recipients (Post-op),64964,51.4,22,Yes,Retrospective Cohort,"Artificial Neural Networks (ANN, MLP, NN)",Fully connected multilayer perceptron artificial neural network (ANN/MLP),"Tabular (EMR/Clinical data), Donor metrics","Linear Risk Score (e.g., LAS, EuroSCORE)",Cross-Validation (k-fold),Multiple Imputation,Other,NR,NR,Primary Graft Dysfunction (PGD),0.70,NR,NR,NR,No,ISHLT Registry,,"The study used the “ISHLT registry,” described as “a global collaborative effort and the largest repository of heart transplant data in the world,” and included transplants from “January 1, 1994, and December 31, 2013.” I did not identify explicit funding or COI statements in the retrieved text.","The final study population comprised “64,964 patients,” with mean age “51.4 ± 11.9 years” and “22% (N = 13,607) of the transplanted patients were female.” Table 2 reports extensive donor and recipient clinical-history variables, including diagnosis, vascular disease, stroke after listing, dialysis, ventilation, ECMO, prior transplantation, prior cardiac surgery, bilirubin, creatinine, PRA, donor hypertension, smoking, cocaine history, and cause of death. Race/ethnicity was not reported in the retrieved excerpts.","The authors developed “a non-linear artificial neural networks (ANN) model” using fully connected MLP architectures with up to three hidden layers, and compared it with the RADIAL model. The model used donor-recipient tabular variables available at transplant. Validation used an internal “nested K-fold cross-validation approach” with an outer and inner stratified 5-fold loop. Model selection used random search over hyperparameters. Variable selection was automated via permutation testing and model-based ranking. No SHAP/LIME-style interpretability was reported.","Missingness was substantial, and the authors explicitly evaluated “multiple probability imputation (MPI)” as well as mean imputation; MPI during training with mean imputation during validation is best aligned with multiple imputation among the restricted choices. Class imbalance was addressed with a weighted error function, where positive samples were weighted threefold. Preprocessing included normalization of continuous variables to zero mean/unit variance, binary coding, and one-hot encoding for categorical variables. Fixed train/test counts were not reported because validation used nested 5-fold cross-validation across the whole cohort. The software stack was reported (Theano, Lasagne, scikit-learn), but I did not see a public code-release statement, so code availability is marked Other rather than No.","The primary endpoint was PGF within 30 days, defined as death due to graft failure or cardiovascular causes, or retransplant within 30 days for causes other than rejection. In the extraction framework, PGF maps most closely to PGD. The best ANN achieved a test AUROC/C-index of “0.70 (95% CI: 0.68–0.71).” The paper also reports that the score-based RADIAL model had AUROC 0.53 and recalibrated RADIAL 0.61, both significantly worse. No classification accuracy, PPV, sensitivity, specificity, NPV, F1-score, calibration, or DCA were reported in the retrieved text.",Low Risk,,,Low Risk,,,Low Risk,,,Unclear,,,Low Concern,,,Not Reported,Not Reported,No,Yes,No,"Automated (e.g., LASSO, Stepwise)",Yes,"Yes (e.g., SMOTE, weighted loss)",Yes,NR,NR,NR,No,60,NR,NR,NR,NR,NR,NR,NR
2026-07-27 13:41:10,llm-reviewer,30_Liou et al. - 2025 - Survival machine learning methods for mortality prediction after heart transplantation in the contem,"Survival machine learning methods for mortality prediction after heart transplantation in the contemporary era
Liou, L. et al.
PLoS One / 2025",USA,Heart,National Registry,2018,2021,Transplant Recipients (Post-op),7160,53.5,27.5,Yes,Retrospective Cohort,Random Forest,"Lasso, Ridge, Elastic Net, Cox Gradient Boost, XGBoost Linear, XGBoost Tree, and Random Survival Forests","Tabular (EMR/Clinical data), Donor metrics",Other,Internal Split (Train/Test),Multiple Imputation,Yes,6444,716,1-year survival,0.628,NR,NR,NR,No,SRTR (Scientific Registry of Transplant Recipients),,"The analysis used the “Scientific Registry of Transplant Recipients (SRTR)” in the U.S. and included recipients transplanted “on or after October 18, 2018,” with follow-up to “June 3, 2021.” The paper states “The author(s) received no specific funding for this work” and “The authors have declared that no competing interests exist.”","The post-policy cohort included “7,160 adult heart-only transplant recipients.” The average recipient age was 53.5 years, and 27.5% were female. Race was reported, with 72.1% white, and numerous clinical/history variables were included such as diabetes, prior cardiac surgery, dialysis, VAD, ECMO, IABP, bilirubin, GFR, viral serologies, and functional status.","The study benchmarked seven survival ML/statistical models plus Cox PH using SRTR tabular recipient, donor, waitlist, clinical, and procedural variables. Predictors were chosen “based on expert opinion and literature review.” The data were split 90% training and 10% holdout, with nested repeated cross-validation within the derivation set and random-search hyperparameter tuning. There was no SHAP/LIME-style explainability.","The authors used “multiple imputation with chained equations,” z-score standardization, and one-hot encoding, while excluding predictors with >20% missingness. A 90/10 split implies about 6,444 training and 716 holdout patients. I found no resampling or class-weighting for imbalance. The paper explicitly states that “The code used in the analysis can be found” on GitHub.","The outcome was “one-year all-cause mortality,” so the closest extraction label is 1-year survival. In the post-policy holdout set, Random Survival Forests had the highest C-index at 0.628, followed by Cox Boost at 0.627. Table 2 shows the other post-policy holdout C-indices: CoxPH 0.585, Ridge 0.586, Lasso 0.613, Elastic Net 0.613, XGBoost Linear 0.600, and XGBoost Tree 0.612. Calibration plots were not described for this paper in the retrieved text, and DCA was not reported.",Low Risk,,,Low Risk,,,Low Risk,,,Unclear,,,Low Concern,,,None,Yes (Declared COI),Yes,Yes,No,Manual/Clinical expertise,Yes,No,Yes,NR,NR,NR,No,60,NR,NR,NR,NR,NR,NR,NR
2026-07-27 13:41:10,llm-reviewer,31_Lipkova et al. - 2022 - Deep learning-enabled assessment of cardiac allograft rejection from endomyocardial biopsies,"Deep learning-enabled assessment of cardiac allograft rejection from endomyocardial biopsies
Lipkova, J. et al.
Nat Med / 2022",Multi-national,Heart,Multi-center,2002,2021,Transplant Recipients (Post-op),2398,NR,NR,Yes,Retrospective Cohort,Convolutional Neural Network (CNN),CRANE (Cardiac Rejection Assessment Neural Estimator),Pathology slides,Human expert/Clinician,External Validation (Geographic/Different Hospital),Not Reported,Not Reported,3548,1516,Acute Rejection,0.962,89.9,NR,NR,No,Not Applicable / Not Reported,,"The study combined a U.S. cohort with external cohorts from Turkey and Switzerland, so it is multinational and multicenter. Figure 1 states the U.S. train cohort spanned 2004–2021, the Turkish cohort 2002–2020, and the Swiss cohort 2014–2020, making the overall time span 2002–2021. I did not identify funding or COI statements in the retrieved text.","The study population comprised heart-transplant recipients undergoing EMB assessment. The retrieved text reports 1,690 patient biopsies in the U.S. cohort, 585 patients in Turkey, and 123 patients in Switzerland, totaling 2,398 patients/biopsies across cohorts used for development and external testing. I did not find a cohort-wide mean age, sex percentage, race/ethnicity, or comorbidity summary in the retrieved text.","CRANE is a deep-learning system operating on H&E-stained whole-slide biopsy images using a pretrained CNN encoder plus attention-based multiple instance learning. It was compared with expert pathologist assessment in a reader study, and it was externally evaluated on Turkish and Swiss cohorts, which makes external geographic validation the strongest validation label. The system also generated attention heatmaps for interpretation. Hyperparameters and architecture details are described in Methods.","The internal U.S. cohort was split into 70% training, 10% validation, and 20% hold-out testing. Since the U.S. dataset contained 5,054 WSIs, this corresponds to about 3,548 training WSIs and about 1,011 hold-out WSIs; adding the external Turkish and Swiss test cohorts gives 1,717 + 123 + 1,011 = about 2,851 total test WSIs, but for the strict held-out internal test field I report the internal U.S. holdout only as 1,011 if only internal is desired. However, because the prompt asks for test/validation size and the paper emphasizes rigorous external testing, I instead used the clearly reported external test cohorts separately in the narrative and note this ambiguity. Tissue segmentation, patching, transfer learning, and multi-magnification fusion were clearly described. Class imbalance was handled partly by balanced cohort partitioning rather than conventional reweighting; hence “Other.” Missing-data handling and code availability were not reported in the retrieved text.","On the U.S. hold-out set, the model detected overall rejection with AUC 0.962 and accuracy 0.899. It detected cellular rejection with AUC 0.958 and accuracy 0.893, antibody-mediated rejection with AUC 0.874 and accuracy 0.899, Quilty B lesions with AUC 0.939 and accuracy 0.920, and low-grade versus high-grade rejection with AUC 0.833 and accuracy 0.818. No PPV, sensitivity, specificity, NPV, F1, calibration, or DCA were reported in the retrieved text.",Low Risk,,,Low Risk,,,Low Risk,,,Low Risk,,,Low Concern,,,Not Reported,Not Reported,No,No,"Yes (e.g., SHAP, LIME)",None/All features,Yes,Other,Yes,NR,NR,NR,No,60,NR,NR,NR,NR,NR,NR,NR
2026-07-27 13:41:10,llm-reviewer,32_Lisboa et al. - 2022 - Enhanced survival prediction using explainable artificial intelligence in heart transplantation,"Enhanced survival prediction using explainable artificial intelligence in heart transplantation
Lisboa, P. J. G. et al.
Sci Rep / 2022",Multi-national,Heart,International Registry,1997,2018,Transplant Recipients (Post-op),44478,NR,26,Yes,Retrospective Cohort,"Artificial Neural Networks (ANN, MLP, NN)","Partial Response Network (PRN-Lasso); benchmarked against IHTSA deep learning model, IMPACT, and Explainable Boosting Machine","Tabular (EMR/Clinical data), Donor metrics","Linear Risk Score (e.g., LAS, EuroSCORE)",External Validation (Temporal),Simple Imputation (Mean/Median),Not Reported,31315,4750,1-year survival,0.628,NR,NR,NR,Yes,Other Registry,,"The study used UNOS cohorts from 1997–2018 and an external Scandinavian cohort from 1997–2018, so the data origin is multinational and best classified as international registry data rather than a single-country registry alone. I did not identify an explicit funding or COI statement in the retrieved text.","The UNOS cohorts included derivation n = 31,315, test n = 6,120, and blinded external validation n = 4,750, totaling 42,185 UNOS recipients; the Scandinavian cohort added 2,293 recipients, for 44,478 total across all cohorts described. Female sex was 26% in the external validation cohort and 24% in the derivation cohort; I report 26% because the primary external-validation cohort is the main focus of performance reporting. Race and multiple comorbidities/clinical variables were reported, including diabetes, dialysis, infection, ECMO, IABP, VAD, ventilator use, bilirubin, creatinine, and diagnosis. A single overall mean age across all cohorts was not reported in the retrieved text.","The paper developed a self-explaining neural network, the Partial Response Network, and benchmarked it against the previously published deep learning IHTSA model, IMPACT, and EBM. Inputs were tabular recipient and donor variables. The main study design was a temporal derivation/tuning/validation framework: 1997–2013 for training, 2014–2016 for testing/hyperparameter optimization, and 2017–2018 as blinded external validation. Explainability was intrinsic to the PRN design through explicit partial-response functions rather than SHAP/LIME, but it still meets the user’s category of explainability used.","The Scandinavian external dataset had missing values imputed using the median for each column, which fits best under simple imputation. The model-development workflow clearly described derivation, test, and external validation cohorts and standardization around medians for partial responses. I did not find any resampling or class-weighting approach for class imbalance, nor a code-release statement. The derivation cohort size was 31,315 and the primary blinded external validation cohort size was 4,750.","The modeled outcome was 1-year mortality after heart transplantation, which maps to 1-year survival in this extraction framework. In the blinded external UNOS 2017–2018 cohort, PRN-Lasso achieved AUROC 0.628 [0.602, 0.654], compared with 0.635 [0.609, 0.662] for IHTSA; calibration for PRN was good with Hosmer–Lemeshow chi-square 15.01, p = 0.135. In the Scandinavian cohort, AUROC was 0.626 with imputed data and 0.634 with observed-only data. Accuracy, PPV, sensitivity, specificity, NPV, F1, and DCA were not reported in the retrieved text.",Low Risk,,,Low Risk,,,Low Risk,,,Low Risk,,,Low Concern,,,Not Reported,Not Reported,Yes,Yes,"Yes (e.g., SHAP, LIME)","Automated (e.g., LASSO, Stepwise)",Yes,No,Yes,NR,NR,NR,No,60,NR,NR,NR,NR,NR,NR,NR
2026-07-27 13:41:10,llm-reviewer,33_Ma-2025-Developing approaches to incorporate d,"Developing approaches to incorporate donor-lung computed tomography images into machine learning models to predict severe primary graft dysfunction after lung transplantation
Ma, W. et al.
Am J Transplant / 2025",USA,Lung,Single Center,2010,2019,Transplant Recipients (Post-op),160,NR,41.88,Yes,Retrospective Cohort,Convolutional Neural Network (CNN),3D ResNet (SE ResNet50 3D) with multimodal fusion; EfficientNetB7 and ResNet50 comparator imaging pipelines,"Imaging (CT/CXR/Echo), Tabular (EMR/Clinical data), Donor metrics",None,Cross-Validation (k-fold),Simple Imputation (Mean/Median),Not Reported,120,20,Primary Graft Dysfunction (PGD),0.74,NR,NR,NR,No,Not Applicable / Not Reported,,"The study included patients undergoing bilateral lung transplantation “at Washington University in St. Louis between January 1, 2010 and December 31, 2019,” making this a U.S. single-center cohort. I did not identify explicit funding or COI statements in the retrieved text.","“In total, 160 patients were eligible for inclusion,” and Table 1 reports female sex in 67 of 160 recipients (41.88%). Age was reported as median 61 years rather than mean, so mean age is NR. Race, diagnosis, hospitalization status, ICU status, mechanical ventilation, ECMO, LAS, BMI, pulmonary artery pressure, and donor characteristics were reported.","The study tested four computer-vision architectures, including ResNet50 montage approaches, EfficientNetB7 slice-based extraction, and a pretrained “3D ResNet model (SE ResNet50 3D).” Clinical and imaging data were then fused by early, joint, and late fusion. Feature reduction used repeated LASSO with selection frequency thresholding. Model training used stratified 7-fold cross-validation plus held-out validation/test sets. Hyperparameters included focal-loss gamma testing and were selected during cross-validation.","The paper states, “Missing clinical data was median imputed,” which is simple imputation. The cohort was split “75%:12.5%:12.5% train:test:validation,” so for 160 patients this corresponds to about 120 training and 20 held-out test patients. Preprocessing included DICOM handling, grayscale normalization, automatic exclusion of the top 15% and bottom 5% of scan series, resizing/cropping, and feature ablation. Class imbalance was addressed using focal loss optimized for AUPRC. Code availability was not reported in the retrieved text.","The primary outcome was “severe PGD (grade 3) at any time within the first 72 hours after transplantation.” Among imaging-only approaches, the best model had median AUROC 0.63 and AUPRC 0.48. The best overall model was late fusion of imaging and clinical data, with median AUROC 0.74 and AUPRC 0.61, significantly better than clinical EHR data alone (AUROC 0.64, AUPRC 0.43). The paper also reports F1, recall, PPV, NPV, and accuracy in tables, but the provided excerpt does not show all final fused-model numeric values clearly enough for me to extract them without risk of error, so I leave them NR. Calibration and DCA were not reported.",High Risk,,,Low Risk,,,Low Risk,,,Unclear,,,Low Concern,,,Not Reported,Not Reported,Yes,Yes,No,"Automated (e.g., LASSO, Stepwise)",Yes,"Yes (e.g., SMOTE, weighted loss)",Yes,NR,NR,NR,No,60,NR,NR,NR,NR,NR,NR,NR
2026-07-27 13:41:10,llm-reviewer,34_Mardini et al. - 2024 - An explainable machine learning approach using contemporary UNOS data to identify patients who fail,"An explainable machine learning approach using contemporary UNOS data to identify patients who fail to bridge to heart transplantation
Mardini, M. T. et al.
Front Cardiovasc Med / 2024",USA,Heart,National Registry,2018,2022,Transplant Candidates (Waitlist),4178,54.1,23.5,Yes,Retrospective Cohort,Gradient Boosting (XGBoost/LightGBM),eXtreme Gradient Boosting (XGBoost),Tabular (EMR/Clinical data),None,Cross-Validation (k-fold),Algorithm handles natively,Not Reported,NR,NR,Waitlist mortality,0.71,72,54,75,No,Other Registry,,"The study “utilized the UNOS registry” and identified candidates “listed between 2018 and 2022 as UNOS Status 2,” making this a U.S. national registry study. I did not identify an explicit funding or competing-interest declaration in the retrieved text.","The cohort included “4,178 patients listed as Status 2.” From Table 1, mean age was 52.3 in failures and 54.3 in non-failures; weighted overall mean is about 54.1 years. Female sex was 96/504 in failures and 885/3674 in non-failures, for an overall 981/4178 = 23.5%. Race, diabetes, ventilation, dialysis, cardiomyopathy type, hemodynamics, biochemistry, medications, and region were all reported.",The authors “used the eXtreme Gradient Boosting (XGBoost) algorithm” and developed one comprehensive model plus region-specific models. Inputs were structured UNOS tabular clinical features. Model interpretation used SHAP. Predictors were chosen from clinically different features between groups and then reduced to 19 inputs after removing highly correlated variables and creating missingness indicators. Validation used 5 × 5 nested cross-validation with grid search.,"The study explicitly compared several imputation methods, including “XGBoost’s built-in imputation mechanism,” and Supplementary Table S1 determined the best strategy per model; among the restricted categories, “algorithm handles natively” fits best. Class imbalance was addressed by testing under-sampling, SMOTE, and increased class weights. Preprocessing included removal of correlated features, creation of PAPi, missingness indicators, and categorical encoding. Fixed train/test counts were not reported because evaluation used nested cross-validation folds. Code availability was not stated.","The primary outcome was failure to bridge to transplant, defined as “death while on the waiting list, being too sick to transplant, being listed as an inactive patient due to a high risk of transplantation (Status 7) or upgrading to UNOS status 1.” Within the restricted outcome labels, Waitlist mortality is the closest fit, though the actual endpoint is broader than mortality alone. The overall model achieved AUC 0.71 ± 0.03, accuracy 0.72 ± 0.02, sensitivity 0.54 ± 0.04, and specificity 0.75 ± 0.02. PPV, NPV, F1, calibration, and DCA were not reported in the retrieved text.",Low Risk,,,Low Risk,,,Low Risk,,,Unclear,,,Low Concern,,,Not Reported,Not Reported,Yes,Yes,"Yes (e.g., SHAP, LIME)",Manual/Clinical expertise,Yes,"Yes (e.g., SMOTE, weighted loss)",Yes,NR,NR,NR,No,60,NR,NR,NR,NR,NR,NR,NR
2026-07-27 13:41:10,llm-reviewer,35_McInnis-2022-Chronic lung allograft dysfunctio,"Chronic lung allograft dysfunction phenotype and prognosis by machine learning CT analysis
McInnis, M. C. et al.
Eur Respir J / 2022",Other,Lung,Single Center,2010,2019,Transplant Recipients (Post-op),88,47.3,51.1,Yes,Retrospective Cohort,Other,CALIPER-based Lung Texture Analysis tool (Imbio),Imaging (CT/CXR/Echo),Human expert/Clinician,Other,Complete Case Analysis (Excluded),No,NR,NR,Chronic Lung Allograft Dysfunction (CLAD incl. BOS),0.85,NR,90,70.1,No,Not Applicable / Not Reported,,"This was a “single-centre retrospective study” from the Toronto Lung Transplant Program, University Health Network, Toronto, Canada, including transplants from “ January 2010–December 2015” with CLAD censored “31 December 2019.” Funding and COI were not visible in the retrieved text.","The final CLAD cohort “consisted of 88 patients: 57 BOS, 12 RAS, eight mixed, eight undefined and three unclassified.” From Table 1, approximate weighted mean age at transplant is about 47.3 years, and females were 31 + 8 + 6 = 45 of 88 patients, or 51.1%. Race/ethnicity was not reported. Clinical history included native lung disease, CMV serostatus, time to CLAD onset, graft-failure type, immunologic variables, infection score, rejection score, and DSA status.","The study used the “Lung Texture Analysis tool (Imbio, Minneapolis, MN, USA) based on CALIPER,” previously trained outside the transplant cohort, to quantify CT textures and PVV. This was compared with independent scoring by two fellowship-trained thoracic radiologists. The work is best characterized as imaging biomarker evaluation rather than conventional train/test ML development on this cohort, so validation is “Other.” No SHAP/LIME or hyperparameter-tuning process was reported.","Patients were required to have a qualifying thin-section inspiratory CT near CLAD diagnosis, and cases with failed segmentation were excluded, which is most consistent with complete-case/exclusion-based handling. Preprocessing was described in detail: lung segmentation, removal of large airways/central vasculature, voxel texture assignment, radiologist review of overlays, and normalization of ML variables by CT total lung capacity. No class-imbalance method, code release, or train/test split was reported because this was not a new model-training study in this cohort.","The main diagnostic outcome was CLAD phenotyping. ROC analysis showed that GGOML, RETML, and especially PVVML identified the RAS/mixed phenotype, with PVV having the strongest AUC of 0.85. Using a 3% cut-point, PVV had sensitivity 90.0% and specificity 70.1% for RAS/mixed phenotyping. Machine-learning hyperlucent lung identified BOS on inspiratory CT alone with AUC 0.76. Prognostically, PVV was the strongest independent CT predictor of graft failure in multivariable Cox analysis (HR 1.23, 95% CI 1.05–1.44; p = 0.01). Accuracy, PPV, NPV, F1, calibration, and DCA were not reported.",High Risk,,,Low Risk,,,Low Risk,,,Unclear,,,Low Concern,,,Not Reported,Not Reported,No,Yes,No,None/All features,No,No,Yes,NR,NR,NR,No,60,NR,NR,NR,NR,NR,NR,NR
2026-07-27 13:41:10,llm-reviewer,36_Medved et al. - 2018 - Improving prediction of heart transplantation outcome using deep learning techniques,"Improving prediction of heart transplantation outcome using deep learning techniques
Medved, D. et al.
Sci Rep / 2018",USA,Heart,National Registry,1997,2011,Transplant Recipients (Post-op),27860,52,24,Yes,Retrospective Cohort,"Artificial Neural Networks (ANN, MLP, NN)",International Heart Transplantation Survival Algorithm (IHTSA); comparator IMPACT,"Tabular (EMR/Clinical data), Donor metrics","Linear Risk Score (e.g., LAS, EuroSCORE)",External Validation (Temporal),Complete Case Analysis (Excluded),Other,22263,5597,1-year survival,0.65,NR,NR,NR,Yes,Other Registry,,"The study used “data from adult heart transplanted patients between January 1997 to December 2011… collected from the UNOS registry,” which is a U.S. national registry. I did not identify explicit funding or COI statements in the retrieved text.","The study included “27,860 heart transplantations, corresponding to 27,705 patients.” Recipient mean age was “52 ± 13 years,” and 76% were male, implying 24% female. Race and numerous clinical-history variables were reported, including diabetes, infection, dialysis, previous transplant, previous cardiac surgery, ICU status, ventilation, ECMO, IABP, VAD, bilirubin, creatinine, PRA, and diagnosis.","The paper compared the deep-learning IHTSA model with the logistic-regression-based IMPACT score. IHTSA used recipient and donor tabular registry variables, whereas IMPACT used recipient variables only. The study split cohorts into pre-2009 derivation and 2009–2011 temporal test cohorts, which is best classified as external temporal validation relative to the derivation era. The text mentions CART was used by IHTSA developers to assess relative feature importance, but not as a main explainability framework in this paper. Hyperparameter tuning was not described in the retrieved text.","The derivation cohort contained 22,263 transplants and the test cohort 5,597. The tables repeatedly report “N, number of transplants with non-missing values,” which indicates analysis on available cases rather than explicit imputation, so complete-case style handling is the best fit. No class-imbalance strategy or preprocessing/normalization details were reported. A web calculator for IHTSA is mentioned, but no code repository or released weights were identified, so code availability is marked Other.","In the 2009–2011 test cohort, recalibrated IHTSA achieved AUROC 0.65 (95% CI 0.63–0.68) for 1-year mortality, compared with 0.61 (0.58–0.63) for IMPACT. For long-term survival, recalibrated IHTSA had C-index 0.63 (0.61–0.65) versus 0.58 (0.56–0.61) for IMPACT. Calibration was reported through predicted versus actual mortality and Hosmer–Lemeshow statistics, with IHTSA closer to observed 1-year mortality than IMPACT. Accuracy, PPV, sensitivity, specificity, NPV, and F1-score were not reported.",Low Risk,,,Low Risk,,,Low Risk,,,Unclear,,,Low Concern,,,Not Reported,Not Reported,Yes,Yes,No,Manual/Clinical expertise,Not Reported,No,No,NR,NR,NR,No,60,NR,NR,NR,NR,NR,NR,NR
2026-07-27 13:41:10,llm-reviewer,37_Michelson-2024-Developing machine learning mod,"Developing machine learning models to predict primary graft dysfunction after lung transplantation
Michelson, A. P. et al.
Am J Transplant / 2024",USA,Lung,Single Center,2010,2019,Transplant Recipients (Post-op),576,NR,41.15,Yes,Retrospective Cohort,Other,"K-nearest neighbors (KNN), logistic regression (LR), extreme gradient boosting (XGB), and support vector classifier (SVC); final selected model = KNN","Tabular (EMR/Clinical data), Donor metrics",None,Internal Split (Train/Test),Simple Imputation (Mean/Median),Other,432,144,Primary Graft Dysfunction (PGD),0.65,NR,NR,NR,Yes,Not Applicable / Not Reported,,"The cohort included bilateral lung transplant recipients “at our center between January 1, 2010, and December 31, 2019,” which makes this a U.S. single-center study. I did not identify explicit funding or COI statements in the retrieved text.","The final cohort “consisted of 576 patients.” Table 1 reports recipient sex as 237 female of 576 total recipients, or 41.15%. Recipient age was reported as median 59 years rather than mean, so mean age is NR. Race, BMI, diagnosis, LAS, ICU status, ventilation, ECMO, donor variables, and pulmonary artery pressure were reported.","The study used donor and recipient pretransplant structured data from UNOS, UNet, and the local EHR. Four prediction algorithms were trained: LR, KNN, XGB, and SVC. Feature reduction was done with lasso regression, and hyperparameters were optimized using 5-fold cross-validation with random grid search. Feature importance was assessed using SHAP. The cohort was split 75%/25% into train/test sets.","The paper states that “missing data were median imputed for continuous data and mode imputed for binary data,” which is simple imputation. Preprocessing included binary encoding of categorical variables and MinMax scaling fit on the training data and applied to the test data. The population was divided into a 75%/25% train-test split, which corresponds to about 432 training and 144 test patients from 576 total. I did not see explicit class-imbalance mitigation. The model was deployed on a secure website, but no source-code release was stated, so code availability is best classified as Other.","The primary outcome was “PGD grade 3 at any time within 72 hours of transplantation,” which maps to PGD. The abstract states that the final selected KNN model had “an area under the receiver operating characteristics curve of 0.65.” Table 3 shows KNN among the better-performing models, and Table 4/Figure 4 show explicit calibration assessment using Cox intercepts, slopes, and calibration curves before and after sigmoid calibration. The retrieved text does not provide clear final held-out PPV, sensitivity, specificity, NPV, or F1 values for the selected final KNN model, so I leave those as NR. DCA was not reported.",High Risk,,,Low Risk,,,Low Risk,,,Unclear,,,Low Concern,,,Not Reported,Not Reported,Yes,Yes,"Yes (e.g., SHAP, LIME)","Automated (e.g., LASSO, Stepwise)",Yes,No,Yes,NR,NR,NR,No,60,NR,NR,NR,NR,NR,NR,NR
2026-07-27 13:41:10,llm-reviewer,38_Miller et al. - 2019 - Predictive Abilities of Machine Learning Techniques May Be Limited by Dataset Characteristics Insig,"Predictive Abilities of Machine Learning Techniques May Be Limited by Dataset Characteristics: Insights From the UNOS Database
Miller, P. E. et al.
J Card Fail / 2019",USA,Heart,National Registry,1987,2014,Transplant Recipients (Post-op),50453,NR,NR,Yes,Retrospective Cohort,"Artificial Neural Networks (ANN, MLP, NN)","Neural networks, naïve-Bayes, tree-augmented naïve-Bayes, support vector machines, random forest, stochastic gradient boosting; compared with logistic regression, ridge regression, and LASSO","Tabular (EMR/Clinical data), Donor metrics",Other,Internal Split (Train/Test),Complete Case Analysis (Excluded),No,40362,10091,1-year survival,0.66,NR,NR,NR,Yes,Other Registry,,"The study queried the “UNOS database… since its inception in 1987 through 2014” for adult cardiac transplant recipients, making this a U.S. national registry study. Disclosures were explicitly reported, and one author was “supported by grant K12 HS023000-04 from the Agency for Healthcare Research and Quality,” which fits government/public funding.","The final analytic cohort included “50,453/62,621 patients” after excluding those with >20% missing data. The retrieved text did not provide an overall age or sex summary for the full cohort, so these remain NR. The paper did report major clinical predictors such as age, renal function, BMI, liver function tests, bilirubin, creatinine clearance, hemodynamics, donor blood pH, and candidate diagnosis. Race/ethnicity was not reported in the retrieved text.","The study explicitly compared traditional statistical methods with machine-learning methodologies and identified neural networks as the best-performing advanced model. Inputs were structured UNOS clinical variables, including donor and recipient factors. The data were “trained on 80% of the data and then tested on the remaining 20%,” so the validation method is internal split. No SHAP/LIME-style explainability or hyperparameter-tuning strategy was described in the retrieved text.","The authors “excluded patients with >20% missing data,” which is best classified as complete-case/exclusion-based handling. The train/test split was 80%/20%, corresponding to about 40,362 training and 10,091 test patients from 50,453 total. I did not find any explicit class-imbalance mitigation, code-release statement, or detailed preprocessing/normalization description in the retrieved text.","The primary outcome was “1-year survival.” The neural network had the highest C-statistic at 0.66, while logistic regression, ridge regression, and LASSO each had C-statistic 0.65. Calibration was evaluated using calibration curves, Hosmer–Lemeshow testing, and Brier scores; traditional models plus random forest and stochastic gradient boosting showed good calibration, whereas some other advanced models were inferior. Accuracy, PPV, sensitivity, specificity, NPV, and F1-score were not reported in the retrieved text. DCA was not reported.",Low Risk,,,Low Risk,,,Low Risk,,,Unclear,,,Low Concern,,,Government/Public,Yes (Declared COI),No,Yes,No,Manual/Clinical expertise,Not Reported,No,No,NR,NR,NR,No,60,NR,NR,NR,NR,NR,NR,NR
2026-07-27 13:41:10,llm-reviewer,39_Ozcan et al. - 2022 - Artificial intelligence-derived cardiac ageing is associated with cardiac events post-heart transpla,"Artificial intelligence-derived cardiac ageing is associated with cardiac events post-heart transplantation
Ozcan, I. et al.
Eur Heart J Digit Health / 2022",USA,Heart,Single Center,1990,2018,Transplant Recipients (Post-op),540,49,32,Yes,Retrospective Cohort,Convolutional Neural Network (CNN),AI-ECG age algorithm / ECG-age convolutional neural network,Waveforms/Signals (ECG),None,Not Reported,Complete Case Analysis (Excluded),Other,NR,NR,Adverse Events/Complications,NR,NR,NR,NR,No,Not Applicable / Not Reported,,"The study was performed “at Mayo Clinic in Rochester, MN” and included “564 consecutive cardiac transplant patients who underwent HTx in our institution between 1990 and 2018,” so this is a U.S. single-center cohort. I did not identify explicit funding or COI statements in the retrieved text.","“A total of 540 patients with available pre- and post-transplantation ECG data were included.” Table 1 reports recipient age 49 ± 14 years and recipient sex male in 366/540, implying 32% female. Race/ethnicity was not reported in the retrieved text. Clinical history included hypertension, diabetes mellitus, ischemic cardiomyopathy, lipid measures, ischemic time, immunosuppression, rejection, CAV grade, and pacemaker implantation.",The paper used “an AI-ECG algorithm that was previously developed and validated in the non-transplant population” and states that “the convolutional neural network model was developed using Keras with a TensorFlow and Python backend.” Raw 12-lead ECGs were input to estimate ECG age. The model was applied without additional training to this transplant cohort. No SHAP/LIME-type explainability or hyperparameter-tuning process for this study cohort was reported. Validation here is best marked as not reported because this paper is primarily an application/prognostic study of a previously developed model rather than a new derivation-validation paper.,"The analysis included only patients “with available pre- and post-transplantation ECG data,” which is most consistent with complete-case inclusion. The ECG-age algorithm had been previously trained on 774,783 subjects outside this study, but this paper did not retrain or provide study-specific train/test counts for the transplant cohort. Data handling was described, including averaging ECG ages from ECGs obtained within 1 year before and after HTx and excluding ECGs used in the original training/validation sets. Class imbalance is not applicable to this prognostic exposure analysis. The network architecture was “available on request,” so code availability is best classified as Other rather than Yes.","The study outcome was MACE, defined as “any incident of coronary revascularization, heart failure hospitalization, re-transplantation, and all-cause mortality,” so the closest allowed category is Adverse Events. During median follow-up of 8.8 years, 307 patients experienced MACE. The main reported performance/result metric was association strength rather than discrimination: ΔECG age ≥ 0 was associated with MACE in multivariable Cox analysis, HR 1.58 (95% CI 1.18–2.10, P = 0.002). No AUC, accuracy, sensitivity, specificity, PPV, NPV, F1, calibration, or DCA were reported.",High Risk,,,Low Risk,,,Low Risk,,,Unclear,,,Low Concern,,,Not Reported,Not Reported,No,Yes,No,None/All features,No,Not Applicable/Not Reported,Yes,NR,NR,NR,No,60,NR,NR,NR,NR,NR,NR,NR
2026-07-27 13:41:10,llm-reviewer,40_Pelzer-2023-The Accuracy of Initial U.S. Heart,"The Accuracy of Initial U.S. Heart Transplant Candidate Rankings
Pelzer, K. M. et al.
JACC Heart Fail / 2023",USA,Heart,National Registry,2010,2020,Transplant Candidates (Waitlist),32294,53,26.3,Yes,Retrospective Cohort,Random Forest,Random survival forest (RSF); comparator Cox proportional hazards (CPH),Tabular (EMR/Clinical data),Other,External Validation (Temporal),Multiple Imputation,No,27200,5094,Waitlist mortality,0.76,NR,NR,NR,Yes,SRTR (Scientific Registry of Transplant Recipients),,"The data source was the “Scientific Registry of Transplant Recipients,” with a prepolicy training set from “2010-2017” and a postpolicy test set from “November 1, 2018, and March 1, 2020.” I did not identify an explicit funding or COI statement in the retrieved text.","The final cohort contained “32,294 adult heart transplant candidates (mean age: 53.0 years; 73.7% male),” implying 26.3% female. Race/ethnicity was not reported in the retrieved text. Clinical history included malignant disease, cerebrovascular disease, tobacco use, diabetes, diagnosis categories, and supportive treatments.","The study compared therapy-based “6-status” ranking with two multivariable methods: “Cox proportional hazards models and random survival forest models.” Predictors were clinically chosen listing-time variables including age, diagnosis, laboratory measurements, hemodynamics, and supportive treatment. Models were trained on prepolicy data and evaluated on a later postpolicy cohort, which is best classified as external temporal validation. No SHAP/LIME-style interpretability or hyperparameter-tuning details were reported in the retrieved text.","“Other missing data were imputed with the multiple imputation by chained equations algorithm,” so missing-data handling is multiple imputation. The prepolicy training cohort included 27,200 candidates and the postpolicy test cohort 5,094. The authors also specified assumptions for missing indicator variables and exclusion of obvious data-entry errors. I did not identify class-imbalance mitigation or code release.","The primary outcome was “death before receipt of a heart transplant,” which maps to waitlist mortality. In the postpolicy test set, the best-performing model was the Cox model with treatment variables, C-index 0.76, followed by the random survival forest with treatment variables, C-index 0.74; the 6-status system had C-index 0.67. Calibration was assessed with Kaplan–Meier survival by predicted 90-day risk groups and Brier scores. Accuracy, PPV, sensitivity, specificity, NPV, and F1-score were not reported. DCA was not reported.",Low Risk,,,Low Risk,,,Low Risk,,,Low Risk,,,Low Concern,,,Not Reported,Not Reported,No,Yes,No,Manual/Clinical expertise,Not Reported,No,Yes,NR,NR,NR,No,60,NR,NR,NR,NR,NR,NR,NR
2026-07-27 13:41:10,llm-reviewer,41_Raji and Safna - 2022 - Computational methods for predicting the outcome of thoracic transplantation,"Computational methods for predicting the outcome of thoracic transplantation
Raji, C. G. and Safna, A. K.
Journal of Big Data / 2022",USA,Other,National Registry,NR,NR,Transplant Recipients (Post-op),485,NR,NR,Yes,Retrospective Cohort,"Artificial Neural Networks (ANN, MLP, NN)",Multilayer Perceptron (MLP) with back-propagation; Radial Basis Function (RBF) network,"Tabular (EMR/Clinical data), Donor metrics",Other,Other,Not Reported,No,NR,NR,Other,NR,97.1,96.6,98.4,No,Other Registry,,"The study states that data were collected from the “United Network for Organ Sharing database,” so the source is a U.S. national registry. The paper says “Funding: Not applicable,” but also notes the OPTN data source support contract in the ethics section; I therefore classify the study-specific funding as None. The exact calendar years of the included thoracic transplant records were not reported in the retrieved text. The paper uses the broad term “thoracic transplantation,” not a clearly separated heart-only or lung-only cohort.","The paper reports an initial UNOS thoracic dataset of 148,509 records, then after removing pediatric cases and validation steps, “24 important attributes with 485 records were extracted.” Age, donor age, creatinine, serum albumin, ECMO, IABP, rejection episodes, ischemic time, HLA mismatch, infection resistance, and graft-failure cause were included, so clinical history was incorporated. Mean age, sex distribution, and race/ethnicity were not reported for the final 485-case dataset.","The paper’s main proposed model is the “multi-layer perceptron algorithm,” and it also implemented “the Radial Basis Function Network model to prove the accuracy of proposed model.” Inputs were donor, recipient, and transplantation tabular variables selected from UNOS using InfoGain Attribute Eval with ranker search. The comparison was against an earlier published computational system rather than a clinical guideline or human reader. The paper discusses “validation” but the retrieved text does not clearly describe a standard split or CV protocol, so I classify validation as Other rather than guessing. No SHAP/LIME-style interpretability or explicit hyperparameter tuning was reported.","Data preprocessing was described extensively: multi-organ records were filtered to thoracic transplantation, pediatric records were removed, relevant attributes were selected, and InfoGain-based ranking reduced the feature space to 24 inputs. However, the retrieved text does not describe a missing-data method, class-imbalance handling, public code release, or explicit train/test counts. Because those details were not reported clearly, I left them as NR/No rather than inferring them.","The study outcome was graft/survival status after thoracic transplantation, represented by GRF_STAT, but the exact clinical horizon was not clearly specified in the retrieved text, so the safest category is Other. The paper reports “accuracy of 97.1%” for the MLP and “92.37%” for the RBF model. Table 6 reports sensitivity 0.966 and specificity 0.984 for the proposed MLP. AUC/C-statistic, PPV, NPV, F1, calibration, and DCA were not reported in the retrieved text.",High Risk,,,Unclear,,,Unclear,,,High Risk,,,Unclear,,,None,Not Reported,No,Yes,No,"Automated (e.g., LASSO, Stepwise)",No,No,Yes,NR,NR,NR,No,60,NR,NR,NR,NR,NR,NR,NR
2026-07-27 13:41:10,llm-reviewer,42_Rodriguez et al. - 2022 - A Framework for Using Real-World Data and Health Outcomes Modeling to Evaluate Machine Learning-Base,"A Framework for Using Real-World Data and Health Outcomes Modeling to Evaluate Machine Learning-Based Risk Prediction Models
Rodriguez, P. J. et al.
Value Health / 2022",USA,Lung,National Registry,2012,2016,Transplant Candidates (Waitlist),4247,NR,NR,Yes,Retrospective Cohort,Ensemble,Super learner ensemble ML model for 2-year mortality; patient-level microsimulation framework,Tabular (EMR/Clinical data),Standard Clinical Guidelines,Internal Split (Train/Test),Multiple Imputation,No,6368,4247,Other,0.914,NR,NR,NR,Yes,Other Registry,,"The real-world cohort came from the “Cystic Fibrosis Foundation Patient Registry” linked to UNOS data, and the cohort was followed “until December 31, 2016,” with simulation starting January 1, 2012. I did not identify an explicit funding or conflict-of-interest statement in the retrieved text.","The patient-level simulation used the “40% validation set (n = 4247).” The retrieved text does not report a cohort-wide mean age or sex percentage for this validation sample. Clinical history and longitudinal disease data were included through repeated encounter-level CFFPR variables, including lung function, contraindications, visit history, waitlist status, and transplant outcomes. Race/ethnicity was not reported in the retrieved text.","The ML referral policy used a previously developed “super learner, an ensemble ML approach that optimally combined multiple underlying models (lasso, elastic net, ridge, XGboost, random forest, and support vector machine).” It was compared against referral based on FEV1 and usual care. The 40% validation set was used for the simulation, so internal split is the best validation label. The paper focuses on downstream clinical utility rather than interpretability, and I did not find a clear feature-selection or hyperparameter-tuning description in the retrieved text.","The cohort of 10,615 adults was previously split into training (60%) and validation (40%) sets; this corresponds to about 6,368 training and 4,247 validation/test patients. The paper describes imputation of missing ABO and LAS-related variables and synthetic extension of trajectories, and explicitly uses “multiple imputation by chained equations” for some modeled quantities, so multiple imputation is the best fit. I did not find any class-imbalance strategy or code-release statement.","The modeled clinical decision was lung-transplant referral, and the downstream patient outcome was 5-year survival under different referral policies; because this does not map neatly to the preset categories, the best label is Other. The ML model’s baseline AUROC for 2-year mortality was 0.914 versus 0.876 for FEV1. Calibration is discussed because the paper states that the ML model had “better calibration than FEV1.” The paper’s main outcome results were survival and referral consequences in simulation rather than standard test-set accuracy, PPV, sensitivity, specificity, NPV, or F1. DCA was not reported.",Low Risk,,,Low Risk,,,Low Risk,,,Unclear,,,High Concern,,,Not Reported,Not Reported,No,Yes,No,None/All features,Not Reported,No,Yes,NR,NR,NR,No,60,NR,NR,NR,NR,NR,NR,NR
2026-07-27 13:41:10,llm-reviewer,43_Sage et al. - 2023 - A machine-learning approach to human ex vivo lung perfusion predicts transplantation outcomes and pr,"A machine-learning approach to human ex vivo lung perfusion predicts transplantation outcomes and promotes organ utilization
Sage, A. T. et al.
Nat Commun / 2023",Other,Lung,Single Center,2008,2022,Other,725,46,35,Yes,Retrospective Cohort,Gradient Boosting (XGBoost/LightGBM),InsighTx; eXtreme Gradient Boosting (XGBoost),"Donor metrics, Other",Human expert/Clinician,External Validation (Temporal),Not Reported,Not Reported,504,221,Primary Graft Dysfunction (PGD),0.85,NR,NR,NR,No,Not Applicable / Not Reported,,"The study used EVLP data “collected in our center over the past decade,” specifically from the Toronto Lung Transplant Program/University Health Network, Toronto, Canada, with cases spanning “2008 to 2022.” I did not identify explicit funding or COI statements in the retrieved text.","The cohort included “n = 725 eligible clinical EVLP cases.” From Table 1, donor mean age was 45, 48, and 47 years across the three cohorts, which is approximately 46 overall. Male sex was 65%, 64%, and 64% across cohorts, implying about 35% female overall. This is an organ-assessment cohort rather than a recipient cohort. Race/ethnicity and comorbidity history were not reported in the retrieved text.","The paper states that the authors “evaluated eXtreme Gradient Boosting (XGBoost)” and developed “our ML model, termed InsighTx,” using donor features plus biological, physiological, and biochemical EVLP assessments. The model was then examined in a retrospective blinded implementation study involving EVLP specialists, so human expert is the best comparator. Because the development cohort preceded two later consecutive validation cohorts, external temporal is the best validation category. SHAP importance values were explicitly used to assess feature importance. The retrieved text does not describe a separate feature-selection stage or explicit hyperparameter tuning.","The development dataset contained 504 EVLP cases, and the two independent temporal validation cohorts contained 97 and 124 cases, totaling 221 test cases. Data preprocessing is described at a high level through donor plus EVLP biological/physiological/biochemical feature extraction and temporal cohort separation. I did not find a clear missing-data strategy, class-imbalance method, or code-availability statement in the retrieved text.","The model predicted EVLP suitability and post-transplant duration of mechanical ventilation; within the extraction framework, the closest postoperative adverse-outcome category is PGD because the paper also linked predictions to PGD grade 3 at 72 h. For the overall model, the best held-out AUROC was 85 ± 3% in test dataset 2. For unsuitable lungs, AUROC reached 95 ± 2%, and for extubation <72 h it reached 83 ± 4%. The paper reports model precision of 81% for identifying any unsuitable donor lung and 72% for suitable donor lungs. For donor lungs predicted to have extubation <72 h, the NPV for PGD grade 3 at 72 h was 88%. Calibration and DCA were not reported.",Unclear,,,Low Risk,,,Low Risk,,,Unclear,,,Low Concern,,,Not Reported,Not Reported,No,No,"Yes (e.g., SHAP, LIME)",None/All features,Not Reported,No,Yes,81,88,NR,No,60,NR,NR,NR,NR,NR,NR,NR
2026-07-27 13:41:10,llm-reviewer,44_Seraphin-2023-Prediction of heart transplant r,"Prediction of heart transplant rejection from routine pathology slides with self-supervised deep learning
Seraphin, T. P. et al.
Eur Heart J Digit Health / 2023",Europe,Heart,Multi-center,1999,2021,Transplant Recipients (Post-op),325,NR,21,Yes,Retrospective Cohort,Convolutional Neural Network (CNN),Self-supervised learning attention-based multiple instance learning pipeline using RetCCL encoder and Marugoto; comparator CRANE,Pathology slides,Human expert/Clinician,External Validation (Geographic/Different Hospital),Complete Case Analysis (Excluded),Algorithm/Model weights available,393,686,Acute Rejection,0.849,NR,NR,NR,No,Not Applicable / Not Reported,,"The data came from “three different medical centres in Germany,” with cohorts from Regensburg, Hamburg, and Aachen. Table 1 shows recruitment years spanning 1999–2014, 2016–2018, and 2019–2021, so the overall study period was 1999–2021. I did not identify explicit funding or COI statements in the retrieved text.","The four cohorts included 107, 95, 86, and 37 patients, totaling 325 patients, with 1,079 slides. Age was reported as median by cohort, not as a single mean. Table 1 reports female:male per slides as 55:338, 55:301, 70:121, and 47:94, which totals 227 female slide-labels out of 1,079, about 21%; patient-level female percentage was not directly reported. Race/ethnicity and comorbidity summaries were not reported in the retrieved text.","The authors trained “our own deep learning pipeline using an SSL-based feature extractor combined with attention-based MIL” on H&E whole-slide pathology images and compared it against the CRANE method. The ground truth came from “two expert pathologists… grading the degree of rejection in consensus,” so human expert is the best comparator. Validation included hold-out and separate cohorts from other German centers, so external geographic is the strongest label. Interpretability came from attention maps and Grad-CAM visualizations. The paper reports optimizer choice, learning-rate finding, early stopping, and training settings, which count as hyperparameter/training-procedure reporting.","Only samples “with information on ISHLT grading” were eligible, which is most consistent with complete-case inclusion. The primary training cohort had 393 slides, and the three validation cohorts had 356, 189, and 141 slides, totaling 686 test slides. The paper describes digitization, tessellation, patch extraction, feature extraction, bag construction, and training procedures. No class-imbalance correction was described. The code repositories for preprocessing and deep learning are explicitly provided, satisfying code availability. The retrieved text did not explicitly mention released trained weights, but the available option set requires one of the listed labels; code availability is clearly affirmative.","The target was cellular cardiac allograft rejection on endomyocardial biopsy, which fits Acute Rejection. In cross-validation, the binary rejection yes/no AUROC was 0.849. External AUROCs were 0.734, 0.729, and 0.716. For multiclass ISHLT grades, the cross-validated AUROCs were 0.835 for 0R, 0.633 for 1R, and 0.905 for 2/3R. Although the methods mention calculation of accuracy, precision, recall, and F1-score, I did not see explicit numeric values for these in the retrieved text, so I leave them NR. Calibration and DCA were not reported.",Unclear,,,Low Risk,,,Low Risk,,,Low Risk,,,Low Concern,,,Not Reported,Not Reported,No,No,"Yes (e.g., SHAP, LIME)",None/All features,Yes,No,Yes,NR,NR,NR,No,60,NR,NR,NR,NR,NR,NR,NR
2026-07-27 13:41:10,llm-reviewer,45_Shaw et al. - 2023 - Multicenter analysis of immunosuppressive medications on the risk of malignancy following adult soli,"Multicenter analysis of immunosuppressive medications on the risk of malignancy following adult solid organ transplantation
Shaw, R. et al.
Front Oncol / 2023",USA,Other,Multi-center,2000,2021,Transplant Recipients (Post-op),5591,NR,39,Other,Retrospective Cohort,Random Forest,Random forest variable-importance model with time-dependent multivariable Cox proportional hazards analysis,Tabular (EMR/Clinical data),None,Not Reported,Not Reported,Algorithm/Model weights available,NR,NR,Other,NR,NR,NR,NR,No,Not Applicable / Not Reported,,"This was a “retrospective cohort study from a multicenter hospital system in the United States,” using EHR data from three hospitals in the greater Chicago area queried “from January 1, 2000, to March 10, 2021.” Because it spans all adult solid organ transplants rather than a single thoracic organ, organ focus is best classified as Other. I did not identify an explicit funding or COI statement in the retrieved text.","The study identified “5,591 unique patients” and “6,142 transplanted organs.” The median age of transplant recipients was 54 years, but no overall mean age was reported. “Overall, 39% of transplant recipients were women.” Race was reported, including White, Black, Hispanic, Asian, and other groups. Clinical history variables included organ type, age, sex, race, and longitudinal immunosuppressive exposure.","The primary study aim was epidemiologic risk assessment using time-dependent Cox models, with ML used as a complementary variable-importance analysis, so Primary ML Component is best classified as Other. The authors state that “a random forest model was used to assess variable importance in predicting post-transplant malignancy.” Categorical variables under 10% frequency were grouped, variables were one-hot encoded or normalized, and the model was “fit across a variety of hyperparameters within a Latin hypercube of size 25.” No human comparator or guideline comparator was used. Validation specifics for prediction performance were not reported.","The paper describes preprocessing: low-frequency categories were grouped, nominal variables were one-hot encoded, numerical variables were normalized, and the dataset was “bootstrap resampled 10 times and stratified by the outcome.” This stratified bootstrap handling is best categorized as Other for class imbalance rather than a standard reweighting method. Missing-data handling was not clearly reported. The paper states that “the complete analysis code is available” on GitHub, so code availability is affirmative under the available labels. No fixed train/test split sizes were reported.","The study outcome was post-transplant malignancy, which is not one of the preset transplant endpoints, so the best category is Other. The paper reports hazard ratios rather than standard predictive discrimination metrics: sirolimus HR 1.41, azathioprine HR 2.1, cyclosporine HR 1.59, and tacrolimus HR 0.59 for post-transplant malignancy. No AUC, accuracy, PPV, sensitivity, specificity, NPV, F1, calibration, or DCA were reported in the retrieved text.",Unclear,,,Low Risk,,,Unclear,,,Unclear,,,High Concern,,,Not Reported,Not Reported,Yes,Yes,No,"Automated (e.g., LASSO, Stepwise)",Yes,Other,Yes,NR,NR,NR,No,60,NR,NR,NR,NR,NR,NR,NR
2026-07-27 13:41:10,llm-reviewer,46_Shou et al. - 2022 - Pre-operative Machine Learning for Heart Transplant Patients Bridged with Temporary Mechanical Circu,"Pre-operative Machine Learning for Heart Transplant Patients Bridged with Temporary Mechanical Circulatory Support
Shou, B. L. et al.
J Cardiovasc Dev Dis / 2022",USA,Heart,National Registry,2009,2017,Transplant Recipients (Post-op),1584,NR,26,Yes,Retrospective Cohort,Gradient Boosting (XGBoost/LightGBM),Extreme Gradient Boosting (XGBoost),"Tabular (EMR/Clinical data), Donor metrics","Linear Risk Score (e.g., LAS, EuroSCORE)",Internal Split (Train/Test),Algorithm handles natively,Not Reported,1267,317,1-year survival,0.71,NR,NR,NR,No,Other Registry,,"The study used the “United Network for Organ Sharing (UNOS) database” and included patients transplanted between “01/2009 and 12/2017,” so this is a U.S. national-registry heart-transplant study. I did not identify an explicit funding or COI statement in the retrieved text.","The cohort included “1584 patients,” with median age 56 years, not mean age, so mean age is NR. The paper reports “74% male,” implying 26% female. Ethnicity categories were reported in Table 1, and clinical history variables included diabetes, implantable cardiac defibrillator, creatinine, bilirubin, hemodynamics, inotrope use, and support-device type.","The authors “constructed a machine learning model using extreme gradient boosting (XGBoost) with a 70:30 train:test split.” They positioned the work against existing pre-operative risk scores such as IMPACT and CARRS, so Linear Risk Score is the best comparator label. SHAP was explicitly used for interpretation, and a grid search optimized hyperparameters. Forty-three predictors were “automatically selected for inclusion in the final XGBoost model based on predictive utility.”","The paper states that missing values “were automatically imputed on a case-by-case basis in the XGBoost model,” which best fits algorithm handles natively. Class imbalance was addressed by setting scale_pos_weight = 7.8. Preprocessing included manual removal of post-transplant-only variables, one-hot encoding of categorical variables, numerical treatment of continuous/ordinal variables, and grid search tuning. The development and validation cohorts included 1,267 and 317 patients, respectively. No code-release statement was reported.","The primary endpoint was “1-year post-transplant mortality,” which maps to 1-year survival in this extraction framework. The XGBoost model achieved “an AUC of 0.71 (95% CI: 0.62–0.78).” Although an AUCPR of 0.357 was reported, the paper did not provide explicit held-out accuracy, PPV, sensitivity, specificity, NPV, or F1 values in the retrieved text. Calibration and DCA were not reported.",Low Risk,,,Low Risk,,,Low Risk,,,Unclear,,,Low Concern,,,Not Reported,Not Reported,Yes,Yes,"Yes (e.g., SHAP, LIME)","Automated (e.g., LASSO, Stepwise)",Yes,"Yes (e.g., SMOTE, weighted loss)",Yes,NR,NR,NR,No,60,NR,NR,NR,NR,NR,NR,NR
2026-07-27 13:41:10,llm-reviewer,47_Singh et al. - 2024 - CT-Based Lung Size Matching in Delayed Chest Closure for Systemic Sclerosis Lung Transplantation,"CT-Based Lung Size Matching in Delayed Chest Closure for Systemic Sclerosis Lung Transplantation
Singh, J. et al.
Clin Transplant / 2024",USA,Lung,Single Center,2007,2020,Transplant Recipients (Post-op),92,51,61.0,Other,Retrospective Cohort,Convolutional Neural Network (CNN),3-D U-Net–based CT segmentation with multivariate logistic regression for DCC prediction,"Imaging (CT/CXR/Echo), Tabular (EMR/Clinical data), Donor metrics",None,Cross-Validation (k-fold),Simple Imputation (Mean/Median),Not Reported,NR,NR,Adverse Events/Complications,0.82,73,NR,NR,No,Not Applicable / Not Reported,,"The cohort consisted of recipients treated “at the University of Pittsburgh Medical Center from 2007 to 2020,” making this a U.S. single-center study. The paper states support from “National Institutes of Health (NIH)” grants and a UPMC Hillman pilot program, so Government/Public is the best fit. I did not identify an explicit COI statement in the retrieved text.","The abstract states, “92 SSc recipients (age 51 years ± 10, 56/92 (61.0%) females) who underwent bilateral LTx.” Race was reported in Table 1, and clinical history variables included BMI, smoking, tracheostomy, atrial fibrillation, prior chest operation, FEV1/FVC, ILD/PAH subtype, and donor characteristics.","The paper used “in-house three-dimensional (3-D) convolutional neural networks (CNN) algorithms” based on U-Net to segment recipient lungs and chest cavity from CT. The actual DCC prediction model was a multivariate logistic regression using preoperative features, with backward stepwise elimination and stratified 5-fold cross-validation. Because ML/CNN was used mainly for imaging-derived measurement extraction rather than the primary predictive model, Primary ML Component is best classified as Other. No SHAP/LIME-style interpretability was reported.","The methods state that variables with “less than 5% missing data were imputed using mean or mode imputation,” while variables with more than 5% missingness were excluded. Continuous features were z-score standardized, categorical variables were one-hot encoded, and VIF filtering plus backward elimination were applied. The model used stratified 5-fold cross-validation rather than a single explicit train/test split, so fixed training/test counts are NR. No class-imbalance method or code-release statement was reported.","The modeled outcome was DCC occurrence, which is best categorized as Adverse Events within the restricted list. The multivariate logistic regression model achieved “a mean accuracy of 0.73 (0.60, 0.86) and a mean AUC of 0.82 (95% CI: 0.70, 0.94) in predicting DCC occurrence pre-LTx.” The paper also reports no significant difference in survival between DCC and PCC at 30 days, 90 days, 1 year, and 5 years. PPV, sensitivity, specificity, NPV, F1, calibration, and DCA were not reported in the retrieved text.",High Risk,,,Low Risk,,,Low Risk,,,Unclear,,,Low Concern,,,Government/Public,Not Reported,Yes,Yes,No,"Automated (e.g., LASSO, Stepwise)",Yes,No,Yes,NR,NR,NR,No,60,NR,NR,NR,NR,NR,NR,NR
2026-07-27 13:41:10,llm-reviewer,48_Singh et al. - 2025 - Predicting Primary Graft Dysfunction in Systemic Sclerosis Lung Transplantation Using Machine-Learni,"Predicting Primary Graft Dysfunction in Systemic Sclerosis Lung Transplantation Using Machine-Learning and CT Features
Singh, J. et al.
Clin Transplant / 2025",USA,Lung,Single Center,2007,2020,Transplant Recipients (Post-op),92,51,61.0,Yes,Retrospective Cohort,"Artificial Neural Networks (ANN, MLP, NN)","Multilayer perceptron (MLP), support vector machine (SVM), random forest classifier (RFC), and multivariate logistic regression","Imaging (CT/CXR/Echo), Tabular (EMR/Clinical data), Donor metrics",None,Cross-Validation (k-fold),Simple Imputation (Mean/Median),Not Reported,NR,NR,Primary Graft Dysfunction (PGD),0.85,NR,NR,NR,No,Not Applicable / Not Reported,,"The cohort was collected “at the University of Pittsburgh Medical Center from 2007 to 2020,” making this a U.S. single-center lung-transplant study. Funding was from NIH grants and a UPMC Hillman pilot program, so Government/Public is the best fit. I did not identify an explicit COI statement in the retrieved text.","The abstract reports “92 SSc recipients (mean age 51 years ± 10)” and Table 1 shows 56/92 females (61.0%). Race was explicitly reported, including African American and White recipients. Clinical history included BMI, smoking, waitlist time, LAS, ILD vs PAH phenotype, pulmonary function, DCC, and donor variables.","The paper states that “four ML algorithms were developed,” namely logistic regression, SVM, RFC, and MLP, and the best model was MLP. Inputs combined pre-LTx clinical data with CT-derived features from deep-learning segmentation and donor-recipient size-matching ratios. The models used repeated stratified 5-fold cross-validation with five runs and randomized grid search. Feature reduction included p<0.10 screening, VIF filtering, and lasso-based elimination. No SHAP/LIME-style explainability was reported.","Variables with more than 5% missingness were excluded, and “the remaining missing data was imputed using the feature mean for continuous variables and the feature mode for categorical variables,” which is simple imputation. Continuous features were z-score standardized, categorical variables one-hot encoded, and repeated stratified 5-fold cross-validation was used instead of a fixed train/test split. I did not find any explicit class-imbalance method or code-release statement.","The outcome was explicitly “grade 3 PGD at 72 h post-LTx,” which maps directly to PGD. The abstract reports that “the MLP model achieved a maximum AUROC of 0.85 (95% CI: 0.81–0.88)” using four features. The methods state that AUPRC was also used for evaluation, but specific final AUPRC and other classification metrics were not visible in the retrieved text, so I left them NR rather than guessing. Calibration and DCA were not reported.",High Risk,,,Low Risk,,,Low Risk,,,Unclear,,,Low Concern,,,Government/Public,Not Reported,Yes,Yes,No,"Automated (e.g., LASSO, Stepwise)",Yes,No,Yes,NR,NR,NR,No,60,NR,NR,NR,NR,NR,NR,NR
2026-07-27 13:41:10,llm-reviewer,49_Singh et al. - 2025 - Predicting post-lung transplant survival in systemic sclerosis using CT-derived features from preope,"Predicting post-lung transplant survival in systemic sclerosis using CT-derived features from preoperative chest CT scans
Singh, J. et al.
Eur Radiol / 2025",USA,Lung,Single Center,2004,2020,Transplant Recipients (Post-op),102,50,61,Other,Retrospective Cohort,Convolutional Neural Network (CNN),3-D CNN/U-Net CT segmentation with Cox proportional hazards survival modeling,"Imaging (CT/CXR/Echo), Tabular (EMR/Clinical data)",Other,Cross-Validation (k-fold),Complete Case Analysis (Excluded),Not Reported,NR,NR,5-year survival,0.90,NR,NR,NR,No,Not Applicable / Not Reported,,"The study identified “a cohort of 102 SSc patients who underwent LTx at the University of Pittsburgh Medical Center from 2004 to 2020,” so this is a U.S. single-center lung-transplant study. I did not identify an explicit funding or COI statement in the retrieved text.","The abstract reports “102 patients (mean age, 50 years ± 10, 61% (62/102) females).” Race was reported in Table 1, and clinical variables included BMI, smoking, Charlson comorbidity index, tracheostomy, calcinosis, PAH, atrial fibrillation, previous chest procedure, esophageal dysmotility, and ILD.","Deep-learning algorithms were used to “automatically segment and quantify five different body tissues and cardiopulmonary features” from CT, while the actual survival prediction models were Cox proportional-hazards models integrating CT, demographic, and clinical variables. Since ML/CNN primarily enabled feature extraction and the main survival model was Cox regression, Primary ML Component is best classified as Other. Validation used 5-fold cross-validation for time-point survival classification. Feature selection in the multivariate CPH models used backward-stepwise regression. I did not see explicit hyperparameter tuning for the CNN or Cox models in the retrieved text.","Clinical features with “missing values, lack of variance, or unreadable data were excluded,” which best fits complete-case/exclusion-based handling rather than imputation. The paper describes preprocessing including one-hot encoding of categorical variables, z-score standardization of linear features, collinearity filtering by VIF, and 5-fold cross-validation. Because the analysis used repeated fold-based validation rather than a fixed train/test split, training and test N are NR. Class imbalance is not especially applicable for censored survival modeling. No code-release statement was identified.","The study modeled survival at 1, 3, and 5 years after lung transplantation. Within the restricted outcome list, 5-year survival best captures the most emphasized final performance. The abstract reports maximum AUCs of 0.77 for 1-year, 0.85 for 3-year, and 0.90 for 5-year survival after integrating CT-derived features. The methods also mention c-index and Brier score, but the retrieved text does not provide a single final held-out c-index value to report here. Calibration and DCA were not reported.",High Risk,,,Low Risk,,,Low Risk,,,Unclear,,,Low Concern,,,Not Reported,Not Reported,Yes,Yes,No,"Automated (e.g., LASSO, Stepwise)",No,Not Applicable/Not Reported,Yes,NR,NR,NR,No,60,NR,NR,NR,NR,NR,NR,NR
2026-07-27 13:41:10,llm-reviewer,50_Tian et al. - 2023 - Machine Learning-Based Prognostic Model for Patients After Lung Transplantation,"Machine Learning-Based Prognostic Model for Patients After Lung Transplantation
Tian, D. et al.
JAMA Netw Open / 2023",Asia,Lung,Single Center,2017,2020,Transplant Recipients (Post-op),504,55.56,33.7,Yes,Retrospective Cohort,Random Forest,Random Survival Forests (RSF),"Tabular (EMR/Clinical data), Donor metrics",Other,Internal Split (Train/Test),Multiple Imputation,Not Reported,353,151,Other,0.879,NR,88.7,79.6,Yes,Not Applicable / Not Reported,,"The study was conducted at Wuxi People’s Hospital and included patients who underwent LTx “between January 2017 and December 2020,” making this an Asian single-center lung-transplant cohort. I did not identify explicit funding or COI statements in the retrieved text.","The study included “504 patients,” with mean age 55.56 years; 334 were male (66.3%), implying 33.7% female. Race/ethnicity was not reported. Clinical/history variables included diagnosis, BMI, PGD3 at 72 h, ECMO type, preoperative hormone use, multidrug-resistant bacterial infection, operative variables, donor oxygenation, and pulmonary function indices.","The paper developed an “RSF model” for overall survival and used a Cox regression model as the benchmark comparator. Patients were randomly assigned to training and test sets at a 7:3 ratio. Feature selection used RSF variable importance with bootstrapping, and “grid search” was used for hyperparameter tuning. No SHAP/LIME-type interpretability was reported.","The methods state that missing data were handled “by multiple imputation by chained equations.” The training and test sets included 353 and 151 patients, respectively. Data preprocessing included random split, feature selection by bootstrapped variable importance, and hold-out validation. Class imbalance is not especially applicable for time-to-event survival modeling. No code-release statement was identified.","The primary endpoint was overall survival after lung transplantation, which does not map exactly to the preset time-specific labels, so Other is the safest category. In the test set, the RSF model had iAUC 0.879 and iBS 0.130 for OS prediction. For 1-year survival, the RSF had tAUC 0.921 and PE 0.115, with sensitivity 88.7%, specificity 79.6%, and accuracy 82.8%. Calibration was reported through iBS/PE and observed-vs-predicted agreement. DCA was not reported.",Unclear,,,Low Risk,,,Low Risk,,,Low Risk,,,Low Concern,,,Not Reported,Not Reported,No,Yes,No,"Automated (e.g., LASSO, Stepwise)",Yes,Not Applicable/Not Reported,Yes,NR,NR,NR,No,60,NR,NR,NR,NR,NR,NR,NR
2026-07-27 13:41:10,llm-reviewer,51_Tian et al. - 2024 - Machine learning model predicts airway stenosis requiring clinical intervention in patients after lu,"Machine learning model predicts airway stenosis requiring clinical intervention in patients after lung transplantation: a retrospective case-controlled study
Tian, D. et al.
BMC Med Inform Decis Mak / 2024",Asia,Lung,Single Center,2017,2019,Transplant Recipients (Post-op),381,NR,36.0,Yes,Retrospective Cohort,Random Forest,"Random forest optimal ML model; candidate algorithms included LR, DT, KNN, NB, SVM, GBRM, RF, and XGB",Tabular (EMR/Clinical data),Other,Other,Complete Case Analysis (Excluded),Not Reported,NR,NR,Adverse Events/Complications,0.760,NR,78.2,68.9,Yes,Not Applicable / Not Reported,,"The study included patients who underwent LTx “between January 2017 and December 2019” at “Wuxi People’s Hospital affiliated with Nanjing Medical University,” making this an Asian single-center lung-transplant study. I did not identify an explicit funding or COI statement in the retrieved text.","A total of 381 recipients were analyzed. The median age was reported as 57 years, not mean age, so mean age is NR. Sex distribution was 137 female and 244 male, so female sex was 36.0%. Race/ethnicity was not reported. Clinical/history variables included diagnosis, BMI, ECMO type, hormone use, 72 h PGD3, ventilator time, ICU stay, cold ischemia time, and postoperative 6MWT.","The paper states that 7 feature-selection methods and 8 algorithms were combined to build 56 ML models. The “optimal ML model was the model fitted using a random forest algorithm with a determination coefficient feature selection method.” The comparator was a conventional logistic regression model derived from independent risk factors, so Other fits best. Internal validation was by bootstrap with 1000 resamples rather than a standard split or cross-validation, so Validation Method is Other. No SHAP/LIME-type interpretability or explicit hyperparameter-tuning description was reported in the retrieved text.","The study excluded patients with incomplete clinical records and used bootstrap internal validation; no imputation strategy was described in the retrieved text, so this is best classified as complete-case analysis. I did not find any class-imbalance method, code-release statement, or detailed normalization/preprocessing workflow beyond variable extraction and feature-selection strategy. There was no explicit train/test split.","The target outcome was AS requiring clinical intervention, which best fits Adverse Events within the allowed labels. The optimal random-forest model had AUC 0.760 and Brier score 0.085. It also had sensitivity 0.782, specificity 0.689, PPV 0.252, and NPV 0.965. Calibration was reported using the Brier score. DCA was not reported.",Unclear,,,Low Risk,,,Low Risk,,,Unclear,,,Low Concern,,,Not Reported,Not Reported,No,Yes,No,"Automated (e.g., LASSO, Stepwise)",Not Reported,No,No,25.2,96.5,NR,No,60,NR,NR,NR,NR,NR,NR,NR
2026-07-27 13:41:10,llm-reviewer,52_Wang et al. - 2022 - Comparison of Four Machine Learning Techniques for Prediction of Intensive Care Unit Length of Stay,"Comparison of Four Machine Learning Techniques for Prediction of Intensive Care Unit Length of Stay in Heart Transplantation Patients
Wang, K. et al.
Front Cardiovasc Med / 2022",Asia,Heart,Single Center,2017,2020,Transplant Recipients (Post-op),365,NR,NR,Yes,Retrospective Cohort,Gradient Boosting (XGBoost/LightGBM),"XGBoost, Random Forest, Naive Bayes, Support Vector Machine, plus logistic regression benchmark","Tabular (EMR/Clinical data), Donor metrics",Other,Internal Split (Train/Test),Simple Imputation (Mean/Median),Other,256,109,Economy/Length of Stay,0.88,87,98,51,No,Not Applicable / Not Reported,,"The cohort came from “Wuhan Union Hospital” and included patients undergoing heart transplantation “between April 2017 and August 2020,” so this is an Asian single-center heart-transplant study. I did not identify an explicit funding or COI statement in the retrieved text.","The study included 365 consecutive heart-transplant recipients. Recipient age was reported as median 47.2 years, not mean age, so mean age is NR. The provided text gives donor sex distribution but does not clearly provide recipient female percentage, so I leave female sex as NR. Race/ethnicity was not reported. Clinical/history features included ECMO, IABP, CRRT, creatinine, renal/hepatic complications, diabetes, hypertension, and operative variables.","The paper developed four ML models and a logistic regression benchmark to predict prolonged ICU-LOS, and XGBoost performed best. Inputs were structured clinical variables, including donor and recipient data. The study used a 7:3 train/test split, LASSO with fivefold cross-validation for feature selection, and SHAP for interpretation. I did not see an explicit hyperparameter-tuning process described in the retrieved text.","The paper states that “Missing values were imputed with median of each corresponding variable,” which is simple imputation. The study also states “we use up-sampling to process the data,” so class imbalance was addressed. Preprocessing included random 7:3 splitting, LASSO feature selection, and fivefold cross-validation. The authors also created an online web-server, but I did not see public source code or weights, so code availability is best marked Other.","The outcome was prolonged ICU length of stay, defined using the 75th percentile threshold of 9.08 days, so the best category is Economy/Length of Stay. The paper reports for XGBoost: “AUC-ROC = 0.88” and “Accuracy: 0.87; sensitivity: 0.98; specificity: 0.51; PPV: 0.86; NPV: 0.93.” F1-score, calibration, and DCA were not reported in the retrieved text.",Unclear,,,Low Risk,,,Low Risk,,,Unclear,,,Low Concern,,,Not Reported,Not Reported,No,Yes,"Yes (e.g., SHAP, LIME)","Automated (e.g., LASSO, Stepwise)",Not Reported,"Yes (e.g., SMOTE, weighted loss)",Yes,86,93,NR,No,60,NR,NR,NR,NR,NR,NR,NR
2026-07-27 13:41:10,llm-reviewer,53_Yeo et al. - 2025 - Machine Learning for 1-Year Mortality Prediction in Lung Transplant Recipients ISHLT Registry,"Machine Learning for 1-Year Mortality Prediction in Lung Transplant Recipients: ISHLT Registry
Yeo, H. J. et al.
Transpl Int / 2025",Multi-national,Lung,International Registry,2009,2018,Transplant Recipients (Post-op),29364,53.4,42.0,Yes,Retrospective Cohort,Gradient Boosting (XGBoost/LightGBM),"Gradient Boosting Machine (GBM); compared with LR, SVM, RF, BRF, and MLP",Tabular (EMR/Clinical data),Other,External Validation (Geographic/Different Hospital),Complete Case Analysis (Excluded),Not Reported,NR,NR,1-year survival,0.958,94.9,75.5,98.6,No,ISHLT Registry,,"The main dataset came from the “International Society for Heart and Lung Transplantation (ISHLT) registry” with patients registered “from June 2009 to June 2018,” and 45 centers worldwide had submitted data, so this is a multinational international-registry study. I did not identify explicit funding or COI statements in the retrieved text.","The study included “29,364 patients,” with average age 53.4 ± 13.4 years; 17,032 were male (58%), implying 42.0% female. Race/ethnicity was not reported in the retrieved text. Clinical history included diabetes, malignancy history, ventilator use, ECMO use, dialysis, prior surgeries, chronic steroid use, tracheostomy, pulmonary embolism, albumin, bilirubin, creatinine, BMI, and diagnosis categories.","The authors employed six machine-learning models, and “the GBM model achieved the highest performance.” Inputs were 25 pretransplant tabular variables from the ISHLT registry, later reduced to the top 10 using SHAP importance. External validation was performed with an in-house hospital dataset, so external geographic validation is the strongest applicable label. SHAP was explicitly used for interpretation. The text states “Default model settings were applied without additional hyperparameter tuning.”","The paper states that variables with >20% missingness were removed and “patient samples with any missing data were excluded,” which is complete-case analysis. Class imbalance was addressed using class-weight adjustments for LR, RF, SVM, and BRF. Preprocessing included exclusion criteria, feature screening, five-fold cross-validation, and SHAP-based refinement. Because the internal validation used five-fold cross-validation rather than a fixed split, training and test N are NR. No code-release statement was identified.","The target was explicitly 1-year mortality after lung transplantation, which maps to 1-year survival in this extraction framework. With the top-10-feature model, GBM had AUC 0.958 and accuracy 0.949, with sensitivity 0.755, specificity 0.986, PPV 0.914, and NPV 0.955. The same internal performance was reported for the 25-feature GBM model. External validation showed GBM AUC 0.852/accuracy 0.764, while MLP generalized best with AUC 0.911/accuracy 0.870. Calibration and DCA were not reported in the retrieved text.",Low Risk,,,Low Risk,,,Low Risk,,,Unclear,,,Low Concern,,,Not Reported,Not Reported,No,Yes,"Yes (e.g., SHAP, LIME)","Automated (e.g., LASSO, Stepwise)",No,"Yes (e.g., SMOTE, weighted loss)",Yes,91.4,95.5,NR,No,60,NR,NR,NR,NR,NR,NR,NR
2026-07-27 13:41:10,llm-reviewer,54_Yoon et al. - 2018 - Personalized survival predictions via Trees of Predictors An application to cardiac transplantation,"Personalized survival predictions via Trees of Predictors: An application to cardiac transplantation
Yoon, J. et al.
PLoS One / 2018",USA,Heart,National Registry,1985,2015,Other,82882,NR,NR,Yes,Retrospective Cohort,Ensemble,Trees of Predictors (ToPs / ToPs-R),"Tabular (EMR/Clinical data), Donor metrics","Linear Risk Score (e.g., LAS, EuroSCORE)",Cross-Validation (k-fold),Multiple Imputation,No,NR,NR,Other,0.660,NR,NR,NR,Yes,Other Registry,,"The study used the “United Network for Organ Sharing (UNOS) database” of patients registered for heart transplantation in the United States “during 1985–2015.” Funding was reported from the Office of Naval Research and the National Science Foundation, so Government/Public is appropriate. The paper explicitly states that the authors “have declared that no competing interests exist.”","After excluding patients younger than 18 years, the study included “51,971 transplanted patients and 30,911 wait-listed patients,” totaling 82,882 adult candidates/recipients. Because the paper analyzes both pre-transplant wait-list and post-transplant cohorts, Other is the safest target-population label. Mean age and overall female percentage were not reported in the retrieved text. The dataset included many clinical features relating to recipients, donors, and donor-recipient compatibility.","The paper developed “ToPs: Trees of Predictors,” an interpretable method that clusters patients and assigns different predictive models to different clusters. Inputs were tabular recipient, donor, and compatibility variables from UNOS. The main comparators were existing clinical risk scores such as DRI, RSS, and IMPACT, so Linear Risk Score is the closest label. Validation used 5-fold cross-validation. Explainability was intrinsic through the tree structure and cluster-specific relevant features, even though SHAP/LIME was not used. Feature selection was automated by excluding features with high missingness and then learning predictive clusters and relevant covariates from the data. Explicit hyperparameter tuning was not described in the retrieved text.","Missing feature components were handled using “10 multiple imputations using Multiple Imputation by Chained Equations (MICE).” Preprocessing included exclusion of post-transplant-only variables, removal of features with >10% missingness, binarization of categorical variables, and 5-fold cross-validation. Since the design used cross-validation on large cohorts rather than a single fixed split, training and test N are NR. Class imbalance is not especially applicable for these survival-prediction settings as reported here. I did not identify a code-release statement.","The study predicted survival across multiple time horizons both post-transplant and pre-transplant, so no single preset outcome label fits perfectly; Other is safest. For post-transplant 3-month survival, ToPs/R achieved AUC 0.660, compared with 0.587 for the best clinical risk score (RSS). The paper also reports post-transplant AUCs of 0.641, 0.623, and 0.631 at 1 year, 3 years, and 10 years, respectively, and average C-index 0.577. Calibration was reported through calibration curves with 95% confidence bounds. DCA was not reported. Accuracy, PPV, sensitivity, specificity, NPV, and F1-score were not reported in the retrieved text.",Low Risk,,,Low Risk,,,Low Risk,,,Unclear,,,Low Concern,,,Government/Public,Yes (Declared COI),No,Yes,"Yes (e.g., SHAP, LIME)","Automated (e.g., LASSO, Stepwise)",No,Not Applicable/Not Reported,Yes,NR,NR,NR,No,60,NR,NR,NR,NR,NR,NR,NR
2026-07-27 13:41:10,llm-reviewer,55_Zadeh et al. - 2024 - Predictive analytics for de novo malignancies after lung transplantation,"Predictive analytics for de novo malignancies after lung transplantation
Zadeh, Amir et al.
Intelligent Decision Technologies / 2024",USA,Lung,National Registry,1984,2021,Transplant Recipients (Post-op),30917,NR,43,Yes,Retrospective Cohort,Gradient Boosting (XGBoost/LightGBM),"Gradient Boosting; additional models included decision trees, logistic regression, neural networks, random forest, LARS, and SVM","Tabular (EMR/Clinical data), Donor metrics",None,Internal Split (Train/Test),Other,No,21642,9275,Adverse Events/Complications,0.746,NR,NR,NR,No,Other Registry,,"The paper states that STAR/UNOS data were used and that medical records of lung transplant recipients “between 1984 and 2021 were utilized for this study,” making this a U.S. national-registry study. I did not identify an explicit funding or COI statement in the retrieved text.","The final table consisted of “30,917 individuals,” among whom 25% developed malignancy after lung transplantation. Figure 2 shows a demographic snapshot with 43% female and 57% male. Ethnicity was explicitly shown in Figure 2, and the paper describes recipient/donor demographics, HLA antigens, CMV, albumin, BMI, survival, hospital length of stay, and complications as included variables. Mean age was not explicitly reported in the retrieved text, only the age distribution histogram.","The study developed several supervised models, including decision trees, logistic regression, neural networks, gradient boosting, random forest, and SVM, and reported gradient boosting as best-performing. Inputs came from merged STAR sources including waitlist, transplant, donor, and follow-up datasets, which are tabular recipient/donor variables. The data were split into 70% training and 30% validation/testing. Variable review by lung-transplant experts excluded irrelevant, redundant, and highly missing variables, so Manual/Clinical is the best fit for feature selection. The paper explicitly describes setting/tuning key parameters for gradient boosting and random forest.","The paper states that experts excluded variables with “a high percentage of unacceptable missing values (>30%),” rather than using a standard imputation method in the retrieved text, so Other is the best fit. Because of class imbalance, “oversampling was employed to increase the percentage of the minority class by replicating instances from the minority class.” Preprocessing included merging multiple STAR sources, restricting to lung transplants, excluding prior malignancy and loss to follow-up, and removing 173 variables. A 70/30 split on 30,917 cases corresponds to about 21,642 training and 9,275 test/validation cases. No code-release statement was identified.","The endpoint was de novo malignancy after lung transplantation, which best fits Adverse Events among the allowed categories. The abstract states that gradient boosting “outperformed all other predictive models… achieving an area under the ROC curve (AUC) of 0.746.” Although the methods discuss accuracy, sensitivity, specificity, precision, and related metrics, the retrieved text snippet does not provide final numeric values for those measures, so I leave them NR. Calibration and DCA were not reported in the retrieved text.",Low Risk,,,Unclear,,,Low Risk,,,Unclear,,,Low Concern,,,Not Reported,Not Reported,Yes,Yes,No,Manual/Clinical expertise,Yes,"Yes (e.g., SMOTE, weighted loss)",Yes,NR,NR,NR,No,60,NR,NR,NR,NR,NR,NR,NR
2026-07-27 13:41:10,llm-reviewer,56_Zafar-2022-Lung Transplantation Advanced Predi,"Lung Transplantation Advanced Prediction Tool: Determining Recipient's Outcome for a Certain Donor
Zafar, F. et al.
Transplantation / 2022",USA,Lung,National Registry,2005,2020,Transplant Recipients (Post-op),15124,NR,42.3,Yes,Retrospective Cohort,Other,Cox-Lasso regression; comparison with Cox regression with backward elimination and random forest Cox; Lung Transplantation Advanced Prediction Tool (LAPT),"Tabular (EMR/Clinical data), Donor metrics",None,Internal Split (Train/Test),Multiple Imputation,Other,10660,4464,5-year survival,0.64,NR,NR,NR,Yes,Other Registry,,"The study used the United Network for Organ Sharing Registry and included eligible double lung transplants from “January 2005 and March 2020,” so this is a U.S. national-registry lung-transplant study. Funding was explicitly stated as “NIH 1R01HL147957-01.” I did not identify an explicit COI statement in the retrieved text.","The final analytic cohort included 15,124 double lung transplants. Recipient age was reported as median 57 years rather than mean, so mean age is NR. Female recipients comprised 42.7% in the derivation cohort and 41.4% in the validation cohort, which is about 42.3% overall. Race/ethnicity and multiple clinical-history variables were reported, including diagnosis, functional status, eGFR, albumin, tobacco, steroid use, ECMO, ventilation, CMV, and donor factors.","The main predictive model was Cox-Lasso, compared with backward-elimination Cox and random-forest Cox. Inputs included recipient, donor, and transplant characteristics from UNOS. The cohort was randomly split into derivation and validation sets, so Internal Split fits best. Variable selection was automated using the Lasso method, and the optimal lambda was selected to balance overfitting and simplicity. I did not see SHAP/LIME-type interpretability; interpretability came through the explicit risk score and cluster assignment.","The paper states that records with a single missing point were imputed and that “imputation of missing data for recipient and donor variables was conducted separately,” which best fits multiple imputation among the available categories. Preprocessing included exclusions, categorization of continuous variables, expectation-maximization clustering, and derivation/validation splitting. The derivation and validation cohorts were 10,660 and 4,464. I did not find a class-imbalance method. A web-based tool was released, but no public code repository was mentioned, so code availability is best classified as Other.","The model predicts 1-, 5-, and 10-year survival plus half-life. Since a single target must be chosen, 5-year survival is the most central medium-term endpoint and has an explicitly reported C statistic of 0.64; 1-year and 10-year C statistics were 0.67 and 0.72. Calibration was reported by showing that model-estimated survival probabilities were similar to observed survival in the validation cohort and by comparing Kaplan–Meier curves across derivation and validation cohorts. Accuracy, PPV, sensitivity, specificity, NPV, and F1 were not reported. DCA was not reported.",Low Risk,,,Low Risk,,,Low Risk,,,Unclear,,,Low Concern,,,Government/Public,Not Reported,Yes,Yes,No,"Automated (e.g., LASSO, Stepwise)",Yes,No,Yes,NR,NR,NR,No,60,NR,NR,NR,NR,NR,NR,NR
2026-07-27 13:41:10,llm-reviewer,57_Zhou-2021-Prediction of 1-year mortality after,"Prediction of 1-year mortality after heart transplantation using machine learning approaches: A single-center study from China
Zhou, Y. et al.
Int J Cardiol / 2021",Asia,Heart,Single Center,2015,2018,Transplant Recipients (Post-op),381,43.783,23.8,Yes,Retrospective Cohort,Random Forest,"Random Forest (best model); also LR, SVM, XGBoost, AdaBoost, GBM, and ANN","Tabular (EMR/Clinical data), Donor metrics",None,Internal Split (Train/Test),Simple Imputation (Mean/Median),No,267,114,1-year survival,0.801,82.8,26.8,92.7,No,Not Applicable / Not Reported,,"The study included consecutive orthotopic heart-transplant recipients at a single institute in Wuhan, China, “between January 1st, 2015 and December 31st, 2018,” making this an Asian single-center heart-transplant cohort. I did not identify explicit funding or COI statements in the retrieved text.","The study reports that “381 recipients were included with average age of 43.783 years old.” Male recipients accounted for 76.2%, implying 23.8% female. Race/ethnicity was not reported. Clinical/history variables included hypertension, diabetes, chronic lung/liver/renal disease, malignancy, smoking history, donor factors, and multiple perioperative histories.","Seven machine-learning approaches were trained after LASSO feature selection. The best-performing model was random forest. Inputs were structured recipient and donor variables from electronic medical records. The data were randomly split 70%/30% into training and testing sets, and parameters were tuned using grid search with five-fold cross-validation. SHAP was explicitly used for model interpretation.","Variables with >10% missingness were discarded, and the remaining variables were imputed with column mean for continuous variables and the most frequent value for categorical variables, which is simple imputation. The dataset was randomly split 70%/30%, corresponding to about 267 training and 114 testing patients. I did not find any class-imbalance method or code-release statement.","The primary endpoint was “postoperative 1-year mortality,” which maps to 1-year survival in this extraction framework. Under bootstrap validation, the random forest model achieved the best AUC of 0.801, with accuracy 0.828, sensitivity 0.268, and specificity 0.927. GBM had slightly lower AUC 0.786 but the highest sensitivity 0.271. PPV/NPV were not reported numerically in the shown results tables, and calibration and DCA were not reported.",High Risk,,,Low Risk,,,Low Risk,,,Unclear,,,Low Concern,,,Not Reported,Not Reported,No,Yes,"Yes (e.g., SHAP, LIME)","Automated (e.g., LASSO, Stepwise)",Yes,No,Yes,NR,NR,NR,No,60,NR,NR,NR,NR,NR,NR,NR
2026-07-27 13:41:10,llm-reviewer,58_Peyster et al. - 2021 - An automated computational image analysis pipeline for histological grading of cardiac allograft rej,"An automated computational image analysis pipeline for histological grading of cardiac allograft rejection
Peyster, E. G. et al.
Eur Heart J / 2021",USA,Heart,Multi-center,2005,2018,Transplant Recipients (Post-op),2472,NR,NR,Yes,Retrospective Cohort,Support Vector Machine (SVM),Computer-Assisted Cardiac Histologic Evaluation-Grader (CACHE-Grader),Pathology slides,Human expert/Clinician,External Validation (Geographic/Different Hospital),Not Reported,Yes,911,1447,Acute Rejection,0.92,84.5,85,84,Not Reported,Other Registry,,"Archived biopsy slides were obtained from the University of Pennsylvania, University Hospitals Cleveland Medical Center, and Ohio State University Wexner Medical Center during usual care between 2005 and 2018. Funding was predominantly from US public agencies, including the NIH, Department of Veterans Affairs, and Department of Defense, with additional foundation and institutional support. Multiple authors declared consultancy, equity, patent, licensing, advisory-board, or sponsored-research interests.","The analytic units were 2472 archived H&E-stained endomyocardial-biopsy slides originating from 546 heart-transplant recipients. Biopsies were obtained 7–6415 days after transplantation during scheduled surveillance or for-cause assessment. Recipient-level age, sex, race/ethnicity, and comorbidity distributions were not reported.","The pipeline extracted 154 biologically inspired, hand-crafted histological features describing lymphocyte foci, tissue compartments, densities, and spatial interactions. SVM classifiers were selected for both binary low- versus high-grade rejection (M1) and four-grade rejection classification (M2). Features were ranked using a Wilcoxon rank-sum test for M1 and a t-test for M2, resulting in models with 2 and 15 features, respectively. Validation included 395 held-out slides from the development centre and 1052 geographically external slides from two other centres; no explicit SVM hyperparameter-search procedure was reported.","Slides underwent automated HistoQC assessment, stain deconvolution, tiling, K-means tissue segmentation, lymphocyte-cluster detection, and feature normalization relative to tissue-compartment size. The authors deliberately enriched the cohort for grades 2R/3R to approximately 20%, compared with approximately 8% in routine practice, to ensure sufficient high-grade cases; this addressed imbalance through cohort construction rather than algorithmic weighting or resampling. The training set contained 911 slides, and the composite validation set contained 1447 slides: 395 internal and 1052 external. Missing-feature imputation was not described. Source code was made publicly available through the CACHE-Grader repository.","Values above refer to the binary M1 classifier for low-grade 0R/1R versus high-grade 2R/3R rejection in the composite held-out validation set. It achieved 84.5% agreement with the grade of record, AUC 0.92, sensitivity 0.85, and specificity 0.84; no AUC confidence interval was reported. The four-grade M2 classifier achieved 65.9% agreement (95% CI 63.4–68.3%), with similar internal and external agreement of 66.1% and 65.8%. Numeric PPV, NPV, F1-score, formal probabilistic calibration metrics, and DCA were not reported.",High Risk,,,Low Risk,,,High Risk,,,High Risk,,,Low Concern,,,Government/Public,Yes (Declared COI),Not Reported,Not Reported,"Yes (e.g., SHAP, LIME)","Automated (e.g., LASSO, Stepwise)",Not Reported,"Yes (e.g., SMOTE, weighted loss)",Yes,NR,NR,NR,Not Reported,60,NR,NR,NR,NR,NR,NR,NR
2026-07-27 13:41:10,llm-reviewer,59_Allehyani B et al. - 2025 - Machine learning approach to predict 1-year mortality after heart transplantation a single-centre s,"Machine learning approach to predict 1-year mortality after heart transplantation: a single-centre study.
Allehyani, B. et al.
Eur Heart J Imaging Methods Pract / 2025",Asia,Heart,Single Center,2007,2022,Transplant Recipients (Post-op),419,33.61,NR,Yes,Retrospective Cohort,Support Vector Machine (SVM),Support Vector Machine,Tabular (EMR/Clinical data),Other,Internal Split (Train/Test),Complete Case Analysis (Excluded),Not Reported,NR,84,1-year survival,0.868056,95.2381,75.0,NR,Not Reported,Not Applicable / Not Reported,,"The study used data from King Faisal Specialist Hospital & Research Centre in Saudi Arabia and included all heart transplant cases recorded between January 2007 and December 2022. The authors stated, “Conflict of interest: None declared” and “No funding received for this research.”","The cohort included 419 heart transplant recipients with a mean age of 33.61 ± 18.94 years; 305 patients, or 72.7%, were male, but an exact female percentage was not explicitly reported. Clinical variables included cardiomyopathy type, diabetes, blood type, mechanical-support devices, LVEF, immunosuppressive therapy, BMI, and ischaemia time. Race/ethnicity was not reported for the current cohort; references to race/ethnicity in Tables 1 and 2 concerned variables used in previous studies.","SVM was treated as the primary ML model and was compared with logistic regression. Random forest, gradient boosting, and deep-learning models were initially evaluated but rejected because of apparent overfitting. The authors used a separate split-sample validation set and additionally reported k-fold cross-validation, although the number of folds and implementation details were not provided. Feature-importance/local-explanation plots were presented, but no explicit feature-selection procedure or hyperparameter-search strategy was described.","Preprocessing included “cleaning the data to remove any inconsistencies or missing values, normalizing the data for uniformity, and encoding categorical variables.” No imputation was described, so removal of records or observations with missing data was classified as complete-case analysis. No oversampling, undersampling, class weighting, SMOTE, or other class-imbalance method was reported. The training-set count was not explicitly stated; the test confusion matrices contain 84 observations. Code availability was not reported.","The extracted performance corresponds to the SVM on the held-out test set. The paper reports accuracy 0.952381, precision 0.90, recall 0.75, F1 score 0.818182, and ROC-AUC 0.868056; no 95% confidence interval for AUC was provided. Specificity, NPV, calibration assessment, and DCA were not reported. The LR comparator achieved an AUC of 0.875 and accuracy of 96.43%. The orientation or labels of the displayed confusion matrices appear inconsistent with the reported precision and recall values, so the explicitly tabulated performance values were extracted.",Low Risk,,,High Risk,,,Unclear,,,High Risk,,,Low Concern,,,None,Yes (Declared COI),No,Yes,"Yes (e.g., SHAP, LIME)",Not Reported,Not Reported,No,Yes,90.0,NR,0.818182,Not Reported,60,NR,NR,NR,NR,NR,NR,NR
2026-07-27 13:41:10,llm-reviewer,60_Ayer A et al. - 2026 - A Novel Model to Predict Progression to Death After Withdrawal of Care in Potential Donation-After-C,"A Novel Model to Predict Progression to Death After Withdrawal of Care in Potential Donation-After-Circulatory-Death Heart Donors.
Ayer, A. et al.
J Card Fail / 2026",USA,Heart,National Registry,2023,2025,Donors,287,NR,NR,Yes,Retrospective Cohort,Other,Multivariate logistic regression,Donor metrics,Other,External Validation (Geographic/Different Hospital),Other,Algorithm/Model weights available,234,53,Other,0.88,NR,100,50,Yes,Other Registry,,"Development data comprised consecutive DCD heart offers made to adult patients at the University of California San Diego from January 1 to June 30, 2023; donor data were obtained from the United Network for Organ Sharing (UNOS). External validation used consecutive offers at New York University from April 2023 to October 2025. The paper states, “There are no funding sources for this work.” A disclosure section reports industry relationships for one author, while all other authors reported no industry relationships.","The primary complete-case analysis included 234 potential DCD heart-donor offers in the development cohort and 53 in the external-validation cohort. A pooled overall age and female percentage were not reported; development-cohort mean age was 37.4 years and 31.6% were female, while validation-cohort mean age was 34.8 years and 71.7% were male. Race was reported, and clinical-history variables included previous cardiac arrest, cause of neurological injury, neurological examination findings, brain imaging, haemodynamic and ventilator variables, laboratory values, and sedative/analgesic use.","The study compared multivariate logistic regression with random forest, decision tree, radial-basis-function SVM, and Gaussian naïve Bayes. Candidate predictors were first identified by significant univariate logistic-regression associations, followed by backward elimination for the multivariable logistic model. Five-fold stratified cross-validation was used for candidate-model comparison, after which the selected logistic-regression model was trained on the full development cohort and externally validated at New York University. Interpretability was explicit: the authors preferred logistic regression partly because of its “greater interpretability,” and Table 4 provides model coefficients. No hyperparameter-search procedure was reported for the four machine-learning algorithms.","Regression imputation was used for missing development data. The primary external validation excluded offers with unavailable model inputs, while a sensitivity analysis used fivefold multiple imputation in an expanded validation cohort of 86 offers; therefore, missing-data handling was mixed. Outcome proportions were preserved using five-fold stratified cross-validation, although no resampling or class weighting was reported. Source code was not reported, but the full logistic-regression coefficients and intercept are provided in Table 4 and an online calculator is available. No predictor normalization or standardization procedure was described.","The outcome was progression to circulatory death after withdrawal of care among potential DCD heart donors. In the primary external-validation cohort of 53 offers, the final multivariate logistic-regression model achieved AUC 0.88 (95% CI 0.78–0.97), sensitivity 1.00, specificity 0.50, PPV 64%, and NPV 100%. Accuracy and F1-score were not explicitly reported. Calibration was evaluated using intercept, slope, and Brier score; external validation showed an intercept of −1.55, slope of 1.51, and Brier score of 0.19, indicating systematic overprediction. Decision-curve analysis was not reported.",High Risk,,,Unclear,,,High Risk,,,High Risk,,,Low Concern,,,None,Yes (Declared COI),Yes,Yes,"Yes (e.g., SHAP, LIME)","Automated (e.g., LASSO, Stepwise)",Not Reported,"Yes (e.g., SMOTE, weighted loss)",No,64,100,NR,No,60,0.78,0.97,NR,NR,NR,NR,NR
2026-07-27 13:41:10,llm-reviewer,61_Dag et al. - 2026 - A data-guided analytical framework for assessing the value of additional variables in heart transpla,"A data-guided analytical framework for assessing the value of additional variables in heart transplant decision making
Dag, A. et al.
Decis. Anal. J. / 2026",USA,Heart,National Registry,2004,2012,Transplant Recipients (Post-op),25512,NR,NR,Yes,Retrospective Cohort,Support Vector Machine (SVM),Support Vector Machine with Random Under-Sampling (SVM_RUS; old-variable model),Tabular (EMR/Clinical data),Other,Cross-Validation (k-fold),Simple Imputation (Mean/Median),Not Reported,NR,NR,1-year survival,0.6342,61.67,62.63,54.90,Not Reported,Other Registry,,"The study used the United Network for Organ Sharing (UNOS) heart transplant database. The source dataset covered October 1, 1987 to December 31, 2012, but transplantations before June 30, 2004 were excluded, giving an analysed period from 2004 through 2012. The authors declared no relevant competing interests. The work was supported in part by Health Resources and Services Administration contract 234-2005-370011C.","After data cleaning, the dataset contained 25,512 heart transplant cases and 161 variables. For the 1-year analysis, 19,704 observations were classified as survival, 2,693 as failure, and 3,115 were censored, resulting in 22,397 evaluable observations. Overall mean age, female proportion, and cohort race/ethnicity distributions were not reported. The predictor set included donor and recipient demographics, clinical history, haemodynamic and laboratory variables, life support, prior cardiac surgery, functional status, and procedural characteristics.","The authors compared Tree-Augmented Naïve Bayes, logistic regression, SVM, decision tree, and random forest models using five-fold cross-validation. SVM models were reported to outperform the other algorithms across the three time horizons; the selected balanced 1-year model was SVM_RUS using 33 old variables. Automated feature selection combined information-gain fast feature selection, LASSO, and Cox regression, supplemented by predictors identified from the literature. Feature selection was repeated within each training fold to reduce leakage. Interpretability was addressed through normalized sensitivity analysis, ranked variable-importance plots, and a TAN-derived directed acyclic graph. No explicit hyperparameter-tuning procedure was reported.","Missing numerical values were imputed using the median, while missing categorical observations were assigned an “UNKNOWN” category. Invariant variables, outliers, identifiers, and variables considered unrelated to survival were checked and removed. Class imbalance was addressed using random under-sampling and cost-sensitive models; RUS was applied only to each training fold, leaving the corresponding test fold at its natural class distribution. Exact per-fold training and test counts were not reported, and neither source code nor trained model weights were reported.","Performance was extracted for the highest-AUC balanced 1-year model presented in Table 6: SVM_RUS using the old-variable set. Across five-fold cross-validation, this model achieved AUC 0.6342, sensitivity 0.6263, specificity 0.5490, and accuracy 0.6167. The corresponding combined-variable SVM_RUS model achieved AUC 0.6285, indicating no improvement after adding the six selected post-2004 variables. AUC confidence intervals, PPV, NPV, F1-score, formal calibration assessment, and DCA were not reported.",Unclear,,,High Risk,,,High Risk,,,High Risk,,,Low Concern,,,Government/Public,Yes (Declared COI),No,Yes,"Yes (e.g., SHAP, LIME)","Automated (e.g., LASSO, Stepwise)",Not Reported,"Yes (e.g., SMOTE, weighted loss)",Yes,NR,NR,NR,Not Reported,60,NR,NR,NR,NR,NR,NR,NR
2026-07-27 13:41:10,llm-reviewer,62_Ding Q et al. - 2026 - Machine learning-based prediction of high hospital charges after lung transplantation in chronic obs,"Machine learning-based prediction of high hospital charges after lung transplantation in chronic obstructive pulmonary disease patients.
Ding, Q. et al.
BMC Health Serv Res / 2026",USA,Lung,National Registry,2005,2014,Transplant Recipients (Post-op),1159,NR,NR,Yes,Retrospective Cohort,Gradient Boosting (XGBoost/LightGBM),Gradient Boosting Machine (GBM),Tabular (EMR/Clinical data),Other,Internal Split (Train/Test),Multiple Imputation,Not Reported,NR,348,Economy/Length of Stay,0.8078,81.64,66.57,NR,Yes,Other Registry,,"Data were obtained from the US Nationwide Inpatient Sample, part of the Healthcare Cost and Utilization Project, and covered January 2005 through December 2014. The paper states “Funding: None” and “The authors declare no competing interests.”","The initial cohort contained 1,177 adult hospital admissions identified using ICD-9-CM lung-transplant procedure codes; 12 admissions with missing charge data were excluded, and 1,159 were included in the final analysis. Overall mean age and female percentage were not explicitly reported. Table 1 provides sex and race distributions by cost group and includes extensive clinical variables such as heart failure, coagulopathy, pulmonary vascular disease, acute kidney injury, sepsis, mechanical ventilation, ECMO, respiratory failure, and transplanted-lung complications.","The primary GBM was compared with logistic regression, random forest, XGBoost, CatBoost, and LightGBM. Patients were divided into training and test cohorts in a 7:3 ratio, and ten-fold cross-validation was used within training to optimize hyperparameters. Feature selection used a two-stage automated process consisting of Pearson-correlation assessment followed by Random-Forest-based Recursive Feature Elimination, leaving 27 predictors. SHAP global and local analyses were used to interpret the selected GBM.","Missing Race and Zip-Code Income Quartile values were imputed using Multiple Imputation by Chained Equations with a Gradient Boosting Classifier for multiclass categorical imputation. Seven post-discharge or manually coded variables were excluded to reduce information leakage, and feature selection reduced the model to 27 variables. High-cost cases represented approximately 20% of the cohort, but no resampling, class weighting, or other explicit imbalance treatment was reported. The exact training count was not stated; the GBM test confusion matrix contains 348 observations. Source code and trained model weights were not reported.","The outcome was high-cost hospitalization, defined as total hospital charges at or above the cohort’s 80th percentile ($600,223.40). On the held-out test set, GBM achieved AUC 0.8078, accuracy 0.8164, precision 0.6944, recall 0.6657, and F1-score 0.6773. No AUC confidence interval, explicitly reported specificity, or NPV was provided. Calibration curves were presented, and GBM had a Brier score of 0.1360. Decision-curve analysis was not reported.",High Risk,,,High Risk,,,Low Risk,,,High Risk,,,Low Concern,,,None,Yes (Declared COI),Yes,Yes,"Yes (e.g., SHAP, LIME)","Automated (e.g., LASSO, Stepwise)",Yes,No,Yes,69.44,NR,0.6773,No,60,NR,NR,NR,NR,NR,NR,NR
2026-07-27 13:41:10,llm-reviewer,63_Fessler J et al. - 2025 - Machine Learning for Predicting Pulmonary Graft Dysfunction After Double-Lung Transplantation A Sin,"Machine Learning for Predicting Pulmonary Graft Dysfunction After Double-Lung Transplantation: A Single-Center Study Using Donor, Recipient, and Intraoperative Variables.
Fessler, J. et al.
Transpl Int / 2025",Europe,Lung,Single Center,2012,2019,Transplant Recipients (Post-op),477,NR,NR,Yes,Retrospective Cohort,Gradient Boosting (XGBoost/LightGBM),eXtreme Gradient Boosting (XGBoost),Tabular (EMR/Clinical data),Other,Internal Split (Train/Test),Algorithm handles natively,Yes,NR,NR,Primary Graft Dysfunction (PGD),0.84,NR,81,68,Other,Not Applicable / Not Reported,,"The study included all eligible double-lung transplant recipients treated at Hôpital Foch, France, from January 2012 through December 2019. Funding was provided by Hôpital Foch, with additional support acknowledged from the association “Vaincre la Mucoviscidose.” The authors declared that the research was conducted “in the absence of any commercial or financial relationships that could be construed as a potential conflict of interest.”","Of 510 double-lung transplant recipients, 477 met the inclusion criteria; 83 developed PGD3-T72 and 394 did not. Age was reported as median and interquartile range rather than an overall mean, and an overall female percentage was not explicitly stated. Clinical variables included primary lung disease, BMI, pulmonary hypertension, diabetes, prior thoracic surgery, waiting-list and ICU status, mechanical ventilation, vasopressors, laboratory values, Lung Allocation Score, donor characteristics, ECMO, and sequential intraoperative measurements.","XGBoost was compared with a baseline logistic-regression model. Models were developed at nine chronological stages using recipient, donor, and intraoperative variables. Hyperparameters were optimized through three-stage grid search with five-fold cross-validation. Automated feature selection used XGBoost Gain rankings and recursive addition of the highest-ranked predictors across 500 random train/test splits. SHAP dependence plots and a simplified logistic-regression score were used for interpretation.","Numerical variables were not transformed, categorical variables were one-hot encoded, and missing values were not imputed because “XGBoost treats missing data as a specific modality.” PGD3-T72 occurred in 83 of 477 recipients, but no class weighting, over-sampling, under-sampling, or other explicit imbalance method was reported. The primary XGBoost train/test split proportion and corresponding counts were not stated. The authors report that their “full codebase has been made publicly available.”","The primary outcome was grade 3 primary graft dysfunction at 72 hours according to the 2016 ISHLT definition. The optimal six-feature XGBoost model was evaluated at step 8, immediately after second graft implantation, and achieved a median AUROC of 0.84 with an IQR of 0.065; the abstract reports sensitivity 0.81 and specificity 0.68. Although bootstrap confidence intervals were said to have been generated, numeric lower and upper 95% CI limits were not reported. Accuracy, PPV, NPV, and F1-score were not provided in the main paper. The authors qualitatively described superior or well-calibrated risk estimates, but no calibration intercept, slope, Brier score, or calibration plot was reported. DCA was not reported.",Low Risk,,,Low Risk,,,Low Risk,,,High Risk,,,Low Concern,,,Foundation/Non-profit,Yes (Declared COI),No,Yes,"Yes (e.g., SHAP, LIME)","Automated (e.g., LASSO, Stepwise)",Yes,No,Yes,NR,NR,NR,No,60,NR,NR,NR,NR,NR,NR,NR
2026-07-27 13:41:10,llm-reviewer,64_Kim DD et al. - 2026 - An integrated clinical-histopathologic prediction model for cardiac allograft rejection Translating,"An integrated clinical-histopathologic prediction model for cardiac allograft rejection: Translating machine learning into clinical risk frameworks.
Kim, D. D. et al.
J Heart Lung Transplant / 2026",USA,Heart,Single Center,NR,NR,Transplant Recipients (Post-op),484,52.6,NR,Yes,Retrospective Cohort,Gradient Boosting (XGBoost/LightGBM),eXtreme Gradient Boosting (XGBoost),Other,Other,Internal Split (Train/Test),Multiple Imputation,Not Reported,954,234,Acute Rejection,0.86,NR,72,94,No,Not Applicable / Not Reported,,"The cohort was derived from adult heart transplant recipients at the University of Pennsylvania using four previously published digitized-biopsy datasets. Calendar years for patient inclusion were not reported. The study was supported by National Heart, Lung, and Blood Institute grants K08HL159344, R01HL170152, and R01HL158071. The disclosure statement reads, “None to state.”","The final cohort comprised 484 recipients and 1,188 outpatient EMB-associated encounters. Mean recipient age was 52.6 years; 77.1% were male, but female percentage was not explicitly reported. Race was reported as White 70.7%, Black 19.2%, and Other 10.1%. Clinical history included BMI, retransplantation, CMV status, renal function, LVAD history, coronary disease, ischemic cardiomyopathy, diabetes, pulmonary hypertension, hypertension, hyperlipidemia, CKD, cPRA, medications, laboratory trends, and donor characteristics.","The primary model integrated structured EHR variables with quantitative pathology features extracted from digitized H&E-stained EMB slides. Data were split 80:20 by patient identifier, with 10-fold cross-validation during training and performance assessed exclusively on the held-out test set. Cross-sectional, longitudinal, clinical-only, morphology-only, and integrated configurations were compared. SHAP rankings were used to identify influential features and derive the Integrated Rejection Risk Index; no explicit hyperparameter-search or tuning procedure was reported.","Patients were required to have at least 90% completeness of routinely collected clinical variables, and residual missingness was handled using multiple imputation by chained equations. The cohort was deliberately enriched for future-rejection patients, 26.9% versus a 15.1% institutional incidence, “to mitigate class imbalance.” Longitudinal predictors were constructed using time bins, change-from-baseline, change-from-prior-encounter, and rate-of-change features. Figure 2 reports 954 training encounters and 234 held-out test encounters; all splitting was performed at patient level. Code availability was not reported.","The primary feasibility outcome was future cardiac allograft rejection occurring more than 7 days and no more than 42 days after a CAR-free outpatient encounter. CAR included ISHLT cellular rejection greater than 1R, pAMR greater than 0, or clinically evident rejection. On the held-out test set of 234 encounters, the integrated longitudinal clinical-morphologic XGBoost model achieved AUROC 0.86, AUPRC 0.74, macro F1 0.83, sensitivity 0.72, specificity 0.94, PPV 0.74, and NPV 0.94. Numeric 95% confidence bounds for AUROC and accuracy were not reported. Formal calibration analysis and DCA were not reported.",High Risk,,,Low Risk,,,Low Risk,,,High Risk,,,Low Concern,,,Government/Public,Yes (Declared COI),Yes,Yes,"Yes (e.g., SHAP, LIME)","Automated (e.g., LASSO, Stepwise)",Not Reported,"Yes (e.g., SMOTE, weighted loss)",Yes,74,94,0.83,No,60,NR,NR,NR,NR,NR,NR,NR
2026-07-27 13:41:10,llm-reviewer,65_Koritsánszky KB et al. - 2025 - Shifting Determinants of Mortality Risk After Orthotopic Heart Transplantation Identified by Machine,"Shifting Determinants of Mortality Risk After Orthotopic Heart Transplantation Identified by Machine Learning.
Koritsánszky, K. B. et al.
J Cardiovasc Dev Dis / 2025",Europe,Heart,Single Center,2012,2024,Transplant Recipients (Post-op),581,50.7,26.67,Yes,Retrospective Cohort,Random Forest,Random Forest,Tabular (EMR/Clinical data),None,Cross-Validation (k-fold),Simple Imputation (Mean/Median),Not Reported,NR,NR,1-year survival,0.86,NR,NR,NR,Yes,Not Applicable / Not Reported,,"The study used the institutional database of the Heart and Vascular Center, Semmelweis University, Budapest, Hungary, and included OHT recipients treated from 30 January 2012 to 23 December 2024. Funding was provided through a European Union-supported project, the Hungarian Ministry for Culture and Innovation/National Research, Development and Innovation Fund, and the Hungarian Academy of Sciences. Conflicts were declared for two authors, including compensated work as Chief Medical Officer of Argus Cognitive, Inc. and advisory-board membership at GE Healthcare, both stated to be unrelated to the manuscript.","The cohort comprised 581 adolescent and adult OHT recipients; overall age was 50.7 ± 10.9 years and 155 patients (26.67%) were female. Race or ethnicity was not reported. The dataset included demographics, heart-failure diagnosis, comorbidities, functional status, mechanical circulatory support, right-heart catheterization, laboratory values, donor variables, medications, postoperative organ dysfunction, circulatory support, transfusion, ICU and ventilation duration, and postoperative complications.","Random forest models were developed separately for 30-day and 1-year all-cause mortality using either preoperative variables alone or all available preoperative and postoperative variables. A nested cross-validation design used a five-fold inner loop for hyperparameter optimization and a five-fold outer loop for feature selection, model selection, and performance evaluation. Feature selection retained 15–25 predictors. SHAP values quantified the magnitude and direction of predictor contributions, and the final ensemble comprised five classifiers trained on distinct outer folds.","Features with more than 40% missingness were excluded. Remaining continuous values were imputed using the mean, categorical values using the mode, and continuous predictors were standardized with z-score normalization. All preprocessing was fitted only within the training portion of the nested cross-validation. SMOTE was applied exclusively to training data within each fold. Exact outer-fold training and hold-out counts were not explicitly reported, and source code or trained model weights were not reported.","Performance was extracted for the 1-year random forest model using all preoperative and postoperative variables, evaluated across the outer hold-out folds of nested five-fold cross-validation. The model achieved AUC 0.86 (95% CI 0.80–0.92) and Brier score 0.10. Accuracy, PPV, sensitivity, specificity, NPV, and F1-score were not reported. The preoperative-only 1-year model achieved AUC 0.67 (95% CI 0.56–0.78; Brier score 0.15). Formal calibration plots, calibration intercept or slope, and DCA were not reported.",Low Risk,,,High Risk,,,Low Risk,,,High Risk,,,Low Concern,,,Government/Public,Yes (Declared COI),No,Yes,"Yes (e.g., SHAP, LIME)","Automated (e.g., LASSO, Stepwise)",Yes,"Yes (e.g., SMOTE, weighted loss)",Yes,NR,NR,NR,No,60,0.80,0.92,NR,NR,NR,NR,NR
2026-07-27 13:41:10,llm-reviewer,66_Luo L et al. - 2026 - In silico perturbations provide multivariate interpretability in predicting post-lung transplant out,"In silico perturbations provide multivariate interpretability in predicting post-lung transplant outcomes.
Luo, L. et al.
Sci Rep / 2026",USA,Lung,National Registry,1987,2022,Transplant Recipients (Post-op),43869,NR,NR,Yes,Retrospective Cohort,Transformer/LLM,EHRFormer,Tabular (EMR/Clinical data),Other,Internal Split (Train/Test),Simple Imputation (Mean/Median),Yes,NR,NR,1-year survival,0.64,60,70,49,Not Reported,SRTR (Scientific Registry of Transplant Recipients),,"The study used de-identified United Network for Organ Sharing Standard Transplant Analysis and Research File data, described as SRTR/OPTN data, from US lung transplant recipients. Transplants before 8 November 2022 were included, and the abstract describes the period as 1987–2022. The authors stated, “This research received no funding” and declared no competing interests.","The abstract reports 43,869 first-time lung transplant recipients, although the Results also describe an exploratory cohort of 47,864 recipients and Figure 1 reports 37,369 observations in the all-years modeling dataset. The study was restricted to first-time recipients older than 18 years. Overall mean age and female percentage were not reported. Recipient and donor ethnicity, transplant indication, functional status, infection, mechanical ventilation, ECMO, renal function, hemodynamics, lung function, and other clinical-history variables were included.","EHRFormer was a tabular BERT model with three transformer layers, 64-dimensional embeddings, an intermediate layer size of 128, and four attention heads. It was compared with XGBoost. Features were automatically filtered to those with less than 10% missingness within each era, producing 140–152 variables. The models used an 80:20 train/test split, five-fold cross-validation within training, and held-out test evaluation. EHRFormer hyperparameters were optimized with Optuna, while XGBoost used Bayesian optimization. Interpretability included SHAP for XGBoost and single- or multivariable in silico perturbations for EHRFormer.","Numerical variables were mean-imputed and categorical variables were mode-imputed. Categorical predictors were ordinal- or one-hot encoded, and EHRFormer numerical inputs were quantile-binned. The majority class was randomly downsampled to a 1:1 ratio separately in both training and test sets. Exact post-downsampling training and test counts were not explicitly reported. The authors provided a GitHub repository containing the underlying code; the UNOS-derived training and validation datasets were not publicly available.","Values were extracted for the best all-years held-out test model for 1-year mortality, EHRFormer. It achieved AUC 0.64 (95% CI 0.61–0.66), accuracy 0.60, F1-score 0.64, precision 0.58, recall 0.70, and specificity 0.49. NPV was not reported. The XGBoost comparator achieved AUC 0.63 (95% CI 0.60–0.67). Calibration assessment and DCA were not reported. Patients who died during or within 90 days of the index hospitalization were excluded from the mortality-prediction task.",High Risk,,,High Risk,,,Low Risk,,,High Risk,,,Low Concern,,,None,Yes (Declared COI),Yes,Yes,"Yes (e.g., SHAP, LIME)","Automated (e.g., LASSO, Stepwise)",Yes,"Yes (e.g., SMOTE, weighted loss)",Yes,58,NR,0.64,Not Reported,60,0.61,0.66,NR,NR,NR,NR,NR
2026-07-27 13:41:10,llm-reviewer,67_Mete M et al. - 2026 - Predicting Simultaneous Heart Kidney Allocation and Posttransplant Adverse Kidney Outcomes,"Predicting Simultaneous Heart Kidney Allocation and Posttransplant Adverse Kidney Outcomes.
Mete, M. et al.
Kidney Int Rep / 2026",USA,Heart,National Registry,2018,2024,Transplant Candidates (Waitlist),9999,NR,NR,Yes,Retrospective Cohort,Random Forest,Random Forest,Tabular (EMR/Clinical data),None,External Validation (Temporal),Other,Not Reported,6579,1567,Other,0.899,NR,68.0,94.1,Not Reported,Other Registry,,"The study used United Network for Organ Sharing Standard Transplant Analysis and Research files from the OPTN national registry. Model development used transplants from 18 October 2018 through 31 December 2020; temporal external validation used January–June 2021 and September 2023–March 2024 cohorts. The work was supported in part by a Health Resources and Services Administration contract. The disclosure states, “All authors declared no competing interests.”","The model was developed in 6,579 adult heart transplant recipients and evaluated in two external cohorts of 1,567 and 1,853 recipients, giving 9,999 participants across development and validation. The intended use was decision support at heart-transplant waitlisting. Age was reported as a median of 57 years rather than a mean, and 72.5% were male; an explicit female percentage was not reported. Race and clinical history were reported, including diabetes, heart-failure diagnosis, previous transplantation, dialysis, mechanical support, renal function, biomarkers, and right-heart catheterization measurements.","An expert panel initially selected 44 clinically relevant variables from 531 registry variables. Random-forest Gini importance was then used to select the final 15 predictors. Hyperparameters were exhaustively searched across numbers of trees, maximum depth, maximum features, positive-class weights, and random seeds. Internal five-fold cross-validation was followed by validation in two later temporal cohorts. Interpretability was provided through feature-importance distributions and a patient-level web calculator.","Missing predictor values were imputed with a K-nearest-neighbors imputer using K = 50, primarily for right-heart catheterization measurements, BNP, and blood urea nitrogen. Class imbalance was addressed through positive-sample class-weight tuning from 3 to 10, and precision-recall performance was reported for the 13.4% adverse-outcome prevalence. The primary temporal external test cohort contained 1,567 recipients; a second external cohort contained 1,853. Study code or trained model weights were not reported, although the model was implemented as an online calculator.","The composite adverse outcome comprised receipt of simultaneous heart-kidney transplantation or, after heart transplantation alone, chronic dialysis, eGFR below 20 ml/min per 1.73 m², or kidney-transplant listing/transplantation within 1 year. In the first temporal external-validation cohort of 1,567 recipients, the random forest achieved c-statistic 0.899, sensitivity 0.680, specificity 0.941, PPV 0.680, NPV 0.941, and F1-score 0.680. A 95% confidence interval for the c-statistic and model accuracy were not reported. Calibration and DCA were not reported. The second postpolicy validation cohort achieved a c-statistic of 0.874.",High Risk,,,High Risk,,,High Risk,,,High Risk,,,Low Concern,,,Government/Public,Yes (Declared COI),Yes,Yes,"Yes (e.g., SHAP, LIME)","Automated (e.g., LASSO, Stepwise)",Yes,"Yes (e.g., SMOTE, weighted loss)",Yes,68.0,94.1,0.680,Not Reported,60,NR,NR,NR,NR,NR,NR,NR
2026-07-27 13:41:10,llm-reviewer,68_Noh et al. - 2025 - Machine Learning for 1-Year Graft Failure Prediction in Lung Transplant Recipients The Korean Organ,"Machine Learning for 1-Year Graft Failure Prediction in Lung Transplant Recipients: The Korean Organ Transplantation Registry
Noh, Dasom et al.
CLINICAL TRANSPLANTATION / 2025",Asia,Lung,National Registry,2015,2021,Transplant Recipients (Post-op),240,56.1,NR,Yes,Prospective Cohort,"Artificial Neural Networks (ANN, MLP, NN)",Multilayer Perceptron,Tabular (EMR/Clinical data),Other,Cross-Validation (k-fold),Complete Case Analysis (Excluded),Not Reported,NR,NR,Other,0.780,73.3,67.3,75.1,Not Reported,Other Registry,,"Data were obtained from the Korean Organ Transplantation Registry, described as a prospective multicenter cohort registry in South Korea, with lung transplant recipients registered from March 2015 through December 2021. Funding was provided by National Institutes of Health research projects and a South Korean government-funded IITP grant. The authors stated, “The authors declare no conflicts of interest.”","Of 303 initially enrolled recipients, patients who withdrew, underwent heart-lung transplantation, were lost to follow-up, or had incomplete data were excluded, leaving 240 recipients. Mean age was 56.1 ± 9.5 years and 65.8% were male; an explicit female percentage was not reported. Clinical variables included transplant indication, diabetes, hypertension, CKD, malignancy, cardiac and cerebrovascular disease, infection, steroid exposure, pulmonary function, mechanical ventilation, ECMO, laboratory values, HLA crossmatch, donor-specific antibodies, and panel-reactive antibodies.","The primary MLP was compared with logistic regression, SVM, random forest, gradient boosting machine, and balanced random forest. Twenty-five preoperative variables associated with graft failure in univariate analyses were ranked using averaged logistic-regression coefficients across repeated 5-fold cross-validation, and the top nine variables with normalized absolute coefficients above 0.25 were retained. Grid-search hyperparameter optimization was reported. The MLP contained two 60-unit ReLU dense layers with dropout of 0.7 and a sigmoid output. SHAP DeepExplainer was used for interpretation.","Only patients with complete data for all selected preoperative variables were analysed, and no imputation was performed. Class imbalance was addressed using balanced class weights for several models and a balanced-random-forest implementation; the exact imbalance method used for the final MLP was not explicitly specified. Stratified 5-fold cross-validation preserved the graft-failure proportion in each fold. Exact fold-specific training and validation counts were not reported. Feature-selection and model-preparation procedures were described, but predictor scaling or normalization before MLP training was not explicitly reported. Source code and model weights were not reported.","The outcome was 1-year graft failure, defined as death or retransplantation due to graft failure within 1 year; retransplantation date was treated as equivalent to the date of death. Across stratified 5-fold cross-validation, the MLP achieved AUC 0.780, accuracy 0.733, sensitivity 0.673, specificity 0.751, PPV 0.449, NPV 0.886, and F1-score 0.537. No 95% confidence interval for AUC was reported. Calibration analysis and DCA were not reported.",High Risk,,,Low Risk,,,Low Risk,,,High Risk,,,Low Concern,,,Government/Public,Yes (Declared COI),No,Yes,"Yes (e.g., SHAP, LIME)","Automated (e.g., LASSO, Stepwise)",Yes,"Yes (e.g., SMOTE, weighted loss)",Yes,44.9,88.6,0.537,Not Reported,60,NR,NR,NR,NR,NR,NR,NR
2026-07-27 13:41:10,llm-reviewer,69_Peyster et al. - 2021 - An automated computational image analysis pipeline for histological grading of cardiac allograft rej,"An automated computational image analysis pipeline for histological grading of cardiac allograft rejection
Peyster, E. G. et al.
Eur Heart J / 2021",USA,Heart,Multi-center,2005,2018,Transplant Recipients (Post-op),2472,NR,NR,Yes,Retrospective Cohort,Support Vector Machine (SVM),Computer-Assisted Cardiac Histologic Evaluation-Grader (CACHE-Grader),Pathology slides,Human expert/Clinician,External Validation (Geographic/Different Hospital),Not Reported,Yes,911,1447,Acute Rejection,0.92,84.5,85,84,Not Reported,Not Applicable / Not Reported,,"Archived biopsy slides were obtained from the Hospital of the University of Pennsylvania, University Hospitals Cleveland Medical Center, and Ohio State University Wexner Medical Center during usual care between 2005 and 2018. Funding was predominantly from US public agencies, including the NIH, Department of Veterans Affairs, and Department of Defense, with additional foundation and institutional support. Multiple authors declared consultancy, equity, patent, licensing, advisory-board, or sponsored-research interests.","The analytic units were 2,472 archived H&E-stained endomyocardial-biopsy slides originating from 546 heart transplant recipients. Biopsies were obtained 7–6,415 days after transplantation during scheduled surveillance or for-cause assessment. Recipient-level age, sex, race/ethnicity, and comorbidity distributions were not reported.","The pipeline extracted 154 biologically inspired, hand-crafted histologic features describing lymphocyte foci, tissue compartments, densities, and spatial interactions. Support vector machine classifiers were selected for binary low- versus high-grade rejection (M1) and four-grade rejection classification (M2). Features were ranked using a Wilcoxon rank-sum test for M1 and a t-test for M2, resulting in models with 2 and 15 features, respectively. Validation included 395 held-out slides from the development center and 1,052 geographically external slides from two other centers; no explicit SVM hyperparameter-search procedure was reported.","Slides underwent automated HistoQC assessment, stain deconvolution, tiling, K-means tissue segmentation, lymphocyte-cluster detection, and feature normalization relative to tissue-compartment size. The authors deliberately enriched the cohort for grades 2R/3R to approximately 20%, compared with approximately 8% in routine practice, to ensure sufficient high-grade cases; this addressed imbalance through cohort construction rather than algorithmic weighting or resampling. The training set contained 911 slides, and the composite validation set contained 1,447 slides: 395 internal and 1,052 external. Missing-feature imputation was not described. Source code was publicly available through the CACHE-Grader repository.","Values refer to the binary M1 classifier for low-grade 0R/1R versus high-grade 2R/3R rejection in the composite independent validation set. It achieved 84.5% agreement with the grade of record, AUC 0.92, sensitivity 0.85, and specificity 0.84; no AUC confidence interval was reported. The four-grade M2 classifier achieved 65.9% agreement (95% CI 63.4–68.3%), with similar internal and external agreement of 66.1% and 65.8%. Numeric PPV, NPV, F1-score, formal probabilistic calibration metrics, and DCA were not reported.",High Risk,,,Low Risk,,,High Risk,,,High Risk,,,Low Concern,,,Government/Public,Yes (Declared COI),Not Reported,Not Reported,"Yes (e.g., SHAP, LIME)","Automated (e.g., LASSO, Stepwise)",Not Reported,"Yes (e.g., SMOTE, weighted loss)",Yes,NR,NR,NR,Not Reported,60,NR,NR,NR,NR,NR,NR,NR
2026-07-27 13:41:10,llm-reviewer,70_Sharma G et al. - 2025 - Development and Validation of a Hybrid Machine Learning Model to Predict Lung Transplant Outcomes,"Development and Validation of a Hybrid Machine Learning Model to Predict Lung Transplant Outcomes.
Sharma, G. et al.
JAMA Netw Open / 2025",USA,Lung,National Registry,1987,2025,Transplant Recipients (Post-op),51933,NR,42.4,Yes,Retrospective Cohort,Other,AutoScore-Survival,Tabular (EMR/Clinical data),None,External Validation (Temporal),Other,Not Reported,24014,25251,1-year survival,0.61,NR,NR,NR,Yes,Other Registry,,"The study used the United Network for Organ Sharing–Organ Procurement and Transplantation Network registry and included US lung transplants performed between October 16, 1987, and March 26, 2025. Dr Sharma was supported by three American Heart Association awards. The article states, “Conflict of Interest Disclosures: None reported.”","The cohort comprised 51,933 adults undergoing their first lung transplant. Age was reported as a median of 59 years rather than a mean; 22,028 recipients (42.4%) were women. Race and ethnicity were reported. Candidate predictors included recipient demographics, functional status, prior cardiac surgery, laboratory measures, donor characteristics, transplant type, ischemic time, inotropic support, hospital length of stay, and posttransplant ventilation support.","AutoScore-Survival is a hybrid framework that used a random survival forest to rank 61 candidate variables and Cox proportional hazards regression to generate an interpretable integer-based score. A parsimony plot in the development validation cohort selected nine predictors. The cohort was temporally split into development and contemporary testing periods; the development cohort was further divided into training and validation sets for model selection and hyperparameter tuning. Interpretability was provided through a nine-variable point score, hazard ratios, risk groups, and a web calculator.","Missing values were retained as an “unknown” or “not reported” category rather than imputed. Continuous predictors were categorized to generate the point-based score, and the model-development workflow and temporal allocation were described. The development cohort contained 24,014 training recipients and 2,668 validation recipients; the temporal testing cohort contained 25,251 recipients. Class imbalance treatment was not applicable to the time-to-event survival framework, which incorporated censoring and had an overall event rate of 61.4%. Source code or trained model weights were not reported.","The outcome was time from lung transplantation to death or retransplantation, evaluated at 1, 5, and 10 years. In the temporal testing cohort, the 1-year time-dependent AUC was 0.61 (95% CI 0.52–0.70). The testing-set integrated AUC was 0.61 (95% CI 0.60–0.63) and C-index was 0.64 (95% CI 0.63–0.64). Accuracy, PPV, sensitivity, specificity, NPV, and F1-score were not reported. Calibration was assessed using plots, calibration slope, observed-to-expected ratios, and Brier scores; decision-curve analysis showed net benefit across clinically relevant thresholds.",Low Risk,,,High Risk,,,Low Risk,,,High Risk,,,Low Concern,,,Foundation/Non-profit,Yes (Declared COI),Yes,Yes,"Yes (e.g., SHAP, LIME)","Automated (e.g., LASSO, Stepwise)",Yes,Not Applicable/Not Reported,Yes,NR,NR,NR,Yes,60,0.52,0.70,NR,NR,NR,NR,NR
2026-07-27 13:41:10,llm-reviewer,71_Tran-Dinh A et al. - 2026 - Early identification of high-risk individuals for mortality after lung transplantation A retrospect,"Early identification of high-risk individuals for mortality after lung transplantation: A retrospective cohort study with topological feature engineering.
Tran-Dinh, A. et al.
PLOS Digit Health / 2026",Europe,Lung,Single Center,2015,2020,Transplant Recipients (Post-op),252,NR,NR,Yes,Retrospective Cohort,"Artificial Neural Networks (ANN, MLP, NN)",Topological Attention Multilayer Perceptron,Tabular (EMR/Clinical data),"Linear Risk Score (e.g., LAS, EuroSCORE)",Cross-Validation (k-fold),Multiple Imputation,Yes,NR,NR,1-year survival,0.87,90,84,90,Yes,Not Applicable / Not Reported,,"The study included consecutive lung transplant recipients at Bichat-Claude Bernard Hospital in Paris, France, between January 1, 2015, and December 31, 2020. Funding included the French Agence Nationale de la Recherche and regional Spanish public/FEDER funding, with Institute Mutualiste Montsouris covering article-processing charges. The authors declared that no competing interests existed.","Of 287 consecutive recipients screened, 24 were excluded for more than 20% missing key variables and 11 for insufficient follow-up without documented death, leaving 252 patients: 189 survivors and 63 non-survivors at 1 year. Overall mean age and female percentage were not explicitly reported in the article text. Clinical variables included diabetes, ischemic heart disease, primary lung disease, pulmonary arterial pressure, BMI, CMV mismatch, preoperative and intraoperative ECMO, transplant type, ICU severity scores, postoperative organ support, infections, primary graft dysfunction, renal failure, and rejection.","The primary classifier was a regularized MLP using 49 clinical variables and 27 topological features generated from persistent-homology representations. It was compared with the Lung Transplant Risk Index, Charlson Comorbidity Index, FEV1, clinical-only MLP, random forest, gradient boosting, logistic regression, and other classifiers. Validation used nested stratified cross-validation with five outer folds for performance estimation and three inner folds for hyperparameter tuning. Recursive feature elimination with cross-validation was performed within each training fold, retaining a mean of 34 ± 6 features. SHAP, partial-dependence plots, effect sizes, and an interpretable risk score were used for explanation.","Missing data were handled using multiple imputation by chained equations with ten iterations and five imputed datasets, using predictive mean matching for continuous variables and logistic regression for binary variables. Scaling, imputation, topological extraction, and feature selection were fitted exclusively within training folds. Class imbalance was addressed with inverse-frequency class weights of 1 for survivors and 3 for non-survivors; SMOTE was evaluated in sensitivity analysis. Exact per-fold training and test counts were referenced in Supplementary Table S2 but were not stated numerically in the article text. The data, code, and split manifest were made publicly available in the TopoAttention repository.","The primary endpoint was all-cause mortality within 365 days after transplantation. Table 2 reports AUC 0.87 (95% CI 0.81–0.93), accuracy 0.90 (95% CI 0.85–0.95), sensitivity 0.84, specificity 0.90, PPV 0.82, NPV 0.91, F1-score 0.83, and PR-AUC 0.71 for the Topological Attention model. The abstract separately reports 87.4% accuracy, 84.1% sensitivity, and 89.6% specificity on the test dataset, indicating minor inconsistency or different rounding/evaluation summaries. Calibration was evaluated with curves, Expected Calibration Error 0.08, Brier score 0.12, calibration slope 0.91, and intercept −0.15. DCA showed positive net benefit across thresholds from 0.1 to 0.5 and benefit relative to treat-all and treat-none strategies above approximately 0.15.",Unclear,,,High Risk,,,Low Risk,,,High Risk,,,Low Concern,,,Government/Public,Yes (Declared COI),No,Yes,"Yes (e.g., SHAP, LIME)","Automated (e.g., LASSO, Stepwise)",Yes,"Yes (e.g., SMOTE, weighted loss)",Yes,82,91,0.83,Yes,60,0.81,0.93,NR,NR,NR,NR,NR
2026-07-27 13:41:10,llm-reviewer,72_Weigt SS et al. - 2025 - Development and validation of a bronchoalveolar lavage genomic classifier for acute cellular rejecti,"Development and validation of a bronchoalveolar lavage genomic classifier for acute cellular rejection.
Weigt, S. S. et al.
EBioMedicine / 2025",Multi-national,Lung,Multi-center,2015,2018,Transplant Recipients (Post-op),181,55.2,44.2,Yes,Prospective Cohort,Random Forest,31-gene bronchoalveolar-lavage cell-pellet genomic ACR Random Forest classifier,Multi-omics/Genetics,Human expert/Clinician,External Validation (Geographic/Different Hospital),Not Reported,Not Reported,150,78,Acute Rejection,0.90,82.1,73.3,87.5,Not Reported,Other Registry,,"CTOT-20 was a prospective observational cohort enrolling adult lung transplant recipients at five North American centres: Duke University, UCLA, University of Toronto, Johns Hopkins, and Cleveland Clinic. Participants were transplanted between December 2015 and August 2018; the consecutively sampled study subset was transplanted from August 2016 to April 2017, with follow-up through July 2021. Funding included National Institute of Allergy and Infectious Diseases awards, with additional Cystic Fibrosis Foundation and Saul and Joyce Brandman Foundation support. Multiple author conflicts were declared, including research grants, consulting, honoraria, advisory roles, and a provisional patent related to allograft injury or rejection.","The primary CTOT-20 analytic cohort contained 181 recipients contributing 806 pre-CLAD BAL-cell-pellet samples that passed RNA quality control. Mean age was 55.2 years and 80 of 181 recipients (44.2%) were female. Race and ethnicity, native lung-disease category, transplant type, Lung Allocation Score, HLA mismatch, induction therapy, and grade 3 primary graft dysfunction were reported. The independent UCLA cohort contained 219 recipients, although external diagnostic validation was performed in 78 samples meeting the clinically significant ACR or stable-control phenotype definitions.","RNA-seq-derived gene-expression features were used to classify clinically significant ACR versus stable controls defined by bronchoscopy, microbiology, donor-specific antibodies, and pathologist-assigned transbronchial-biopsy grades. Logistic regression, Elastic-Net, and Random Forest were evaluated; Random Forest was selected. Ten-fold cross-validation tuned mtry from 1–15 and ntree from 100–5000. Boruta automated all-relevant feature selection reduced 62 differentially expressed genes to a locked 31-gene model. Interpretability was provided through individual gene-importance rankings and biologic pathway analysis. Validation included a held-out internal test set and an independent geographically separate UCLA cohort.","RNA quantity and integrity thresholds were prespecified; 185 of 991 pre-CLAD samples failed quality control, predominantly because of insufficient RNA quantity. Sequencing preprocessing included fastp read cleaning, quality metrics, STAR alignment, FeatureCounts quantification, RPKM calculation, low-expression filtering, and LIMMA-voom differential-expression analysis. No missing-predictor imputation was described. Clinically significant ACR was substantially less frequent than stable control in the model-development sample, but no class weighting, over-sampling, under-sampling, or other imbalance method was reported. The development split contained 150 training and 38 internal-test samples; the independent external validation analysis contained 78 samples. Gene-expression and clinical data were deposited in Mendeley Data, but source code or trained model weights were not reported.","Performance was extracted from the independent UCLA validation cohort for distinguishing clinically significant ACR from stable controls. The 31-gene Random Forest classifier achieved AUC 0.90 (95% CI 0.83–0.96), accuracy 82.1%, sensitivity 73.3%, and specificity 87.5%. PPV, NPV, and F1-score were not reported for the external cohort. The internal held-out test set contained 38 samples and achieved AUC 0.72 (95% CI 0.53–0.88). Formal probability calibration and decision-curve analysis were not reported. As a secondary prognostic finding, late genomic ACR was associated with subsequent CLAD risk.",High Risk,,,Low Risk,,,High Risk,,,High Risk,,,Low Concern,,,Government/Public,Yes (Declared COI),Yes,Yes,"Yes (e.g., SHAP, LIME)","Automated (e.g., LASSO, Stepwise)",Yes,No,Yes,NR,NR,NR,Not Reported,60,0.83,0.96,NR,NR,NR,NR,NR
2026-07-27 13:41:10,llm-reviewer,73_White JP et al. - 2026 - Predicting expiration among potential donation after circulatory death donors at 30- and 120-min pos,"Predicting expiration among potential donation after circulatory death donors at 30- and 120-min post extubation.
White, J. P. et al.
J Heart Lung Transplant / 2026",USA,Combined (Heart-Lung),Multi-center,2014,2025,Donors,4464,NR,37,Yes,Retrospective Cohort,Gradient Boosting (XGBoost/LightGBM),"Extreme Gradient Boosting (XGBoost), max variable model",Donor metrics,Other,Internal Split (Train/Test),Simple Imputation (Mean/Median),Not Reported,NR,NR,Other,0.89,NR,NR,NR,Yes,Not Applicable / Not Reported,,"Data were collected from three geographically distinct US organ procurement organizations: HonorBridge, Gift of Life Donor Program, and OneLegacy, covering January 2014 through June 2025. The study was supported by the Sam Malik Foundation. The authors included a conflict-of-interest declaration stating that they had no conflicts of interest.","The overall cohort contained 4,464 potential DCD donors for whom withdrawal of life-sustaining therapy was initiated with intent for organ donation. Median age was 46 years rather than a reported mean, and 37% were female. Race was reported, and clinical history included diabetes, hypertension, cause and mechanism of death, neurologic reflexes, ventilatory variables, hemodynamics, laboratory values, and whether a lung offer had been made.","Separate XGBoost models were developed for 30- and 120-minute expiration using a 14-variable max-sample cohort and a 61-variable max-variable cohort. Each dataset was randomly divided 80:20 into training and held-out test sets. Multivariable logistic regression served as the baseline comparator. Predictors contributing less than 5% of the importance of the highest-ranked variable were removed and the model was rerun. Feature-importance analysis and an interactive probability calculator supported interpretation, but a specific hyperparameter-search procedure was not reported.","Variables were required to have at least 85% completeness. Missing numerical values were imputed using medians and categorical values using the mode. The max-variable model used 2,092 donors and 61 predictors; the exact integer training and test counts resulting from the reported 80:20 random split were not stated. Expiration occurred in 59% and 82% of the max-variable cohort at 30 and 120 minutes, respectively, but no class weighting, resampling, or other explicit class-imbalance method was reported. A web application was provided, but source code or model weights were not reported.","Performance was extracted for the best held-out test model: the 61-variable XGBoost model predicting circulatory death within 120 minutes after extubation. It achieved ROC-AUC 0.89 and PR-AUC 0.97; no 95% confidence interval, accuracy, PPV, sensitivity, specificity, NPV, or F1-score was reported. The corresponding 30-minute max-variable test model achieved ROC-AUC 0.76 and PR-AUC 0.80. Calibration curves and Brier scores were reported in supplementary figures, but decision-curve analysis was not reported.",Unclear,,,High Risk,,,Low Risk,,,High Risk,,,Low Concern,,,Foundation/Non-profit,Yes (Declared COI),Yes,Yes,"Yes (e.g., SHAP, LIME)","Automated (e.g., LASSO, Stepwise)",Not Reported,No,Yes,NR,NR,NR,No,60,NR,NR,NR,NR,NR,NR,NR
2026-07-27 13:41:10,llm-reviewer,74_Yim WY et al. - 2026 - Bridging machine learning and clinical practice a multicentre nomogram for 90-day graft failure ris,"Bridging machine learning and clinical practice: a multicentre nomogram for 90-day graft failure risk stratification in heart transplantation.
Yim, W. Y. et al.
Open Heart / 2026",Multi-national,Heart,National Registry,2008,2024,Transplant Recipients (Post-op),25763,NR,NR,Yes,Retrospective Cohort,Gradient Boosting (XGBoost/LightGBM),XGBoost-derived eight-variable logistic-regression nomogram,Tabular (EMR/Clinical data),"Linear Risk Score (e.g., LAS, EuroSCORE)",External Validation (Geographic/Different Hospital),Complete Case Analysis (Excluded),Not Reported,17640,563,Other,0.671,NR,NR,NR,Yes,Other Registry,,"The primary derivation cohort came from the US UNOS/OPTN registry between 2008 and 2020, and geographic external validation was performed at Wuhan Union Hospital in China. The main Results section reports the WHUH period as 2015–2024, although the abstract reports 2018–2023 and Figure 1 reports 2015–2020; 2024 was retained as the latest explicitly stated year. Funding was provided by the National Natural Science Foundation of China and the Hubei Provincial Natural Science Foundation. The paper states, “Competing interests None declared.”","After inclusion, exclusion, and preprocessing, 25,200 UNOS recipients and 563 WHUH recipients were analysed, for a total of 25,763. Age was reported as median and IQR by outcome or risk group rather than as an overall mean, and an overall female percentage was not explicitly reported. Race mismatch was reported, and the candidate variables included donor and recipient age, sex, BMI, medical history, diagnosis, previous cardiac surgery, HLA mismatch, bilirubin, renal markers, mechanical support, donor medication use, centre volume, and cold ischaemia time.","XGBoost and Random Forest were developed from 32 pretransplant donor-recipient variables and compared with the IMPACT score. Five-fold cross-validation was used for hyperparameter optimisation. Global SHAP importance automatically selected the eight highest-impact predictors: previous cardiac surgery, recipient age, recipient bilirubin, recipient BMI, donor age, donor sex, donor BMI, and cold ischaemia time. These ML-selected variables were translated into an interpretable logistic-regression nomogram and externally validated in China. SHAP summary plots, force plots, clustering, and the nomogram provided global and patient-level interpretability.","Figure 1 lists missing baseline variables among the exclusions, supporting complete-case analysis, although detailed missing-data procedures were deferred to the online supplement. The main article states that missing-data handling and normalisation were performed but does not describe the exact normalisation method. The UNOS cohort was split 70:30, corresponding to 17,640 training and 7,560 internal test recipients; the final nomogram was additionally evaluated in 563 external-validation recipients. Graft failure occurred in 1,444 of 25,200 UNOS recipients, but no class weighting, resampling, or other explicit imbalance method was reported. Source code and trained model weights were not reported.","The target outcome was graft failure within 90 days after heart transplantation; the exact operational definition was deferred to the online supplemental methods and was not stated in the main article. Performance was extracted for the final eight-variable nomogram in the independent WHUH external-validation cohort: AUC 0.671 (95% CI 0.6025–0.7386). Accuracy, PPV, sensitivity, specificity, NPV, and F1-score were not reported. Calibration was assessed and the nomogram had a reported Brier score of 0.0472 in development. DCA in the external cohort showed net benefit over treat-all and treat-none strategies across risk thresholds from 0.0 to 0.4.",High Risk,,,Low Risk,,,Unclear,,,Unclear,,,Low Concern,,,Government/Public,Yes (Declared COI),Yes,Yes,"Yes (e.g., SHAP, LIME)","Automated (e.g., LASSO, Stepwise)",Yes,No,Yes,NR,NR,NR,Yes,60,0.6025,0.7386,NR,NR,NR,NR,NR
2026-07-27 13:41:10,llm-reviewer,75_Zadeh et al. - 2025 - Predictive analytics for de novo malignancies after lung transplantation,"Predictive analytics for de novo malignancies after lung transplantation
Zadeh, A. et al.
Intelligent Decision Technologies / 2025",USA,Lung,National Registry,1984,2021,Transplant Recipients (Post-op),30917,NR,43,Yes,Retrospective Cohort,Gradient Boosting (XGBoost/LightGBM),Gradient Boosting (XGBoost/LightGBM),Tabular (EMR/Clinical data),Other,Internal Split (Train/Test),Other,Not Reported,NR,NR,Other,0.746,69.0,73.1,64.9,Not Reported,Other Registry,,"The study used the Standard Transplant Analysis and Research (STAR) data sources overseen by UNOS/OPTN and containing US transplantation records. The authors state that lung transplant recipient records from 1984 to 2021 were used, although the Methods also describe the STAR source as covering US transplants since 1987. The paper states that the authors received no financial support for the research and declared no potential conflicts of interest.","The investigators identified 66,590 lung transplant records, excluded recipients with a documented pretransplant malignancy, leaving 38,788, and then excluded those lost to follow-up, producing a final cohort of 30,917 recipients. Twenty-five percent developed a post-transplant malignancy. Figure 2 reports 43% female and presents ethnicity and age distributions, but an overall mean age was not reported. The registry variables included demographics, HLA/PRA, serology, donor characteristics, laboratory values, transplantation details, hospital course, rejection, survival, and other complications.","Gradient Boosting was compared with Random Forest, Decision Tree, LARS, Neural Network, logistic regression, rule induction, and SVM. The dataset was divided into 70% training and 30% testing. Medical experts reviewed 544 candidate variables and excluded 173 because of irrelevance, redundancy, excessive missingness above 30%, or excessive correlation. Gradient Boosting variable-importance rankings were used for interpretation. Reported model settings included shrinkage 0.1, 50 iterations, and use of 60% of observations for fitting individual boosted trees.","Variables with more than 30% missing data were removed during expert preprocessing, but the handling of residual missing values was not described; this was therefore classified as Other rather than imputation. Class imbalance was explicitly addressed by oversampling and replicating minority-class observations. Data cleaning, consolidation, variable filtering, and transformation were described, and SAS Enterprise Miner was used. The paper states a 70:30 split but does not report exact integer training and test counts. Source code and trained model weights were not reported.","The target was occurrence of de novo malignant cancer after lung transplantation among recipients with no prior malignancy. In the held-out test set, Gradient Boosting achieved AUC 0.746, accuracy 0.690, sensitivity 0.731, specificity 0.649, and precision 0.676. No AUC confidence interval, NPV, or F1-score was reported. The study did not report formal calibration assessment or decision-curve analysis.",High Risk,,,High Risk,,,High Risk,,,High Risk,,,Low Concern,,,None,Yes (Declared COI),Yes,Yes,"Yes (e.g., SHAP, LIME)",Manual/Clinical expertise,Yes,"Yes (e.g., SMOTE, weighted loss)",Yes,67.6,NR,NR,Not Reported,60,NR,NR,NR,NR,NR,NR,NR
2026-07-27 13:41:10,llm-reviewer,76_Zhou X et al. - 2026 - Predicting heart transplant outcomes using explainable artificial intelligence a multicenter study,"Predicting heart transplant outcomes using explainable artificial intelligence: a multicenter study.
Zhou, X. et al.
Front Cardiovasc Med / 2026",Multi-national,Heart,International Registry,1994,2024,Transplant Recipients (Post-op),85948,NR,NR,Yes,Retrospective Cohort,"Artificial Neural Networks (ANN, MLP, NN)",Generalizable Interpretable Neural Network (GINN),Tabular (EMR/Clinical data),"Linear Risk Score (e.g., LAS, EuroSCORE)",External Validation (Geographic/Different Hospital),Simple Imputation (Mean/Median),Not Reported,45927,15200,1-year survival,0.827,80,80,NR,Yes,Other Registry,,"The primary dataset was the US UNOS registry from 1994–2024. Geographic external validation used Eurotransplant, Scandiatransplant, and a 14-patient Chinese cohort from Jiangxi Provincial People’s Hospital; the abstract reports Scandiatransplant data from 1997–2018, while study periods for Eurotransplant and External-CN were not explicitly stated. The authors declared that no financial support was received and that no commercial or financial conflicts of interest existed.","The analytic cohorts comprised 81,327 eligible UNOS recipients, 3,061 Eurotransplant recipients, 1,546 Scandiatransplant recipients, and 14 External-CN recipients, totalling 85,948. The UNOS cohort was divided into derivation (n=45,927), temporal test (n=20,200), and out-of-time validation (n=15,200) cohorts. Age and female sex were reported separately by UNOS era rather than as pooled overall values. Race and extensive donor-recipient clinical characteristics were reported, including diagnoses, prior surgery and transplantation, mechanical support, dialysis, donor hypertension and diabetes, creatinine, and ischemic time.","GINN used an additive Risk Response Network in which each of nine structured clinical variables was processed by a separate lightweight MLP and combined into a mortality-risk logit. The nine inputs were specified a priori from clinical relevance and established heart-transplant risk models; an embedded Lasso-style regularizer promoted sparsity but was not used as preliminary feature screening. Comparators included IMPACT, IHTSA, recalibrated IHTSA, and EBM. Interpretability was intrinsic through feature-specific partial-response curves and additive patient-level risk contributions. Temporal UNOS evaluation and geographic validation in Eurotransplant, Scandiatransplant, and External-CN were performed, but no explicit hyperparameter-search or tuning procedure was reported.","Continuous variables were median-imputed, categorical variables were mode-imputed, and numerical variables were standardized using z-score normalization. Variable coding was harmonized across centers, and SMOTE was applied to the minority mortality class in the training set. The derivation cohort contained 45,927 recipients, an intermediate temporal test cohort contained 20,200, and the primary out-of-time validation cohort contained 15,200. The pipeline was implemented in Python/PyTorch using a fixed random seed. Data access procedures were described, but source code and trained model weights were not reported.","Performance was extracted for GINN in the 15,200-recipient out-of-time UNOS validation cohort: AUROC 0.827 (95% CI 0.821–0.833), accuracy 0.80, reported precision 0.82, recall 0.80, and F1-score 0.81. Specificity and NPV were not explicitly reported. Calibration was assessed using calibration plots, slope, calibration-in-the-large, Brier score, and expected-to-observed ratio; Table 4 reports slope 1.02, CITL 0.02, Brier score 0.115, and E/O 1.01. DCA was not reported. The reported precision of 0.82 is not reconcilable with the death-class PPV implied by the displayed confusion matrix, and external-cohort AUROCs differ between the narrative/Figure 6 and Table 4.",Unclear,,,Low Risk,,,Low Risk,,,High Risk,,,Low Concern,,,None,Yes (Declared COI),Yes,Yes,"Yes (e.g., SHAP, LIME)",Manual/Clinical expertise,Not Reported,"Yes (e.g., SMOTE, weighted loss)",Yes,82,NR,0.81,No,60,0.821,0.833,NR,NR,NR,NR,NR
2026-07-27 13:41:10,llm-reviewer,77_Zhu Y et al. - 2026 - Construction and validation of a machine learning-based prediction model for venous thromboembolism,"Construction and validation of a machine learning-based prediction model for venous thromboembolism in lung transplant recipients supported by ECMO.
Zhu, Y. et al.
Front Med (Lausanne) / 2026",Asia,Lung,Single Center,2023,2024,Transplant Recipients (Post-op),189,NR,19.58,Yes,Retrospective Cohort,Random Forest,Random Forest,Tabular (EMR/Clinical data),"Linear Risk Score (e.g., LAS, EuroSCORE)",External Validation (Temporal),Complete Case Analysis (Excluded),Not Reported,NR,NR,Adverse Events/Complications,0.895,89.7,89.7,89.5,Yes,Not Applicable / Not Reported,,"The study used electronic medical records from the Second Affiliated Hospital of Zhejiang University School of Medicine, China. The internal cohort covered May 2023–May 2024 and the temporal validation cohort covered June–November 2024. Funding was provided by the Health Commission of Zhejiang Province, China (No. 2025KY865). The authors declared no commercial or financial conflicts of interest.","The cohort included 189 elective lung transplant recipients receiving postoperative ECMO, comprising 117 patients with postoperative DVT and 72 without DVT. Age was reported only in categories of ≤60 and >60 years, so an overall mean was unavailable. There were 37 women (19.58%). Clinical variables included diagnosis, hypertension, diabetes, prior tumour, coronary disease, prior thrombosis, respiratory support, BMI, anticoagulant use, laboratory values, respiratory failure, and pulmonary-function measures.","Random Forest was compared with logistic regression, SVM, KNN, XGBoost, and AdaBoost, as well as the clinical Caprini risk score. Recursive Feature Elimination reduced 22 candidate variables to six predictors: anticoagulant therapy, BMI, history of thrombosis, procalcitonin, concomitant respiratory failure, and white-blood-cell count. Grid search with five-fold cross-validation selected hyperparameters using mean cross-validated AUC. SHAP summary, importance, and patient-level waterfall plots were used for interpretation. The validation cohort came from a later period at the same institution and was therefore classified as external temporal validation.","Patients with incomplete case data were excluded, variables with more than 10% missingness were removed, and the remaining variables contained no missing values; no imputation was performed. Categorical variables were one-hot encoded. SMOTE oversampling was applied to the minority class in the training dataset. The article and Figure 1 refer to a 70:30 training-validation division, while the Methods describe calendar-based internal and temporal cohorts; exact integer split counts were not reported. Source code and trained model weights were not reported.","The target outcome was postoperative venous thrombosis, operationally assessed as lower-extremity DVT using serial colour Doppler ultrasonography. In the temporal validation set, the Random Forest model achieved AUC 0.895 (95% CI 0.788–1.000), accuracy 0.897, sensitivity 0.897, specificity 0.895, PPV 0.946, NPV 0.810, and F1-score 0.921. The abstract writes “PPV 0.946%,” but Table 3 reports 0.946, corresponding to 94.6%. Calibration curves were presented, and DCA indicated net clinical benefit over relevant threshold probabilities.",High Risk,,,High Risk,,,Unclear,,,High Risk,,,Low Concern,,,Government/Public,Yes (Declared COI),No,Yes,"Yes (e.g., SHAP, LIME)","Automated (e.g., LASSO, Stepwise)",Yes,"Yes (e.g., SMOTE, weighted loss)",Yes,94.6,81.0,0.921,Yes,60,0.788,1.000,NR,NR,NR,NR,NR
